{"duration": 0.4437596797943115, "input_args": {"smiles": "'CC1=CN2C(=O)C=C(N=C2C(=C1)C(C)NC3=CC=CC=C3C(=O)O)N4CCOCC4'"}, "time": 1743972323.800374}