{"duration": 0.4083750247955322, "input_args": {"smiles": "'CN\\\\C(NCCSCc1nc[nH]c1C)=N/C#N'"}, "time": 1746309961.936203}