{"duration": 0.4271669387817383, "input_args": {"smiles": "'CN1C=C(C2=CC=CC=C21)C3=C(C(=O)NC3=O)C4=CSC=C4'"}, "time": 1746315815.7054138}