{"duration": 0.35858702659606934, "input_args": {"smiles": "'NC(=S)N\\\\N=C\\\\c1ncccc1O'"}, "time": 1746315257.6021068}