{"duration": 0.43482494354248047, "input_args": {"smiles": "'CC(CN1CC(=O)NC(=O)C1)N2CC(=O)NC(=O)C2'"}, "time": 1746310055.744106}