{"duration": 0.39476585388183594, "input_args": {"smiles": "'COC1=C(C=C2C(=C1)N=CN2C3=CC(=C(S3)C#N)OCC4=CC=CC=C4S(=O)(=O)C)OC'"}, "time": 1743973417.65871}