{"duration": 0.41298604011535645, "input_args": {"smiles": "'CC(C)(C)S(=O)N1CC2=CC(=NC(=C2C1CCO)C3=CC=CC(=C3)C4=CC=CC=C4OC)C(=O)NCC5=CC=NC=C5'"}, "time": 1743972737.605483}