{"duration": 0.46320486068725586, "input_args": {"smiles": "'C1C(O1)CN2C(=O)N(C(=O)N(C2=O)CC3CO3)CC4CO4'"}, "time": 1746395353.978305}