{"duration": 0.3506178855895996, "input_args": {"smiles": "'C1CC(=O)NC(=O)C1NC(=O)N(CCCl)N=O'"}, "time": 1746315596.9631941}