{"duration": 0.4087209701538086, "input_args": {"smiles": "'CC[C@@]1(O)C(=O)OCC2=C1C=C3N(Cc4cc5ccccc5nc34)C2=O'"}, "time": 1746315081.505544}