{"duration": 0.35732078552246094, "input_args": {"smiles": "'CC(C)(C)OC(=O)NC1=CC=C(C=C1)C2=CC(=NO2)C(=O)NCCCCCCC(=O)NO'"}, "time": 1743973396.241907}