{"duration": 0.40627288818359375, "input_args": {"smiles": "'CCN1C2=C(C(=NC=C2OCC3CCCNC3)C#CC(C)(C)O)N=C1C4=NON=C4N'"}, "time": 1746308300.16095}