{"duration": 0.4585599899291992, "input_args": {"smiles": "'COc1ccc2n(C(=O)c3cccc(Cl)c3Cl)c(C)c(CCN3CCOCC3)c2c1'"}, "time": 1746388614.2895832}