{"duration": 0.4012629985809326, "input_args": {"smiles": "'COC1=C(C=C(C=C1)CS(=O)(=O)C=CC2=C(C=C(C=C2OC)OC)OC)NCC(=O)[O-]'"}, "time": 1743973896.0732071}