{"duration": 0.5111329555511475, "input_args": {"smiles": "'O=C(NCCN1CCC2(CC1)N(CNC2=O)c1ccccc1)c1ccc2ccccc2c1'"}, "time": 1746395091.005813}