{"duration": 0.4708588123321533, "input_args": {"smiles": "'C1=CN2C3C(C(C(O3)CO)O)OC2=NC1=N.Cl'"}, "time": 1746395332.1116421}