{"duration": 0.4019160270690918, "input_args": {"smiles": "'CCCCCCCCc1ccc(cc1)-c1ccc(cc1)C(O)=O'"}, "time": 1746388546.2015638}