{"duration": 0.3646221160888672, "input_args": {"smiles": "'COC1=CC(=CC(=C1)C#CC2=NN(C3=NC=NC(=C23)N)C4CCN(C4)C(=O)C=C)OC'"}, "time": 1746310327.669894}