{"duration": 0.4292750358581543, "input_args": {"smiles": "'ONC(=O)CCCCCCC(=O)Nc1ccccc1'"}, "time": 1746395290.5940921}