{"duration": 0.43654584884643555, "input_args": {"smiles": "'CC(C=C(C)C=CC(=O)NO)C(=O)C1=CC=C(C=C1)N(C)C'"}, "time": 1746308363.5732312}