{"duration": 0.49910402297973633, "input_args": {"smiles": "'CC1=CCCC(C2CC(CCC3(C(O3)CC1)C)C(=C)C(=O)O2)(C)O'"}, "time": 1746388536.678265}