{"duration": 0.39124107360839844, "input_args": {"smiles": "'Cc1ccc(cc1)-n1nc(cc1NC(=O)Nc1ccc(OCCN2CCOCC2)c2ccccc12)C(C)(C)C'"}, "time": 1746309838.94271}