{"duration": 0.37090587615966797, "input_args": {"smiles": "'C1C2=CC=CC=C2CN1CC3=NC4=NNC(=O)C5=C4C(=CC=C5)N3'"}, "time": 1746310288.071141}