{"duration": 0.43213796615600586, "input_args": {"smiles": "'CNC(=O)C1=CC=CC=C1NC2=CC(=NC=C2C(F)(F)F)NC3=C(C=C(C=C3)N4CCOCC4)OC'"}, "time": 1746315904.46063}