{"duration": 0.36426401138305664, "input_args": {"smiles": "'NC1=NC(=O)N(C=C1)C2OC(CO)C(O)C2O'"}, "time": 1746315074.9741068}