{"duration": 0.453369140625, "input_args": {"smiles": "'CC(C)(C)CN1CCN2C3=C(C(=NC=C3)N)N=C2S1'"}, "time": 1746310187.837069}