{"duration": 0.4917409420013428, "input_args": {"smiles": "'CC(C)(C#N)C1=CC=C(C=C1)N2C3=C4C=C(C=CC4=NC=C3N(C2=O)C)C5=CC6=CC=CC=C6N=C5'"}, "time": 1746394870.002178}