{"duration": 0.5450038909912109, "input_args": {"smiles": "'COc1cc2c(Oc3ccc4[nH]c(C)cc4c3F)ncnc2cc1OCCCN1CCCC1'"}, "time": 1746395206.629737}