{"duration": 0.3519282341003418, "input_args": {"smiles": "'C=C(CN1CCC2=CC=CC=C2C1)C3=CC=C(C=C3)C(=O)NC4=NC=CN=C4'"}, "time": 1746315708.512636}