{"duration": 0.37207984924316406, "input_args": {"smiles": "'O=C(NCCCCC1CCN(CC1)C(=O)c1ccccc1)\\\\C=C\\\\c1cccnc1'"}, "time": 1746388688.993471}