{"duration": 0.3483409881591797, "input_args": {"smiles": "'C1CN1C2=NC(=NC(=N2)N3CC3)N4CC4'"}, "time": 1746310025.237946}