{"duration": 0.46016597747802734, "input_args": {"smiles": "'CC1=C(C2=C(C3(CC3)C(C(=O)C2=C1)(C)O)C)CO'"}, "time": 1746315686.126712}