{"duration": 0.49471282958984375, "input_args": {"smiles": "'Nc1ccc(cc1NC(=O)c1ccc(cc1)C(=O)NCCc1ccncc1)-c1cccs1'"}, "time": 1746308440.342125}