{"duration": 0.3913760185241699, "input_args": {"smiles": "'C(=O)(N)NO'"}, "time": 1746310028.793809}