{"duration": 0.39345502853393555, "input_args": {"smiles": "'CNC(=O)C1=CC=CC=C1NC2=NC(=NC=C2Cl)NC3=C(C=C(C=C3)N4CCOCC4)OC'"}, "time": 1746315913.495219}