{"duration": 0.41642189025878906, "input_args": {"smiles": "'CCC1C(=O)N(C2=CN=C(N=C2N1C3CCCC3)NC4=C(C=C(C=C4)C(=O)NC5CCN(CC5)C)OC)C'"}, "time": 1746388403.852182}