{"duration": 0.39725208282470703, "input_args": {"smiles": "'CC(C)CNc1ccnc(NCc2csc(n2)-c2ccccc2)n1'"}, "time": 1746388620.2248058}