{"duration": 0.45035886764526367, "input_args": {"smiles": "'C(C(C1C(=C(C(=O)O1)O)O)O)O'"}, "time": 1743972594.240065}