{"duration": 0.3668022155761719, "input_args": {"smiles": "'CS(=O)(=O)N1CCN(CC1)CC2=CC3=C(S2)C(=NC(=N3)C4=C5C=NNC5=CC=C4)N6CCOCC6'"}, "time": 1746309760.01727}