{"duration": 0.38912224769592285, "input_args": {"smiles": "'CC1=CC(=NN1)NC2=CC(=NC(=N2)C#CC3=CC=CC=C3)N4CCN(CC4)C'"}, "time": 1746315761.1544452}