{"duration": 0.40630197525024414, "input_args": {"smiles": "'COC1=C(C=CC2=C3NCCN3C(=NC(=O)C4=CN=C(N=C4)N)N=C21)OCCCN5CCOCC5'"}, "time": 1746310181.383103}