{"duration": 0.520658016204834, "input_args": {"smiles": "'CN1C(=S)NC(Cc2c[nH]c3ccccc23)C1=O'"}, "time": 1746395246.758614}