{"duration": 0.5340988636016846, "input_args": {"smiles": "'COCCOC1=C(C=C2C(=C1)C(=NC=N2)NC3=CC=CC(=C3)C#C)OCCOC'"}, "time": 1746394877.132923}