{"duration": 0.3621339797973633, "input_args": {"smiles": "'CCN(CC)C1=C(C=C(C=C1)C2=NNC(=O)CC2C)[N+](=O)[O-]'"}, "time": 1743972668.1148832}