{"duration": 0.38151025772094727, "input_args": {"smiles": "'CN1C=C(C2=CC=CC=C21)C3=C(C(=O)NC3=O)C4=CN(C5=CC=CC=C54)C'"}, "time": 1746310209.979815}