{"duration": 0.4008829593658447, "input_args": {"smiles": "'CCC1(C2=C(COC1=O)C(=O)N3CC4=CC5=C(C=CC=C5OC)N=C4C3=C2)O'"}, "time": 1743973805.553026}