{"duration": 0.5943748950958252, "input_args": {"smiles": "'CNC[C@@H]1Oc2ccc(NC(=O)C3CCCCC3)cc2C(=O)N(C[C@@H]1C)[C@@H](C)CO'"}, "time": 1746395061.407819}