{"duration": 0.37214016914367676, "input_args": {"smiles": "'CS(=O)(=O)OCCCNCCCOS(=O)(=O)C.Cl'"}, "time": 1746310041.016524}