{"duration": 0.534149169921875, "input_args": {"smiles": "'CC1(O)CC(C1)c2nc(c3ccc4ccc(nc4c3)c5ccccc5)c6c(N)nccn26'"}, "time": 1746395238.661739}