{"duration": 0.33135271072387695, "input_args": {"smiles": "'CC1=C2C=CN=CC2=C(C3=C1NC4=CC=CC=C43)C'"}, "time": 1743973786.079581}