{"duration": 0.40798425674438477, "input_args": {"smiles": "'C1=CC(=CC=C1C2=CSC(=N2)NC3=CC=C(C=C3)O)Cl'"}, "time": 1743972702.070784}