{"duration": 0.40009284019470215, "input_args": {"smiles": "'CNC[C@@H]1Oc2ccc(NS(C)(=O)=O)cc2CC(=O)N(C[C@@H]1C)[C@H](C)CO'"}, "time": 1746388574.150235}