{"duration": 0.47963905334472656, "input_args": {"smiles": "'CN1C=CC(=N1)S(=O)(=O)N2CCCC(C2)NC3=NC=CC(=N3)C4=C(N=C5N4C=CO5)C6=CC(=CC=C6)O'"}, "time": 1746395523.094698}