{"duration": 0.4300370216369629, "input_args": {"smiles": "'CC1COCCN1C2=NC(=NC(=C2)C3(CC3)S(=O)(=O)C)C4=C5C=CNC5=CC=C4'"}, "time": 1746388391.368895}