{"duration": 0.41243696212768555, "input_args": {"smiles": "'Nc1ccc(cc1NC(=O)C1=CCCC1)-c1cccs1'"}, "time": 1746308441.97004}