{"duration": 0.5365309715270996, "input_args": {"smiles": "'COC1=C(C=C2C(=C1)N=CN2C3=CC(=C(S3)C(=O)N)OCC4=CC=CC=C4C(F)(F)F)OC'"}, "time": 1746394886.602805}