{"duration": 0.4997742176055908, "input_args": {"smiles": "'CCC(C)SSc1ncc[nH]1'"}, "time": 1746388650.732417}