{"duration": 0.41870784759521484, "input_args": {"smiles": "'Cc1ccc(cc1)C(=O)NCCCCCC(=O)Nc1ccc(F)cc1N'"}, "time": 1746309931.440771}