{"duration": 0.3819718360900879, "input_args": {"smiles": "'CCCCCCN(CCCCCC)C(=O)Cc1c([nH]c2ccccc12)-c1ccc(F)cc1'"}, "time": 1746388608.386831}