{"duration": 0.4668009281158447, "input_args": {"smiles": "'C1CC(=O)NC(=O)C1N2CC3=C(C2=O)C=CC=C3N'"}, "time": 1746308313.364888}