{"duration": 0.39595890045166016, "input_args": {"smiles": "'CCc1nc(N)nc(N)c1c2ccc(Cl)cc2'"}, "time": 1746315239.104908}