{"duration": 0.47609782218933105, "input_args": {"smiles": "'CCC1(C2=C(COC1=O)C(=O)N3CC4=CC5=CC=CC=C5N=C4C3=C2)N'"}, "time": 1743973846.101109}