{"duration": 0.4365060329437256, "input_args": {"smiles": "'NC(=S)N\\\\N=C\\\\c1ccc(O)cn1'"}, "time": 1746315086.5610082}