{"duration": 0.3929171562194824, "input_args": {"smiles": "'CC(CS(=O)(=O)C1=CC=C(C=C1)F)(C(=O)NC2=CC(=C(C=C2)C#N)C(F)(F)F)O'"}, "time": 1743972326.047675}