{"duration": 0.5459520816802979, "input_args": {"smiles": "'CC(C1=CC=CC=C1C(F)(F)F)OC2=C(SC(=C2)N3C=NC4=C3C=C(C=C4)CN5CCN(CC5)C)C(=O)N'"}, "time": 1746395466.4001348}