{"duration": 0.4135870933532715, "input_args": {"smiles": "'CC1CC(CC(O1)OC2CC(CC3=C2C(=C4C(=C3O)C(=O)C5=C(C4=O)C(=CC=C5)OC)O)(C(=O)CO)O)N.Cl'"}, "time": 1743973813.141609}