{"duration": 0.40488195419311523, "input_args": {"smiles": "'COC1=CC=CC2=C1NC(=C2)C3=C4C(=NC=NN4C(=N3)C5CCC(CC5)C(=O)[O-])N'"}, "time": 1743973916.7618072}