{"duration": 0.39208221435546875, "input_args": {"smiles": "'C1CC(NC1)C2=NC3=C(C(=O)N2)OC4=C3C=C(C=C4)Cl'"}, "time": 1746315880.513974}