{"duration": 0.38916993141174316, "input_args": {"smiles": "'C1=CC(=CC(=C1)N2C(=O)C=CC3=CN=C4C=CC(=CC4=C32)C5=CN=C(C=C5)N)C(F)(F)F'"}, "time": 1746308361.883381}