{"duration": 0.33701586723327637, "input_args": {"smiles": "'B(C(CC(C)C)NC(=O)C(CC1=CC=CC=C1)NC(=O)C2=NC=CN=C2)(O)O'"}, "time": 1743973393.8675652}