{"duration": 0.3757150173187256, "input_args": {"smiles": "'CC(C)OC(=O)C1=CN(CC(C)(C)c2c1[nH]c1ccccc21)C(=O)c1ccc(F)c(F)c1'"}, "time": 1746309946.034394}