{"duration": 0.35832691192626953, "input_args": {"smiles": "'CCCCCCCCCCCCCCCCCCOCC(COP(=O)(O)OC1C(CC(C(C1O)O)O)O)OC'"}, "time": 1743973871.79381}