{"duration": 0.3706047534942627, "input_args": {"smiles": "'CC1=CC2C(CCC3(C2CCC3(C(=O)C)OC(=O)C)C)C4(C1=CC(=O)CC4)C'"}, "time": 1746310034.66369}