{"duration": 0.5491821765899658, "input_args": {"smiles": "'CC1=C2C=C(C=CC2=NN1)C3=CC(=CN=C3)OCC(CC4=CNC5=CC=CC=C54)N'"}, "time": 1746394821.844351}