{"duration": 0.3702220916748047, "input_args": {"smiles": "'C1C2CC3CC1CC(C2)(C3)C4=C(C=CC(=C4)C5=CC6=C(C=C5)C=C(C=C6)C(=O)O)O'"}, "time": 1743972710.465861}