{"duration": 0.3739759922027588, "input_args": {"smiles": "'C1=CC(=CC=C1C2=NC(=C(N2)C3=CC=NC=C3)C4=CC=C(C=C4)F)O'"}, "time": 1746315920.849068}