{"duration": 0.36209988594055176, "input_args": {"smiles": "'CC(C)CC(=O)Nc1n[nH]c2c1CN(C(=O)C1CCN(C)CC1)C2(C)C'"}, "time": 1746309923.637663}