{"duration": 0.562413215637207, "input_args": {"smiles": "'ONC(=O)\\\\C=C\\\\c1ccc(cc1)C(=O)N\\\\N=C\\\\c1ccc(O)c(O)c1O'"}, "time": 1746395256.121234}