{"duration": 0.36166906356811523, "input_args": {"smiles": "'CN(C1=C(C=CC=N1)CNC2=NC(=NC=C2C(F)(F)F)NC3=CC4=C(C=C3)NC(=O)C4)S(=O)(=O)C'"}, "time": 1746315728.947314}