{"duration": 0.3655259609222412, "input_args": {"smiles": "'C[C@@H](NC(=O)c1ncnc(N)c1Cl)c1ncc(s1)C(=O)Nc1cc(c(Cl)cn1)C(F)(F)F'"}, "time": 1746309911.4587579}