{"duration": 0.40267181396484375, "input_args": {"smiles": "'CC1=C(C=C(C=N1)CCCN(C)C)NC2=NC=C3CC(=S)NC4=C(C3=N2)C=CC(=C4)C(F)(F)F'"}, "time": 1746315860.794163}