{"duration": 0.38031005859375, "input_args": {"smiles": "'Cc1c2ccncc2c(C)c3c4ccccc4[nH]c13'"}, "time": 1746315077.03701}