{"duration": 0.4122917652130127, "input_args": {"smiles": "'CCCCCCCCCCCCCCCCCCOP(=O)([O-])OC1CC[N+](CC1)(C)C'"}, "time": 1746315670.1486652}