{"duration": 0.43212127685546875, "input_args": {"smiles": "'CC1=CCCC2(C(O2)C3C(CC1)C(C(=O)O3)CN(C)C)C.C(=CC(=O)O)C(=O)O'"}, "time": 1743973881.434557}