{"duration": 0.5265369415283203, "input_args": {"smiles": "'COC1=CC(=N\\\\C\\\\1=C/c1[nH]c(C)cc1C)c1cc2ccccc2[nH]1'"}, "time": 1746388714.436026}