{"duration": 0.4224669933319092, "input_args": {"smiles": "'COc1cc(\\\\C=C\\\\C(=O)CC(=O)\\\\C=C\\\\c2ccc(O)c(OC)c2)ccc1O'"}, "time": 1746314776.084779}