{"duration": 0.38231897354125977, "input_args": {"smiles": "'CC(CN1CC(=O)NC(=O)C1)N2CC(=O)NC(=O)C2'"}, "time": 1746315616.073266}