{"duration": 0.5862908363342285, "input_args": {"smiles": "'C1=CN(C(=O)N=C1N)C2C(C(C(O2)CO)O)O'"}, "time": 1746394868.497195}