{"duration": 0.41019606590270996, "input_args": {"smiles": "'CCC1=CC(=C(C=C1O)O)C2=NNC(=C2C3=CC4=C(C=C3)OCCO4)C'"}, "time": 1743972433.171262}