{"duration": 0.36956095695495605, "input_args": {"smiles": "'OC(=O)CC[C@H]1CC[C@@](CC1)(c1cc(F)ccc1F)S(=O)(=O)c1ccc(Cl)cc1'"}, "time": 1746388627.897595}