{"duration": 0.4561469554901123, "input_args": {"smiles": "'Fc1ccc(Nc2ncnc3cc(OCCCN4CCOCC4)c(NC(=O)C=C)cc23)cc1Cl'"}, "time": 1746395205.57665}