{"duration": 0.35863709449768066, "input_args": {"smiles": "'C1=CC2=NC=CN=C2C=C1C=C3C(=O)NC(=O)S3'"}, "time": 1743972368.702417}