{"duration": 0.36186695098876953, "input_args": {"smiles": "'C1CCC2(CC1)C(=O)N(C(=O)N2)CCN(CCCl)CCCl'"}, "time": 1746315616.4393659}