{"duration": 0.45737695693969727, "input_args": {"smiles": "'CC(C)S(=O)(=O)C1=CC=CC=C1NC2=NC(=NC=C2Cl)NC3=C(C=C(C=C3)N4CCC(CC4)N5CCN(CC5)C)OC'"}, "time": 1746309748.791772}