{"duration": 0.43266797065734863, "input_args": {"smiles": "'C=CC(=O)N1CCN(CC1)C(=O)CNC2=CC(=C(C=C2O)Cl)I'"}, "time": 1746308391.7981608}