{"duration": 0.5594229698181152, "input_args": {"smiles": "'CC1=NC2=C(N=C(N=C2N1C(C)C)N3CCOCC3)C4=CN=C(N=C4)N'"}, "time": 1746395620.757641}