{"duration": 0.493056058883667, "input_args": {"smiles": "'Cc1ccc(cc1)C(=O)NCCCCCC(=O)Nc1ccc(F)cc1N'"}, "time": 1746388654.838855}