{"duration": 0.5347068309783936, "input_args": {"smiles": "'CC1=C2C(=NN1)NC3=C(C=C(C=C3)NC(=O)C)C(=N2)C4=CC=CC=C4Cl'"}, "time": 1746395558.690088}