{"duration": 0.3202359676361084, "input_args": {"smiles": "'CN1C=C(C2=CC=CC=C21)C3=C(C(=O)NC3=O)C4=CN(C5=C4C=CC(=C5)C(=O)N)C'"}, "time": 1743973968.636136}