{"duration": 0.38172197341918945, "input_args": {"smiles": "'CN1C=C(C=N1)C2=NN3C(=NN=C3C(C4=CC5=C(C=C4)N=CC=C5)(F)F)C=C2'"}, "time": 1746309728.727085}