{"duration": 0.5377011299133301, "input_args": {"smiles": "'COC1=CC=C(C=C1)CN2C=CC3=C2C=C(C=C3)C(=O)NO'"}, "time": 1746388533.597534}