{"duration": 0.3386502265930176, "input_args": {"smiles": "'CN1CCC(CC1)OC2=CC(=C(C=C2)NC3=NC=C4C(=N3)N(C(=O)N4C)C5CCCC5)OC'"}, "time": 1743973540.004467}