{"duration": 0.47008204460144043, "input_args": {"smiles": "'CC1=CC(=C(C=C1C2=C(N=C3C(=C2)C=NC(=N3)NC)C)NC(=O)NCCC(C)(C)C)F'"}, "time": 1746315899.2140439}