{"duration": 0.38703107833862305, "input_args": {"smiles": "'CN(C(=O)NC(C=O)C(C(C(CO)O)O)O)N=O'"}, "time": 1743973788.340343}