{"duration": 0.359940767288208, "input_args": {"smiles": "'C1=CC(=CC(=C1)N)C2=CC3=C(N2)N=CN=C3OC4=CC=CC(=C4)O'"}, "time": 1743972395.849186}