{"duration": 0.5640499591827393, "input_args": {"smiles": "'C1CC(=O)NC(=O)C1N2CC3=C(C2=O)C=CC=C3N'"}, "time": 1746394906.384856}