{"duration": 0.5638129711151123, "input_args": {"smiles": "'C1=CC=C2C(=C1)C(=CC(=C2O)SCC(=O)O)NS(=O)(=O)C3=CC=C(C=C3)Br'"}, "time": 1746388539.027342}