{"duration": 0.3785998821258545, "input_args": {"smiles": "'CC1CCC(CC1)NC(=O)N(CCCl)N=O'"}, "time": 1746310039.36605}