{"duration": 0.3834998607635498, "input_args": {"smiles": "'CC1=C(C(=CC=C1)Cl)NC(=O)C2=CN=C(S2)NC3=CC(=NC(=N3)C)N4CCN(CC4)CCO'"}, "time": 1746315704.039246}