{"duration": 0.3654978275299072, "input_args": {"smiles": "'COC(=O)CNC(=O)C(=O)OC'"}, "time": 1743973405.336807}