{"duration": 0.5095298290252686, "input_args": {"smiles": "'COCCn1c2c(C(=O)c3ccccc3C2=O)[n+](Cc2cnccn2)c1C'"}, "time": 1746395190.137516}