{"duration": 0.7953920364379883, "input_args": {"smiles": "'CC1=CC2C(CCC3(C2CCC3(C(=O)C)OC(=O)C)C)C4(C1=CC(=O)CC4)C'"}, "time": 1746315590.222317}