{"duration": 0.4843630790710449, "input_args": {"smiles": "'CC1=CC=CC=C1C(C(=O)NC2CCCCC2)N(C3=CC(=CC=C3)F)C(=O)CN4C=CN=C4C'"}, "time": 1746394986.208472}