{"duration": 0.4971189498901367, "input_args": {"smiles": "'B(C(CC(C)C)NC(=O)C(C(C)O)NC(=O)C1=CC=CC(=N1)C2=CC=CC=C2)(O)O'"}, "time": 1746395519.018406}