{"duration": 0.503673791885376, "input_args": {"smiles": "'CC1=C(NC(=C1C(=O)N2CCCC2CN3CCCC3)C)C=C4C5=C(C=CC(=C5)S(=O)(=O)CC6=C(C=CC=C6Cl)Cl)NC4=O'"}, "time": 1743973448.386493}