{"duration": 0.38080477714538574, "input_args": {"smiles": "'C\\\\C(=C/C(=O)Nc1ccccc1C(O)=O)c1ccc2ccccc2c1'"}, "time": 1746388553.4642072}