{"duration": 0.4956791400909424, "input_args": {"smiles": "'CC(C)(C)c1cc(cc(c1)C(C)(C)C)C(=O)\\\\C=C\\\\c1ccc(cc1)C(O)=O'"}, "time": 1746395100.132007}