{"duration": 0.4051530361175537, "input_args": {"smiles": "'CC1(CC(C1)C2=NC(=C3N2C=CN=C3N)C4=CC5=C(C=C4)C=CC(=N5)C6=CC=CC=C6)O'"}, "time": 1743973434.250655}