{"duration": 0.3609120845794678, "input_args": {"smiles": "'C[C@]12CC[C@H]3[C@@H](CCC4=CC(=O)C=C[C@]34C)[C@@H]1CCC(=O)O2'"}, "time": 1746315242.601721}