{"duration": 0.37956690788269043, "input_args": {"smiles": "'CCn1c2nc(\\\\C=C\\\\c3ccc(OC)c(OC)c3)n(C)c2c(=O)n(CC)c1=O'"}, "time": 1746309978.49374}