{"duration": 0.39166903495788574, "input_args": {"smiles": "'COCCOC1=C(C=C2C(=C1)C(=NC=N2)NC3=CC=CC(=C3)C#C)OCCOC'"}, "time": 1743972334.193295}