{"duration": 0.41090989112854004, "input_args": {"smiles": "'C1C(ON=C1Cl)C(C(=O)O)N'"}, "time": 1743973802.390635}