{"duration": 0.351715087890625, "input_args": {"smiles": "'CCOc1ccccc1C1CC(=O)Nc2cc3OCOc3cc12'"}, "time": 1746309885.516429}