{"duration": 0.5060751438140869, "input_args": {"smiles": "'CC(C)OC(=O)C1=CN(CC(C)(C)c2c1[nH]c1ccccc21)C(=O)c1ccc(F)c(F)c1'"}, "time": 1746395186.8492868}