{"duration": 0.4313499927520752, "input_args": {"smiles": "'C1=CC2=C(C=CC(=C2)C=C3C(=O)NC(=O)S3)N=C1'"}, "time": 1746310253.4830878}