{"duration": 0.356050968170166, "input_args": {"smiles": "'CC1=C(C(N2C(=O)C(=CC3=CN(C4=CC=CC=C43)CC5=CC=CC=C5)SC2=N1)C6=CC=C(C=C6)OC)C(=O)NC7=CC=CC=C7'"}, "time": 1743973541.051903}