{"duration": 0.4885880947113037, "input_args": {"smiles": "'C1=CC(=CC=C1C2=NC3=C(N2)C=C(C=C3)C(=O)N)OC4=CC=C(C=C4)Cl'"}, "time": 1746395456.257948}