{"duration": 0.38816308975219727, "input_args": {"smiles": "'CN1C=C(C2=CC=CC=C21)C3=C(C(=O)NC3=O)C4=CC(=CC=C4)[N+](=O)[O-]'"}, "time": 1743973949.100669}