{"duration": 0.3675358295440674, "input_args": {"smiles": "'C1CN(CC1O)C2=C(C=C(C=N2)C(=O)NC3=CC=C(C=C3)OC(F)(F)Cl)C4=CC=NN4'"}, "time": 1743974032.989148}