{"duration": 0.4810512065887451, "input_args": {"smiles": "'CC1=C2C(=NN1)NC3=C(C=C(C=C3)NC(=O)C)C(=N2)C4=CC=CC=C4Cl'"}, "time": 1746310229.816839}