{"duration": 0.3854410648345947, "input_args": {"smiles": "'CN1CCCCC1NC(=O)[C@H](CCCCCC(C)=O)C(=O)Nc1nc(cs1)-c1ccccc1'"}, "time": 1746308422.951388}