{"duration": 0.3375077247619629, "input_args": {"smiles": "'CN1C(=O)N2C=NC(=C2N=N1)C(=O)N'"}, "time": 1746308358.885761}