{"duration": 0.41303491592407227, "input_args": {"smiles": "'CC1=CC(=NO1)NC(=O)NC2=C(C=C(C=C2)OC3=C4C=C(C(=CC4=NC=C3)OC)OC)Cl'"}, "time": 1746388496.2292302}