{"duration": 0.4019322395324707, "input_args": {"smiles": "'CCC1(C2=C(COC1=O)C(=O)N3CC4=C(C3=C2)N=C5C=C(C=CC5=C4)CO)O'"}, "time": 1746310090.765928}