{"duration": 0.41753602027893066, "input_args": {"smiles": "'CC1CN(C(=O)C2=C(N=CC(=C2)C#CC3(CCCC3)O)OC1CN(C)C(=O)C4CCOCC4)C(C)CO'"}, "time": 1743973549.963903}