{"duration": 0.368927001953125, "input_args": {"smiles": "'CC1=C2C(=NC=NN2C=C1NC(=O)OCC3COCCN3)NC4=CC5=C(C=C4)N(N=C5)CC6=CC(=CC=C6)F'"}, "time": 1746310197.401046}