{"duration": 0.5089962482452393, "input_args": {"smiles": "'CCN(CC)CCCC(C)Nc1c2ccc(Cl)cc2nc3ccc(OC)cc13'"}, "time": 1746315066.698997}