{"duration": 0.4319570064544678, "input_args": {"smiles": "'CN1C=C(C2=CC=CC=C21)C3=C(C(=O)NC3=O)C4=CNC5=CC=CC=C54'"}, "time": 1743973954.3328278}