{"duration": 0.336367130279541, "input_args": {"smiles": "'CNC(=O)C1=CC=CC=C1NC2=NC(=NC=C2Cl)NC3=C(C=C(C=C3)N4CCOCC4)OC'"}, "time": 1743974028.384783}