{"duration": 0.5376613140106201, "input_args": {"smiles": "'O=C(Nc1ccccc1)N1CCC(Cc2cnc3ccccc3c2)CC1'"}, "time": 1746395158.1734028}