{"duration": 0.42232489585876465, "input_args": {"smiles": "'Cn1cnc(c1)-c1cc2nccc(Oc3ccc(NC(=S)NC(=O)Cc4ccccc4)cc3F)c2s1'"}, "time": 1746388626.68719}