{"duration": 0.33994483947753906, "input_args": {"smiles": "'OC(=O)[C@@]1(CCCCCCOc2ccc(Cl)cc2)CO1'"}, "time": 1746309971.040315}