{"duration": 0.3327000141143799, "input_args": {"smiles": "'C1CC1NC(=O)C2=NOC(=C2)C3=CC=CS3'"}, "time": 1743972760.6131442}