{"duration": 0.3692600727081299, "input_args": {"smiles": "'C1=CC=C2C(=C1)N=C(S2)C(C#N)C3=NC(=NC=C3)NCCC4=CN=CC=C4'"}, "time": 1746388388.914551}