{"duration": 0.3710291385650635, "input_args": {"smiles": "'CC1=C2C=C[N+](=CC2=C(C3=C1NC4=CC=CC=C43)C)C.[I-]'"}, "time": 1746310079.667134}