{"duration": 0.4714488983154297, "input_args": {"smiles": "'C1C2=C(C=CC(=C2)N)N=C3N1C(=O)C4=CC=CC=C43'"}, "time": 1746395358.584524}