{"duration": 0.3731870651245117, "input_args": {"smiles": "'CCc1nc(N)nc(N)c1c2ccc(Cl)cc2'"}, "time": 1746314769.5042298}