{"duration": 0.40205907821655273, "input_args": {"smiles": "'CN1C=C(C2=CC=CC=C21)C3=C(C(=O)NC3=O)C4=C(C=C(C=C4)Cl)Cl'"}, "time": 1743972418.1132522}