{"duration": 0.4091310501098633, "input_args": {"smiles": "'CS(=O)(=O)N1CCN(Cc2cc3nc(nc(N4CCOCC4)c3s2)-c2cccc3[nH]ncc23)CC1'"}, "time": 1746388610.754636}