{"duration": 0.385089635848999, "input_args": {"smiles": "'ClC1=C(NCC=C)C(=O)c2ccccc2C1=O'"}, "time": 1746308436.346967}