{"duration": 0.3592979907989502, "input_args": {"smiles": "'CCOC1=C(C=C2C(=C1)N=CC(=C2NC3=CC(=C(C=C3)OCC4=CC=CC=N4)Cl)C#N)NC(=O)C=CCN(C)C'"}, "time": 1743972777.239155}