{"duration": 0.4438450336456299, "input_args": {"smiles": "'CCC1(C2=C(COC1=O)C(=O)N3CC4=CC5=CC=CC=C5N=C4C3=C2)OC(=O)C(CCCCN)N.Cl'"}, "time": 1746315661.065224}