{"duration": 0.5176670551300049, "input_args": {"smiles": "'CC(C)(C)C1=CN=C(O1)CSC2=CN=C(S2)NC(=O)C3CCNCC3'"}, "time": 1746395533.012565}