{"duration": 0.36133718490600586, "input_args": {"smiles": "'C1CC1NC(=O)NC2=C(NN=C2)C3=NC4=C(N3)C=C(C=C4)CN5CCOCC5'"}, "time": 1746315767.6011672}