{"duration": 0.4407482147216797, "input_args": {"smiles": "'CC(C)[C@H](O)C(=O)N[C@@H](C)C(=O)N[C@H]1c2ccccc2CCN(C)C1=O'"}, "time": 1746395267.537796}