{"duration": 0.3907618522644043, "input_args": {"smiles": "'CN1C(=C(C=N1)Cl)C2=C(SC(=C2)C(=O)NC(CC3=CC(=CC=C3)F)CN)Cl.Cl'"}, "time": 1743972612.571576}