{"duration": 0.3858318328857422, "input_args": {"smiles": "'Cc1cnc(Nc2ccc(OCCN3CCCC3)cc2)nc1Nc1cccc(c1)S(=O)(=O)NC(C)(C)C'"}, "time": 1746388664.538413}