{"duration": 0.3455839157104492, "input_args": {"smiles": "'CNC1=NC=C2C=C(C(=O)N(C2=N1)CCCN3CCN(CC3)C(=O)C=C)C4=C(C(=CC(=C4Cl)OC)OC)Cl'"}, "time": 1743974047.617837}