{"duration": 0.43306994438171387, "input_args": {"smiles": "'CC(C)CC(=O)N1CCC2CCC(N2C(=O)C(C1)NC(=O)C(C)NC)C(=O)NC(C3=CC=CC=C3)C4=CC=CC=C4'"}, "time": 1743972681.9378822}