{"duration": 0.3573417663574219, "input_args": {"smiles": "'CC(C)(C)c1cnc(CSc2cnc(NC(=O)C3CCNCC3)s2)o1'"}, "time": 1746388660.2235441}