{"duration": 0.3437678813934326, "input_args": {"smiles": "'COC1=C(C(=C(C=C1)F)F)C(=O)C2=CN=C(N=C2N)NC3CCN(CC3)S(=O)(=O)C'"}, "time": 1743974001.7680728}