{"duration": 0.41200685501098633, "input_args": {"smiles": "'CC1=CC2=C(C=C1C)N(C(=N2)NCCCO)CC(=O)C3=CC(=C(C(=C3)C(C)(C)C)O)C(C)(C)C'"}, "time": 1743973596.8423538}