{"duration": 0.44239020347595215, "input_args": {"smiles": "'CCC1=C2CN3C(=CC4=C(C3=O)COC(=O)C4(CC)O)C2=NC5=C1C=C(C=C5)OC(=O)N6CCC(CC6)N7CCCCC7.Cl'"}, "time": 1746310098.595604}