{"duration": 0.37206196784973145, "input_args": {"smiles": "'C1=CC=C(C(=C1)N)NC(=O)C2=CC=C(C=C2)CNC(=O)OCC3=CN=CC=C3'"}, "time": 1746388425.117215}