{"duration": 0.40854716300964355, "input_args": {"smiles": "'CC1(C)Oc2ccc3C4=C[C@@]56NC(=O)[C@]7(CCCN7C5=O)C[C@H]6C(C)(C)C4=[N+]([O-])c3c2C=C1'"}, "time": 1746309951.8421571}