{"duration": 0.4972500801086426, "input_args": {"smiles": "'CN1C=C(C2=CC=CC=C21)C3=C(C(=O)NC3=O)C4=C5CNCCN5C6=CC=CC=C64'"}, "time": 1743973958.341096}