{"duration": 0.37406420707702637, "input_args": {"smiles": "'COC1=C(C=CC(=C1)C=CC(=O)CC(=O)C=CC2=CC(=C(C=C2)O)OC)O'"}, "time": 1746315583.7925062}