{"duration": 0.5313758850097656, "input_args": {"smiles": "'CC(C)n1cnc2c(NCCc3ccc(O)cc3)nc(nc12)-c1csc2ccccc12'"}, "time": 1746395180.922224}