{"duration": 0.35750508308410645, "input_args": {"smiles": "'CN1CCN(CC1)C2CCN(CC2)C3=CC(=C(C=C3)NC4=NC=C(C(=N4)NC5=CC=CC=C5P(=O)(C)C)Cl)OC'"}, "time": 1746315913.856645}