{"duration": 0.37789320945739746, "input_args": {"smiles": "'C1CN(CCN1)C2=CC=C(C=C2)C3=CN4C(=C(C=N4)C5=CC=NC6=CC=CC=C56)N=C3'"}, "time": 1746388446.936617}