{"duration": 0.37290406227111816, "input_args": {"smiles": "'C1=CC(=C(C=C1I)F)NC2=C(C=CC3=CN=CN32)C(=O)NOCCO'"}, "time": 1746310276.1362891}