{"duration": 0.37763404846191406, "input_args": {"smiles": "'CC1=CC=C(C=C1)C(=O)NCCCCCC(=O)NC2=C(C=C(C=C2)F)N'"}, "time": 1743972733.511181}