{"duration": 0.3564002513885498, "input_args": {"smiles": "'CC1CCC(CC1)NC(=O)N(CCCl)N=O'"}, "time": 1743973790.29634}