{"duration": 0.37194085121154785, "input_args": {"smiles": "'C[C@H](CO)N1C[C@H](C)[C@@H](CN(C)C)Oc2c(NC(=O)c3cc(C)nn3C)cccc2C1=O'"}, "time": 1746309865.925295}