{"duration": 0.4927952289581299, "input_args": {"smiles": "'CN(C)CC1CN(C1)C(=O)Nc1cc(ccc1N)-c1ccc(F)cc1'"}, "time": 1746309850.2171872}