{"duration": 0.42055821418762207, "input_args": {"smiles": "'CC1COC(=N1)NC2=CC3=C(C=C2)N=CN=C3NC4=CC(=C(C=C4)OCC5=NC=CS5)Cl'"}, "time": 1746310202.786377}