{"duration": 0.3602590560913086, "input_args": {"smiles": "'C1C(ON=C1Cl)C(C(=O)O)N'"}, "time": 1746315614.6880362}