{"duration": 0.3308088779449463, "input_args": {"smiles": "'C1CC(C1)(C2=CC=C(C=C2)C3=C(C=C4C(=N3)C=CN5C4=NNC5=O)C6=CC=CC=C6)N'"}, "time": 1743972425.310622}