{"duration": 0.4536120891571045, "input_args": {"smiles": "'CC1=CN=C(C(=C1OC)C)CN2C=NC3=C2N=C(N=C3Cl)N'"}, "time": 1746315877.270602}