{"duration": 0.47785496711730957, "input_args": {"smiles": "'COC1=C(C(=C(C=C1)O)C(=O)C2=CC=C(C=C2)C(=O)NC3CCCNCC3NC(=O)C4=CC=NC=C4)F'"}, "time": 1746315849.1409972}