{"duration": 0.3742680549621582, "input_args": {"smiles": "'CC(C)C1=CC=C(C=C1)C2=CC(=O)C3=CC=CC=C3O2'"}, "time": 1746308393.3282728}