{"duration": 0.4038209915161133, "input_args": {"smiles": "'CCOC(=O)NC1CCC2C(C1)CC3C(C2C=CC4=NC=C(C=C4)C5=CC(=CC=C5)F)C(OC3=O)C'"}, "time": 1743973667.0100338}