{"duration": 0.38899707794189453, "input_args": {"smiles": "'Cc1cc(C(=O)CN2C(=O)CCC2=O)c(C)n1Cc1ccccc1'"}, "time": 1746309906.2923882}