{"duration": 0.4824550151824951, "input_args": {"smiles": "'COC1=CC(=CC(=C1OC)OC)C=CC(=O)N2CCC=CC2=O'"}, "time": 1743972438.277914}