{"duration": 0.4144129753112793, "input_args": {"smiles": "'C[C@H](Nc1ncc(Cl)c(Nc2cc(C)[nH]n2)n1)c1ncc(F)cn1'"}, "time": 1746309834.7146292}