{"duration": 0.41153407096862793, "input_args": {"smiles": "'CCC1C(=O)N(C2=CN=C(N=C2N1C(C)C)NC3=C(C=C(C=C3)C(=O)NC4CCC(CC4)N5CCN(CC5)CC6CC6)OC)C'"}, "time": 1743973906.1302881}