{"duration": 0.40500903129577637, "input_args": {"smiles": "'C1C(O1)CN2C(=O)N(C(=O)N(C2=O)CC3CO3)CC4CO4'"}, "time": 1743973817.131156}