{"duration": 0.5281980037689209, "input_args": {"smiles": "'C1=CC=C(C=C1)CN=C2NC(=O)C(=CC3=CC4=C(C=C3)N=CC=C4)S2'"}, "time": 1746395579.6228511}