{"duration": 0.4071478843688965, "input_args": {"smiles": "'CN1C=NC=C1C(C2=CC=C(C=C2)Cl)(C3=CC4=C(C=C3)N(C(=O)C=C4C5=CC(=CC=C5)Cl)C)N'"}, "time": 1743972363.739285}