{"duration": 0.3874990940093994, "input_args": {"smiles": "'CC(C1=CC=CC=C1)NC2=NC(=NC3=CC=CC=C32)N4CCCC4'"}, "time": 1743973639.309526}