{"duration": 0.3889899253845215, "input_args": {"smiles": "'COC1=CC=C2C(=CC1=O)[C@H](CCc3cc(OC)c(OC)c(OC)c23)NC(=O)c4ccccc4'"}, "time": 1746315245.983265}