{"duration": 0.37223386764526367, "input_args": {"smiles": "'CC(=O)N1CCN(CC1)C2CCC(CC2)N3C4=NC=NC(=C4C(=N3)C5=CC(=C(C=C5)NC(=O)C6=CC7=CC=CC=C7N6C)OC)N'"}, "time": 1743972342.261512}