{"duration": 0.38896894454956055, "input_args": {"smiles": "'CN(C)C1CCN(CC1)C(=O)C2=CC=C(C=C2)NC(=O)NC3=CC=C(C=C3)C4=NC(=NC(=N4)N5CCOCC5)N6CCOCC6'"}, "time": 1746310171.9621918}