{"duration": 0.3469228744506836, "input_args": {"smiles": "'CC1=NOC2=C1C3=CC=CC=C3C(=NC2CC(=O)N)C4=CC=C(C=C4)Cl'"}, "time": 1743974024.634767}