{"duration": 0.5220699310302734, "input_args": {"smiles": "'NC(=O)Nc1sc(cc1C(N)=O)-c1ccc(F)cc1'"}, "time": 1746395183.03952}