{"duration": 0.4200170040130615, "input_args": {"smiles": "'OCCSC1=C(SCCO)C(=O)c2ccccc2C1=O'"}, "time": 1746388639.7512262}