{"duration": 0.37424492835998535, "input_args": {"smiles": "'COC1=CC=C(C=C1)N2C(=NN=C2SCCCN3C(=O)C4=CC=CC5=C4C(=CC=C5)C3=O)C6=CC=NC=C6'"}, "time": 1746308406.274902}