{"duration": 0.4360659122467041, "input_args": {"smiles": "'C1=NC2=C(N1C3C(C(C(O3)CO)O)O)N=C(NC2=O)N'"}, "time": 1743972401.10957}