{"duration": 0.37148284912109375, "input_args": {"smiles": "'C1=CC=C2C(=C1)C(=CC=N2)CNC3=C(SC=C3)C(=O)NC4=CC=C(C=C4)OC(F)(F)F'"}, "time": 1743973443.3684638}