{"duration": 0.4015810489654541, "input_args": {"smiles": "'CCOc1cc(cc(Cl)c1OCC(=O)OC)\\\\C=C1C(=O)N(N=C/1C)c1ccccc1'"}, "time": 1746309934.900525}