{"duration": 0.37931108474731445, "input_args": {"smiles": "'CN1C=C(C2=CC=CC=C21)CNCC3CCN(CC3)C4=NC=C(C=N4)C(=O)NO'"}, "time": 1746310177.412805}