{"duration": 0.49547696113586426, "input_args": {"smiles": "'C1=CC2=C(C=C1Cl)C(=O)C3=NC(=C(N=C23)C#N)C#N'"}, "time": 1743972737.1894028}