{"duration": 1.049617052078247, "input_args": {"smiles": "'CC1=C(C2=C(C3(CC3)C(C(=O)C2=C1)(C)O)C)CO'"}, "time": 1746310121.8806221}