{"duration": 0.40104126930236816, "input_args": {"smiles": "'COC1=CC=C(C=C1)N(C(=O)C2=CC=CC=C2)S(=O)(=O)C3=C(C=CC(=C3)OC)OC'"}, "time": 1743972683.538686}