{"duration": 0.4757719039916992, "input_args": {"smiles": "'OC(=O)\\\\C=C\\\\c1ccc(c(Cl)c1)-c1ccc(O)c(c1)C12C[C@H]3C[C@H](C[C@H](C3)C1)C2'"}, "time": 1746395023.5379012}