{"duration": 0.3618021011352539, "input_args": {"smiles": "'C1CC(=CC2=CC=CS2)C(=O)C1=CC3=CC=CS3'"}, "time": 1746308275.3444018}