{"duration": 0.37563419342041016, "input_args": {"smiles": "'CC(Nc1ccccc1)c1cc(C)cn2c1nc(cc2=O)N1CCOCC1'"}, "time": 1746388664.9185338}