{"duration": 0.39226222038269043, "input_args": {"smiles": "'CC1CCC\\\\C=C/C2CC(O)CC2C(O)\\\\C=C/C(=O)O1'"}, "time": 1746309957.7338219}