{"duration": 0.41472625732421875, "input_args": {"smiles": "'CN(C)CCCNc1nc(CN2CCN(CC2)C(c2ccc(Cl)cc2)c2ccc(Cl)cc2)nc2ccccc12'"}, "time": 1746388656.990431}