{"duration": 0.38017892837524414, "input_args": {"smiles": "'CC1CC(OC1=O)C(C(C2=C(C3=C(C=C2)C4CC(C56C(OCC(O5)CC6(C4C3=O)C)O)Br)C)C(Cl)Cl)O'"}, "time": 1743972723.78491}