{"duration": 0.5274758338928223, "input_args": {"smiles": "'CC1=CC(=CC=C1)NC2=NC(=CS2)C3=CC=NC=C3'"}, "time": 1746394948.2705438}