{"duration": 0.3779487609863281, "input_args": {"smiles": "'CCC(=C(C1=CC=CC=C1)C2=CC=C(C=C2)OCCN(C)C)C3=CC=CC=C3'"}, "time": 1746388492.442367}