{"duration": 0.38620877265930176, "input_args": {"smiles": "'C1=CC=C(C=C1)CSCCC(CCCCC(=O)O)SCC2=CC=CC=C2'"}, "time": 1746308278.858966}