{"duration": 0.33753108978271484, "input_args": {"smiles": "'C[As](C)SCC(C(=O)NCC(=O)O)NC(=O)CCC(C(=O)O)N'"}, "time": 1743973634.095467}