{"duration": 0.4129769802093506, "input_args": {"smiles": "'CN1CCc2c(C1)c1ccccc1n2Cc1ccc(cc1)C(=O)NO'"}, "time": 1746310017.9235451}