{"duration": 0.3457636833190918, "input_args": {"smiles": "'C1CCC(C(C1)N)NC2=NC=C(C(=N2)NC3=CC(=CC=C3)N4N=CC=N4)C(=O)N'"}, "time": 1743972605.049183}