{"duration": 0.3852388858795166, "input_args": {"smiles": "'CC(C)(C1=CC(=NO1)NC(=O)NC2=CC(=CC=C2)OC3=NC=NC4=CC(=C(C=C43)OC)OC)C(F)(F)F'"}, "time": 1746315881.2986639}