{"duration": 0.4677870273590088, "input_args": {"smiles": "'CCC(C)C(=O)OC1CC(C=C2C1C(C(C=C2)C)CCC3CC(CC(=O)O3)O)C'"}, "time": 1746395397.121744}