{"duration": 0.4321269989013672, "input_args": {"smiles": "'Nc1ncnc2c1ncn2C3OC(CO)CC3O'"}, "time": 1746314781.002229}