{"duration": 0.4966268539428711, "input_args": {"smiles": "'CN(C)C(=O)C1=CC2=CN=C(N=C2N1C3CCCC3)NC4=NC=C(C=C4)N5CCNCC5'"}, "time": 1746395621.2582521}