{"duration": 0.4176902770996094, "input_args": {"smiles": "'N[C@@H](Cc1ccc(cc1)N(CCCl)CCCl)C(=O)O'"}, "time": 1746315065.328487}