{"duration": 0.38529205322265625, "input_args": {"smiles": "'CC(=O)Nc1ccc(cc1)C(=O)Nc1ccc(F)cc1N'"}, "time": 1746388569.126178}