{"duration": 0.5175678730010986, "input_args": {"smiles": "'CC(C(=O)NC(C1CCCCC1)C(=O)N2CCCC2C(=O)NC3=C(N=C(S3)C4=NC=CO4)C5=CC=CC=C5)NC'"}, "time": 1746395628.418467}