{"duration": 0.37819695472717285, "input_args": {"smiles": "'CC1=CC=C(C=C1)C(=O)N(CCCN)C(C2=NC3=C(C=CC(=C3)Cl)C(=O)N2CC4=CC=CC=C4)C(C)C'"}, "time": 1746315733.388046}