{"duration": 0.40021610260009766, "input_args": {"smiles": "'COC1=C(C=C2C(=C1)N=CN=C2NC3=C(C(=C(C=C3)Cl)Cl)F)OC4CCN(CC4)C(=O)C=C'"}, "time": 1746310288.8668458}