{"duration": 0.37387585639953613, "input_args": {"smiles": "'CNC(=O)C1=CC=C(C=C1)NC2=NC=C(C(=N2)NCC3=NC=CN=C3N(C)S(=O)(=O)C)C(F)(F)F'"}, "time": 1746315887.80179}