{"duration": 0.51845383644104, "input_args": {"smiles": "'CC(C)N1C(\\\\C=C\\\\C(O)CC(O)CC(O)=O)C(c2ccccc12)c1ccc(F)cc1'"}, "time": 1746395226.334219}