{"duration": 0.3592100143432617, "input_args": {"smiles": "'Fc1ccc(cc1)-c1n[nH]cc1C=C1SC(=N)N(C1=O)c1nccs1'"}, "time": 1746388710.3001118}