{"duration": 0.39795708656311035, "input_args": {"smiles": "'CC(=O)N1CCC(CC1)C(=O)NC2=C(C=CC(=C2)C3=CC=CS3)N'"}, "time": 1743973562.8592482}