{"duration": 0.3792760372161865, "input_args": {"smiles": "'COC1=CC=C(C=C1)C2=CC=C(C=C2)C=CC(=O)NO'"}, "time": 1746310191.429496}