{"duration": 0.3667919635772705, "input_args": {"smiles": "'CC1=CCCC(C2CC(CCC3(C(O3)CC1)C)C(=C)C(=O)O2)(C)O'"}, "time": 1746309823.608133}