{"duration": 0.40563297271728516, "input_args": {"smiles": "'CC12CCC3C(C1CCC2O)CCC4=C3C=CC(=C4)OC(=O)N(CCCl)CCCl'"}, "time": 1746310038.178188}