{"duration": 0.3552532196044922, "input_args": {"smiles": "'CC1=C(OC2=C1C3=CC=CC=C3C=C2)[N+](=O)[O-]'"}, "time": 1743972765.051532}