{"duration": 0.5566310882568359, "input_args": {"smiles": "'C1=CC=C(C=C1)CSCCC(CCCCC(=O)O)SCC2=CC=CC=C2'"}, "time": 1746394862.8051488}