{"duration": 0.3912999629974365, "input_args": {"smiles": "'Oc1ccccc1C(=O)c1[nH]c(Cl)c(Cl)c1-n1c(cc(Cl)c1Cl)C(=O)c1ccccc1O'"}, "time": 1746309982.7302248}