{"duration": 0.5062322616577148, "input_args": {"smiles": "'Cc1[nH]c2ccccc2c1CCNCc1ccc(\\\\C=C\\\\C(=O)NO)cc1'"}, "time": 1746388717.8106391}