{"duration": 0.4171450138092041, "input_args": {"smiles": "'C1=CC=C(C=C1)CCN=C(N)N=C(N)N'"}, "time": 1743972361.581629}