{"duration": 0.3679628372192383, "input_args": {"smiles": "'C=C(CN1CCC2=CC=CC=C2C1)C3=CC=C(C=C3)CCC(=O)NC4=CC=CC=C4N'"}, "time": 1746310136.230786}