{"duration": 0.36158108711242676, "input_args": {"smiles": "'CCC12CN3CCC4=C(C(CC(C3)C1O2)(C5=C(C=C6C(=C5)C78CCN9C7C(C=CC9)(C(C(C8N6C)(C(=O)OC)O)OC(=O)C)CC)OC)C(=O)OC)NC1=CC=CC=C41.OS(=O)(=O)O'"}, "time": 1743973789.5277069}