{"duration": 0.37259697914123535, "input_args": {"smiles": "'CCNC(=O)CC1C2=NN=C(N2C3=C(C=C(C=C3)OC)C(=N1)C4=CC=C(C=C4)Cl)C'"}, "time": 1746388455.020787}