{"duration": 0.4719719886779785, "input_args": {"smiles": "'CC12CCC3C(C1CCC(=O)O2)CCC4=CC(=O)C=CC34C'"}, "time": 1746395298.128118}