{"duration": 0.3599240779876709, "input_args": {"smiles": "'C1=C(SC=C1Br)COC2=NC(=NC3=C2NC=N3)N'"}, "time": 1743972709.401077}