{"duration": 0.46584010124206543, "input_args": {"smiles": "'CN1CCN(CC1)c1nc(C2=C(C(=O)NC2=O)c2c[nH]c3ccccc23)c2ccccc2n1'"}, "time": 1746310006.551923}