{"duration": 0.5212628841400146, "input_args": {"smiles": "'CC1=C(SC(=N1)N)C2=NC(=NC=C2)NC3=CC=C(C=C3)N4CCOCC4'"}, "time": 1746395493.320713}