{"duration": 0.602653980255127, "input_args": {"smiles": "'C1CC(C2=C(C1)C3=C(N2)C=CC(=C3)Cl)C(=O)N'"}, "time": 1746394873.9181418}