{"duration": 0.3986968994140625, "input_args": {"smiles": "'CC(C)(C)c1cc(NC(=O)Nc2ccc(cc2)-c2cn3c(n2)sc2cc(OCCN4CCOCC4)ccc32)no1'"}, "time": 1746388723.238938}