{"duration": 0.5024540424346924, "input_args": {"smiles": "'Cc1c[nH]c(n1)-c1cnc(NCCNc2ccc(cn2)C#N)nc1-c1ccc(Cl)cc1Cl'"}, "time": 1746395094.286426}