{"duration": 0.3821072578430176, "input_args": {"smiles": "'O[As](O)(=O)c1ccc(Cc2ccc(cc2)[As](O)(O)=O)cc1'"}, "time": 1746388638.9436579}