{"duration": 0.3739171028137207, "input_args": {"smiles": "'C1CCN(C1)CC2CC(C2)N3C=C(C4=C(N=CN=C43)N)C5=CC(=CC=C5)OCC6=CC=CC=C6'"}, "time": 1743972624.640887}