{"duration": 0.5497777462005615, "input_args": {"smiles": "'CC(C)n1ncc2c(cc(Br)cc12)C(=O)NCc1c(C)cc(C)[nH]c1=O'"}, "time": 1746395065.1874912}