{"duration": 0.36247920989990234, "input_args": {"smiles": "'C1CN(CCC1CC2=CC3=CC=CC=C3N=C2)C(=O)NC4=CC=CC=C4'"}, "time": 1743973609.714805}