{"duration": 0.5682969093322754, "input_args": {"smiles": "'CCCCCCCCC=CCCCCCCCC(=O)OCC1C(C(C(O1)N2C=CC(=NC2=O)N)(F)F)O'"}, "time": 1746395525.9002612}