{"duration": 0.33220386505126953, "input_args": {"smiles": "'B(CCSCC(C(=O)O)N)(O)O'"}, "time": 1743973541.386805}