{"duration": 0.3659939765930176, "input_args": {"smiles": "'C1C(OC(C1O)N2C=NC3=C(N=CN=C32)N)CO'"}, "time": 1746315588.590579}