{"duration": 0.3710472583770752, "input_args": {"smiles": "'C[C@@H](Nc1ccccc1C(O)=O)c1cc(C)cn2c1nc(cc2=O)N1CCOCC1'"}, "time": 1746308414.602537}