{"duration": 0.34430384635925293, "input_args": {"smiles": "'CC1CN(CCN1C(=O)OC2=C(C=C3C(=C2)C(=NC=N3)NC4=C(C(=CC=C4)Cl)F)OC)C'"}, "time": 1743973496.8150861}