{"duration": 0.35342907905578613, "input_args": {"smiles": "'CS(=O)(=O)C1=CC=C(C=C1)C2=CN=C(C(=N2)C(=O)NC3=CC=CC=C3)N'"}, "time": 1743973534.097381}