{"duration": 0.6998419761657715, "input_args": {"smiles": "'C1=CC=C(C(=C1)CN=C2NC(=O)C(=CC3=CC4=C(C=C3)N=CC=C4)S2)Cl'"}, "time": 1746315853.282308}