{"duration": 0.39554572105407715, "input_args": {"smiles": "'CC1CC(=O)N(C2=CN=C(N=C2N1C3CCCC3)NC4=C(C=C(C=C4)C(=O)NC5CCN(CC5)C)OC)C'"}, "time": 1746388456.178399}