{"duration": 0.3804757595062256, "input_args": {"smiles": "'C1=CNC(=C1)C=C2C3=C(C=CC(=C3)F)NC2=O'"}, "time": 1746315831.319963}