{"duration": 0.41270875930786133, "input_args": {"smiles": "'CS(=O)(=O)C1=CC(=C(C=C1)C(=O)NC2=CC(=C(C=C2)Cl)C3=CC=CC=N3)Cl'"}, "time": 1746315737.215502}