{"duration": 0.40169382095336914, "input_args": {"smiles": "'CC(C)(C)S(=O)N1CC2=CC(=NC(=C2C1CCO)C3=CC=CC(=C3)C4=CC=CC=C4OC)C(=O)NCC5=CC=NC=C5'"}, "time": 1743973558.047439}