{"duration": 0.38165879249572754, "input_args": {"smiles": "'COc1cc2nccc(Oc3ccc(NC(=O)C4(CC4)C(=O)Nc4ccc(F)cc4)cc3)c2cc1OC'"}, "time": 1746309958.494853}