{"duration": 0.479248046875, "input_args": {"smiles": "'CCCCCCCCCCC(C)(C)C(=O)Nc1c(OC)cc(OC)cc1OC'"}, "time": 1746395095.248816}