{"duration": 0.34891605377197266, "input_args": {"smiles": "'CN(CCO)C1CCN(CC1)C2=CN=C(C=C2)NC3=NC=C4C5=C(C(=NC=C5)F)N(C4=N3)C6CCCC6'"}, "time": 1743974008.48194}