{"duration": 0.7615888118743896, "input_args": {"smiles": "'CC12CCC3C4CCC(CC4CCC3C1CC=C2C5=CC6=C(C=C5)C=NC=C6)N(C)C'"}, "time": 1743973579.453297}