{"duration": 0.5213749408721924, "input_args": {"smiles": "'CC(C(=O)NC(CC1=CC=C(C=C1)OC)C(=O)NC(CC2=CC=CC=C2)C(=O)C3(CO3)C)NC(=O)CN4CCOCC4'"}, "time": 1746395509.703252}