{"duration": 0.42610931396484375, "input_args": {"smiles": "'CCC1C2=C(N=CN2C3=CN=C(N=C3N1C4CCCC4)NC5=C(C=C(C=C5)C(=O)NC6CCN(CC6)C7CCN(CC7)CC8CC8)OC)C#N'"}, "time": 1743973927.877795}