{"duration": 0.3508000373840332, "input_args": {"smiles": "'NC(=O)Nc1cc(sc1C(=O)N[C@H]1CCCNC1)-c1cccc(F)c1'"}, "time": 1746308416.3219578}