{"duration": 0.3318452835083008, "input_args": {"smiles": "'CC1=C(C=NO1)C(=O)NC2=CC=C(C=C2)C(F)(F)F'"}, "time": 1746308392.13699}