{"duration": 0.3766007423400879, "input_args": {"smiles": "'C1=CN(C(=O)N=C1N)C2C(C(C(O2)CO)O)O'"}, "time": 1746308283.408043}