{"duration": 0.37710070610046387, "input_args": {"smiles": "'O=C1c2ccccc2-c2nc3nonc3nc12'"}, "time": 1746388659.358196}