{"duration": 0.38905787467956543, "input_args": {"smiles": "'CC1C2=C(C=CC(=C2)F)C(=O)N(CC3=NN(C(=C3C4=CC(=C(N=C4)N)O1)C#N)C)C'"}, "time": 1746315893.695487}