{"duration": 0.44956207275390625, "input_args": {"smiles": "'CC1=CC(=NN1)NC2=CC(=NC(=N2)SC3=CC=C(C=C3)NC(=O)C4CC4)N5CCN(CC5)C'"}, "time": 1746308362.337064}