{"duration": 0.35260605812072754, "input_args": {"smiles": "'COC1=CC=C(C=C1)N2C(=NN=C2SCCCN3C(=O)C4=CC=CC5=C4C(=CC=C5)C3=O)C6=CC=NC=C6'"}, "time": 1743972629.731194}