{"duration": 0.45169901847839355, "input_args": {"smiles": "'CC(=O)NC1CCC2=CC(=C(C(=C2C3=CC=C(C(=O)C=C13)OC)OC)OC)OC'"}, "time": 1746315575.319884}