{"duration": 0.47162294387817383, "input_args": {"smiles": "'CC1=NC2=CC=CC=C2C(=N1)N(C)C3=CC=C(C=C3)OC'"}, "time": 1743973914.19795}