{"duration": 0.4145498275756836, "input_args": {"smiles": "'C1=NNC2=C1C(=O)NC=N2'"}, "time": 1746315576.113822}