{"duration": 0.3424370288848877, "input_args": {"smiles": "'C1CCC(CC1)N(CCNCCC2=C3C(=C(C=C2)O)NC(=O)CO3)C(=O)CCNCCC4=CC(=C(C=C4)Cl)Cl'"}, "time": 1743974014.714814}