{"duration": 0.36571192741394043, "input_args": {"smiles": "'CC12CCC3C(C1CCC2(C#C)O)CCC4=C3C=CC(=C4)O'"}, "time": 1743973904.952714}