{"duration": 0.49099111557006836, "input_args": {"smiles": "'CCCNCC(=O)OC1(C2=C(COC1=O)C(=O)N3CC4=CC5=CC=CC=C5N=C4C3=C2)CC.Cl'"}, "time": 1746315655.478809}