{"duration": 0.4098200798034668, "input_args": {"smiles": "'Cc1cs\\\\c(=N/C2CCCCC2)n1\\\\N=C\\\\c1ccc(O)c(O)c1O'"}, "time": 1746309855.072413}