{"duration": 0.4176318645477295, "input_args": {"smiles": "'CC(C1=C(N=C2C=C(C=CC2=C1)F)C3=CC=CC=N3)NC4=NC=NC5=C4NC=N5'"}, "time": 1743973495.376627}