{"duration": 0.37131810188293457, "input_args": {"smiles": "'C1=CC(=CC=C1CC(C(=O)O)N)N(CCCl)CCCl.Cl'"}, "time": 1746310024.8849611}