{"duration": 0.5328781604766846, "input_args": {"smiles": "'CCOc1ccccc1C1CC(=O)Nc2cc3OCOc3cc12'"}, "time": 1746395105.455459}