{"duration": 0.4753260612487793, "input_args": {"smiles": "'C1COCCN1CCC(=O)N2CC(=CC3=CC(=C(C=C3)Cl)Cl)C(=O)C(=CC4=CC(=C(C=C4)Cl)Cl)C2.Cl'"}, "time": 1743973849.587046}