{"duration": 0.36850881576538086, "input_args": {"smiles": "'COC(=O)c1ccc2n(CCCc3ccccc3)c(NC(=O)c3ccccc3)nc2c1'"}, "time": 1746388652.318989}