{"duration": 0.40056872367858887, "input_args": {"smiles": "'C1OC2=C(O1)C(=C3C(=C2)C4=CC(C(C(C4NC3=O)O)O)O)O'"}, "time": 1743972684.353364}