{"duration": 0.42450785636901855, "input_args": {"smiles": "'C1=CC(=CC=C1CC(C(=O)O)N)N(CCCl)CCCl'"}, "time": 1746310165.306755}