{"duration": 0.3686490058898926, "input_args": {"smiles": "'CN1CCN(CC1)CCCOC2=C(C=C3C(=C2)N=CC(=C3NC4=CC(=C(C=C4Cl)Cl)OC)C#N)OC'"}, "time": 1746315798.976544}