{"duration": 0.5027620792388916, "input_args": {"smiles": "'CC1(CC2=C(C(C3=C(NN=C3N2)C(F)(F)F)C4=CC=CC=C4OC)C(=O)C1)C'"}, "time": 1743972774.977105}