{"duration": 0.642498254776001, "input_args": {"smiles": "'N[C@@H](CC(=O)N1CCn2c(C1)nnc2C(F)(F)F)Cc1cc(F)c(F)cc1F'"}, "time": 1746310005.182554}