{"duration": 0.3385500907897949, "input_args": {"smiles": "'CNC(=O)C1=CC=CC=C1NC2=CC(=NC=C2C(F)(F)F)NC3=C(C=C(C=C3)N4CCOCC4)OC'"}, "time": 1743974020.4354718}