{"duration": 0.4867229461669922, "input_args": {"smiles": "'CC1OCC2C(O1)C(C(C(O2)OC3C4COC(=O)C4C(C5=CC6=C(C=C35)OCO6)C7=CC(=C(C(=C7)OC)O)OC)O)O'"}, "time": 1746394877.623646}