{"duration": 0.47547125816345215, "input_args": {"smiles": "'CC(C1=CC=C(C=C1)C(=O)NC2=C3C=CNC3=NC=C2)N.Cl'"}, "time": 1746394979.89368}