{"duration": 0.4154989719390869, "input_args": {"smiles": "'CN1C=C(N=C1)C2=CC3=NC=CC(=C3S2)OC4=C(C=C(C=C4)NC(=S)NC(=O)CC5=CC=CC=C5)F'"}, "time": 1743973594.8129458}