{"duration": 0.48993706703186035, "input_args": {"smiles": "'CN1CCN(CC1)C2=CC(=C(C=C2)NC3=NC(=C(S3)C(=O)C4=C(C=CC=C4Cl)Cl)N)OC'"}, "time": 1746394978.3200278}