{"duration": 0.37239885330200195, "input_args": {"smiles": "'CN1C=C(C2=CC=CC=C21)C3=C(C(=O)NC3=O)C4=C(C=C(C=C4)Cl)Cl'"}, "time": 1746308345.891455}