{"duration": 0.5278809070587158, "input_args": {"smiles": "'CC(C)C1=CC(=C(C=C1O)O)C(=O)N2CC3=C(C2)C=C(C=C3)CN4CCN(CC4)C'"}, "time": 1746395461.1609669}