{"duration": 0.38062620162963867, "input_args": {"smiles": "'CC1=C2C=C[N+](=CC2=C(C3=C1NC4=C3C=C(C=C4)OC)C)C.CC(=O)[O-]'"}, "time": 1746315665.5055099}