{"duration": 0.5196421146392822, "input_args": {"smiles": "'C1=CC(=CC=C1CCCC(=O)O)N(CCCl)CCCl'"}, "time": 1746395294.6825469}