{"duration": 0.4054398536682129, "input_args": {"smiles": "'C1CNCCC1C2=CC(=NN2)C3=CC=NC=C3'"}, "time": 1746388423.521216}