{"duration": 0.37386322021484375, "input_args": {"smiles": "'CC[C@@]1(O)C(=O)OCC2=C1C=C3N(Cc4cc5cc(O)ccc5nc34)C2=O'"}, "time": 1746314790.8417249}