{"duration": 0.4137148857116699, "input_args": {"smiles": "'C1=CC=C(C=C1)CN=C2NC(=O)C(=CC3=CC4=C(C=C3)N=CC=C4)S2'"}, "time": 1746315850.4110541}