{"duration": 0.4295523166656494, "input_args": {"smiles": "'Oc1ccc(Cl)cc1C(=O)Nc1ccc(cc1Cl)[N+]([O-])=O'"}, "time": 1746309988.958715}