{"duration": 0.39999914169311523, "input_args": {"smiles": "'NC1=NC(=O)N(C=C1)C2OC(CO)C(O)C2O'"}, "time": 1746315249.883389}