{"duration": 0.4350419044494629, "input_args": {"smiles": "'COC1=C(C=CC(=C1)NS(=O)(=O)C)NC2=C3C=CC=CC3=NC4=CC=CC=C42.CS(=O)(=O)O'"}, "time": 1746310053.799128}