{"duration": 0.33973193168640137, "input_args": {"smiles": "'C1COCCN1CCOC2=CC=C(C=C2)C3=CN=C(C=C3)CC(=O)NCC4=CC=CC=C4'"}, "time": 1743972711.9817212}