{"duration": 0.32655882835388184, "input_args": {"smiles": "'C1=CC(=C(C=C1I)F)NC2=C(C(=C(C=C2C(=O)NOCC(CO)O)Br)F)F'"}, "time": 1743973607.221719}