{"duration": 0.33284902572631836, "input_args": {"smiles": "'CC(=C(C#N)C(=O)NC1=C(C=CC(=C1)Br)Br)O'"}, "time": 1743972359.565042}