{"duration": 0.43092823028564453, "input_args": {"smiles": "'C=C(CN1CCN(CC1)C2=CC(=CC(=C2)C(F)(F)F)C(F)(F)F)C3=CC=C(C=C3)C(=O)NC4=CC=CC=C4N'"}, "time": 1746310141.440126}