{"duration": 0.37881970405578613, "input_args": {"smiles": "'C(Cn1c2ccccc2c2ccccc12)c1nc2ccccc2[nH]1'"}, "time": 1746309871.673782}