{"duration": 0.40322208404541016, "input_args": {"smiles": "'COC1=NC=CN=C1NS(=O)(=O)C2=CC=C(C=C2)NC(=O)C=CC3=CC=C(S3)[N+](=O)[O-]'"}, "time": 1743972754.444144}