{"duration": 0.3521571159362793, "input_args": {"smiles": "'COc1cc(cc(c1)C(F)(F)F)-c1ncn(\\\\C=C/C(=O)OC(C)C)n1'"}, "time": 1746388620.581147}