{"duration": 0.39356279373168945, "input_args": {"smiles": "'CC(C)(C)C1=NC(=C(S1)C2=NC(=NC=C2)N)C3=C(C(=CC=C3)NS(=O)(=O)C4=C(C=CC=C4F)F)F'"}, "time": 1746309709.561829}