{"duration": 0.3672299385070801, "input_args": {"smiles": "'CNC1CN(CC1OC)C2=NC3=C(C=C2)C(=O)C(=CN3C4=NC=CS4)C(=O)O'"}, "time": 1746315769.952801}