{"duration": 0.3588371276855469, "input_args": {"smiles": "'CCCCCCC(=O)CCCCCCC=CCC(C(C(CO)(C(=O)O)N)O)O'"}, "time": 1743973645.930062}