{"duration": 0.35651516914367676, "input_args": {"smiles": "'CC[C@@]1(O)C(=O)OCC2=C1C=C3N(Cc4cc5cc(O)ccc5nc34)C2=O'"}, "time": 1746315086.118932}