{"duration": 0.3343031406402588, "input_args": {"smiles": "'CC(CN(C)C)NC(=O)C1=C2C(=CC=C1)N=C3C=CC4=C(C3=N2)C=CC=C4OC'"}, "time": 1743973899.214803}