{"duration": 0.3395988941192627, "input_args": {"smiles": "'CNC(CO)C#CC1=C(C=CC2=C1C(=CC3=C(C=CN3)OC)C(=O)N2)F'"}, "time": 1743973966.727167}