{"duration": 0.4098820686340332, "input_args": {"smiles": "'C1CN(CCN1C(=O)CCBr)C(=O)CCBr'"}, "time": 1746310027.7020721}