{"duration": 1.6070070266723633, "input_args": {"smiles": "'CC1=NC(=CC=C1)C2=C(N=C(N2)C(C)(C)C)C3=CC4=C(C=C3)OCO4'"}, "time": 1746388480.5456798}