{"duration": 0.3801538944244385, "input_args": {"smiles": "'CC(C(=O)NC(CCCCN)C(=O)O)NC(=O)C1CCCN1'"}, "time": 1746309820.564157}