{"duration": 0.34045910835266113, "input_args": {"smiles": "'COc1cc2ncnc(Nc3ccc(F)c(Cl)c3)c2cc1OCCCN1CCOCC1'"}, "time": 1746309973.689873}