{"duration": 0.42445969581604004, "input_args": {"smiles": "'C1C(C(OC1N2C=NC3=C(N=C(N=C32)Cl)N)CO)O'"}, "time": 1746310042.322361}