{"duration": 0.40965795516967773, "input_args": {"smiles": "'C1COCCN1C2=CC(=O)C=C(O2)C3=C4C(=CC=C3)SC5=CC=CC=C5S4'"}, "time": 1743973428.409148}