{"duration": 0.41580796241760254, "input_args": {"smiles": "'CCC1C(=O)OCC2=C1C=C3N(Cc4cc5ccccc5nc34)C2=O'"}, "time": 1746315085.754247}