{"duration": 0.34455299377441406, "input_args": {"smiles": "'COC1=CC2=C(C=C1)C3=C(C2=O)C4=C(C=C(C=C4)[N+](=O)[O-])C(=O)N3CCCI'"}, "time": 1743973889.809547}