{"duration": 0.33391499519348145, "input_args": {"smiles": "'C1CN2C(=CC=N2)N1'"}, "time": 1743973783.332219}