{"duration": 0.48322486877441406, "input_args": {"smiles": "'CC(=O)N1CCC(CC1)NC2=NC=C3C=C(C(=O)N(C3=N2)C)OC4=C(C=C(C=C4)F)F'"}, "time": 1746395592.6561458}