{"duration": 0.5118160247802734, "input_args": {"smiles": "'CC[C@H](Nc1ncnc2[nH]cnc12)c1nc2cccc(F)c2c(=O)n1-c1ccccc1'"}, "time": 1746395089.992403}