{"duration": 0.6282780170440674, "input_args": {"smiles": "'COc1cc2ncnc(Nc3ccc(F)c(Cl)c3)c2cc1OCCCN1CCOCC1'"}, "time": 1746395229.143615}