{"duration": 0.4982330799102783, "input_args": {"smiles": "'COC1=CC=C(C=C1)C(=O)CC2(C3=C(C=CC(=C3NC2=O)Cl)Cl)O'"}, "time": 1746308374.2943292}