{"duration": 0.35923004150390625, "input_args": {"smiles": "'COC1=CC=C(C=C1)S(=O)(=O)N2CCN(CC2)S(=O)(=O)C3=CC4=C(C=C3)OCCO4'"}, "time": 1743973597.8805802}