{"duration": 0.3903028964996338, "input_args": {"smiles": "'CC1=CC=CC=C1C(C(=O)NC2CCCCC2)N(C3=CC(=CC=C3)F)C(=O)CN4C=CN=C4C'"}, "time": 1746308379.1046321}