{"duration": 0.3988490104675293, "input_args": {"smiles": "'COC1=C(C(=CC=C1)F)C2=NCC3=CN=C(N=C3C4=C2C=C(C=C4)Cl)NC5=CC(=C(C=C5)C(=O)O)OC'"}, "time": 1743972401.5117939}