{"duration": 0.38993406295776367, "input_args": {"smiles": "'C1C(O1)C(C(C2CO2)O)O'"}, "time": 1746315607.4598348}