{"duration": 0.4218900203704834, "input_args": {"smiles": "'OCC1OC(CC1O)N2C=C(F)C(=O)NC2=O'"}, "time": 1746315069.8671732}