{"duration": 0.41722702980041504, "input_args": {"smiles": "'C1=CC=C(C=C1)NC(=O)CCCCCCC(=O)NO'"}, "time": 1746315691.330237}