{"duration": 0.4257829189300537, "input_args": {"smiles": "'COc1cc(cc(c1)C(F)(F)F)-c1ncn(\\\\C=C/C(=O)OC(C)C)n1'"}, "time": 1746309897.146524}