{"duration": 0.3783438205718994, "input_args": {"smiles": "'CC(C)n1ncc2c(cc(cc12)-c1ccc(nc1)N1CCNCC1)C(=O)NCc1c(C)cc(C)[nH]c1=O'"}, "time": 1746309856.8819299}