{"duration": 0.38065481185913086, "input_args": {"smiles": "'C=CC(=O)N1CCC(CC1)C2CCNC3=C(C(=NN23)C4=CC=C(C=C4)OC5=CC=CC=C5)C(=O)N'"}, "time": 1746315937.099246}