{"duration": 0.3372058868408203, "input_args": {"smiles": "'CC(C)C1CC2=C(O1)C=CC3=C2OC4COC5=CC(=C(C=C5C4C3=O)OC)OC'"}, "time": 1743973503.327925}