{"duration": 0.4148569107055664, "input_args": {"smiles": "'CCOC(=O)NC1=C(C(=O)C(=C(C1=O)N2CC2)NC(=O)OCC)N3CC3'"}, "time": 1743973806.695967}