{"duration": 0.37145185470581055, "input_args": {"smiles": "'CC1=CC=C(C=C1)C=C2CNCC(=CC3=CC=C(C=C3)C)C2=O.Cl'"}, "time": 1743973604.914777}