{"duration": 0.48122596740722656, "input_args": {"smiles": "'COc1cc(c(Cl)cc1Cl)-n1c(=S)[nH]c2ccccc2c1=O'"}, "time": 1746395142.9946802}