{"duration": 0.3686840534210205, "input_args": {"smiles": "'CC1=C(C(CCC1)(C)C)C=CC(=CC=CC(=CC(=O)O)C)C'"}, "time": 1746315602.821821}