{"duration": 0.3269808292388916, "input_args": {"smiles": "'CN1C=C(C2=CC=CC=C21)C3=C(C(=O)NC3=O)C4=CN=CC=C4'"}, "time": 1743973954.6626492}