{"duration": 0.4108562469482422, "input_args": {"smiles": "'CC(C)(C)C(=O)OCOP(=O)(C1CCCN(C1=O)O)OCOC(=O)C(C)(C)C'"}, "time": 1743973524.501288}