{"duration": 0.38045310974121094, "input_args": {"smiles": "'CN1C(=NC=N1)C2C(NC3=CC(=CC4=C3C2=NNC4=O)F)C5=CC=C(C=C5)F'"}, "time": 1746315797.407986}