{"duration": 0.4801506996154785, "input_args": {"smiles": "'CC1=C(C(=NO1)C)C2=C(C=C3C(=C2)N=CC4=C3N(C(=O)N4)C(C)C5=CC=CC=N5)OC'"}, "time": 1746395594.779912}