{"duration": 0.5003340244293213, "input_args": {"smiles": "'C1CC(OC1)N2C=C(C(=O)NC2=O)F'"}, "time": 1746310052.877281}