{"duration": 0.5618782043457031, "input_args": {"smiles": "'CC(C1=CC(=CC2=C1OC(=CC2=O)N3CCOCC3)C(=O)N(C)C)NC4=CC(=CC(=C4)F)F'"}, "time": 1746394836.183808}