{"duration": 0.426375150680542, "input_args": {"smiles": "'COc1ccc(cc1)-n1c(SCc2nc(no2)-c2ccc(C)cc2)nnc1-c1ccncc1'"}, "time": 1746309895.933447}