{"duration": 0.3590273857116699, "input_args": {"smiles": "'CNC(=O)N1C=CC2=CC(=C(C=C21)OCCOC)OC3=CC(=NC=C3)NC(=O)C4=CC=C(C=C4)C5CCN(CC5)CCO'"}, "time": 1743974053.4323368}