{"duration": 0.44126415252685547, "input_args": {"smiles": "'CC1CCCC2(C(O2)CC(OC(=O)CC(C(C(=O)C(C1O)C)(C)C)O)C(=CC3=CSC(=N3)C)C)C'"}, "time": 1746388425.996014}