{"duration": 0.40653085708618164, "input_args": {"smiles": "'COC1=C(C=C2C(=C1)C(=NC=N2)NC3=CC=C(C=C3)NC(=O)C4=CC=CC=C4)OCCCN5CCOCC5'"}, "time": 1746388510.427659}