{"duration": 0.6836643218994141, "input_args": {"smiles": "'CC1=CN=C(C(=C1OC)C)CN2C=NC3=C2N=C(N=C3Cl)N'"}, "time": 1746395609.5290399}