{"duration": 0.49652791023254395, "input_args": {"smiles": "'CC1CNC(=O)C2=C3N=C(C=CN3N=C2)NC(C4=C(O1)C=CC(=C4)F)C'"}, "time": 1746395671.596926}