{"duration": 0.3630638122558594, "input_args": {"smiles": "'C1CC1(C(=O)NC2=CC=C(C=C2)OC3=C4C=C(NC4=NC=C3)C(=O)NCCN5CCOCC5)C(=O)NC6=CC=C(C=C6)F'"}, "time": 1743973906.838783}