{"duration": 0.4889390468597412, "input_args": {"smiles": "'Cc1cc2c(cc1C(=C)c1ccc(cc1)C(O)=O)C(C)(C)CCC2(C)C'"}, "time": 1746395200.0513642}