{"duration": 0.4507310390472412, "input_args": {"smiles": "'C1CC(CCC1CCC(=O)O)(C2=C(C=CC(=C2)F)F)S(=O)(=O)C3=CC=C(C=C3)Cl'"}, "time": 1743972698.588772}