{"duration": 0.3763010501861572, "input_args": {"smiles": "'COCCNCC1=CN=C(C=C1)C2=CC3=NC=CC(=C3S2)OC4=C(C=C(C=C4)NC(=O)C5(CC5)C(=O)NC6=CC=C(C=C6)F)F'"}, "time": 1746310298.01376}