{"duration": 0.40723204612731934, "input_args": {"smiles": "'CCC(=O)N1CCOC2=C(C1)C=C(C=C2OCC3CCCN(C3)C)C4=CC(=C(C=C4)OC)OC'"}, "time": 1743973422.9548821}