{"duration": 0.46217894554138184, "input_args": {"smiles": "'C1=CN(C=N1)CC(O)(P(=O)(O)O)P(=O)(O)O'"}, "time": 1746395432.4406369}