{"duration": 0.48750901222229004, "input_args": {"smiles": "'CCN1CCN(CC1)C2=CC=C(C=C2)NC3=CC(=NC=N3)N(C)C(=O)NC4=C(C(=CC(=C4Cl)OC)OC)Cl'"}, "time": 1746395520.0430322}