{"duration": 0.3979310989379883, "input_args": {"smiles": "'COc1cc2ncnc(Nc3cccc(Br)c3)c2cc1OC'"}, "time": 1746309920.159338}