{"duration": 0.35002899169921875, "input_args": {"smiles": "'Cn1cnc2c(F)c(Nc3ccc(Br)cc3Cl)c(cc12)C(=O)NOCCO'"}, "time": 1746310001.6874838}