{"duration": 0.3429911136627197, "input_args": {"smiles": "'C1=CC=C(C(=C1)COC2=C(C=C(C=C2)Br)C=C3C(=O)NC(=S)S3)Br'"}, "time": 1743973610.778464}