{"duration": 0.3425931930541992, "input_args": {"smiles": "'C1=CC=C(C=C1)C(COC2=CC3=C(C=C2)NC(=O)N3)NC(=O)C4=CC=CN(C4=O)CC5=CC(=C(C=C5)F)F'"}, "time": 1743973427.35124}