{"duration": 0.35774898529052734, "input_args": {"smiles": "'CS(=O)(=O)CS(=O)(=O)OCCCl'"}, "time": 1746315640.711949}