{"duration": 0.4755887985229492, "input_args": {"smiles": "'CN(C)C(=O)n1nnnc1Cc1ccc(cc1)-c1ccccc1'"}, "time": 1746388625.856437}