{"duration": 0.4484579563140869, "input_args": {"smiles": "'CC1=C(NC(=C1C(=O)N2CCCC2CN3CCCC3)C)C=C4C5=C(C=CC(=C5)S(=O)(=O)CC6=C(C=CC=C6Cl)Cl)NC4=O'"}, "time": 1746315808.287491}