{"duration": 0.38538289070129395, "input_args": {"smiles": "'C1CNCCC1NC(=O)C2=C(C=NN2)NC(=O)C3=C(C=CC=C3Cl)Cl'"}, "time": 1746315877.658758}