{"duration": 0.4060821533203125, "input_args": {"smiles": "'CC1(C=CC2=C(O1)C=CC3=C2[N+](=C4C3=CC56C(C4(C)C)CC7(CCCN7C5=O)C(=O)N6)[O-])C'"}, "time": 1743973626.14557}