{"duration": 0.363361120223999, "input_args": {"smiles": "'COC1=CC=C(C=C1)S(=O)(=O)N2CCN(CC2)S(=O)(=O)C3=CC4=C(C=C3)OCCO4'"}, "time": 1743972730.0338502}