{"duration": 0.38166093826293945, "input_args": {"smiles": "'CCOC(=O)C1=C(SC2=C1CC(NC2(C)C)(C)C)NC(=O)C3=CC=C(S3)[N+](=O)[O-]'"}, "time": 1743973602.98059}