{"duration": 0.3544461727142334, "input_args": {"smiles": "'CC(C1=CC=C(C=C1)C(=O)NC2=C3C=CNC3=NC=C2)N.Cl'"}, "time": 1746309796.065664}