{"duration": 0.3333747386932373, "input_args": {"smiles": "'C1CCC(C(C1)[NH-])[NH-].C1=CC(=C(C=C1C(=O)O)C(=O)O)C(=O)O.[Pt+2]'"}, "time": 1743973814.1838279}