{"duration": 0.5012879371643066, "input_args": {"smiles": "'COc1ccc(cc1)-n1c(SCc2nc(no2)-c2ccc(C)cc2)nnc1-c1ccncc1'"}, "time": 1746395120.405549}