{"duration": 0.40461015701293945, "input_args": {"smiles": "'C1=CC(=C2C(=C1NCCNCCO)C(=O)C3=C(C=CC(=C3C2=O)O)O)NCCNCCO'"}, "time": 1743973519.0683131}