{"duration": 0.34726381301879883, "input_args": {"smiles": "'CC1(CCC(C2=CC3=C(C=C21)N=C(C4=CC=CC=C4N3C)C5=CC=C(C=C5)C(=O)O)(C)C)C'"}, "time": 1743972684.703388}