{"duration": 0.4070730209350586, "input_args": {"smiles": "'CC(C)c1cc(C(=O)N2Cc3ccc(CN4CCN(C)CC4)cc3C2)c(O)cc1O'"}, "time": 1746308412.619711}