{"duration": 0.3600330352783203, "input_args": {"smiles": "'CC1=CC(=NN1)NC2=NC(=NC=C2Cl)NC(C)C3=NC=C(C=N3)F'"}, "time": 1746315741.3492181}