{"duration": 0.4079768657684326, "input_args": {"smiles": "'CCN1C(=O)CNC2=NC=C(N=C21)C3=C(N=C(C=C3)C4=NC=NN4)C'"}, "time": 1743974040.668022}