{"duration": 0.3510878086090088, "input_args": {"smiles": "'CN(C)CCN1C(=O)C2=CC=CC3=CC(=CC(=C32)C1=O)N'"}, "time": 1746315634.9717062}