{"duration": 0.3611609935760498, "input_args": {"smiles": "'C1CC(CCC1C2=CC=C(C=C2)NC3=NN(C(=N3)N)C4=CC=CC=N4)N5CCOCC5'"}, "time": 1743973997.123383}