{"duration": 0.3547098636627197, "input_args": {"smiles": "'CCN1C=C(C(=N1)C2=CC=C(C=C2)NC(=O)N(C)C)C3=C4C=C(NC4=NC=C3)C5=CC=CC(=C5)CN(C)C'"}, "time": 1743973416.4571588}