{"duration": 0.5547442436218262, "input_args": {"smiles": "'O=C(NCCN1CCC(CC1)n1c2ccccc2[nH]c1=O)c1ccc2ccccc2c1'"}, "time": 1746395186.337654}