{"duration": 0.4644010066986084, "input_args": {"smiles": "'C1=CN(C(=O)N=C1N)C2C(C(C(O2)CO)O)O.Cl'"}, "time": 1746315588.2195141}