{"duration": 0.3942139148712158, "input_args": {"smiles": "'C1CC1C(=O)N2CCN(CC2)C(=O)C3=C(C=CC(=C3)CC4=NNC(=O)C5=CC=CC=C54)F'"}, "time": 1743972329.2752519}