{"duration": 0.48819994926452637, "input_args": {"smiles": "'C1=NC(=NC(=O)N1C2C(C(C(O2)CO)O)O)N'"}, "time": 1743972632.54546}