{"duration": 0.4780130386352539, "input_args": {"smiles": "'CC(CN1CC(=O)NC(=O)C1)N2CC(=O)NC(=O)C2'"}, "time": 1746395336.324621}