{"duration": 0.3598048686981201, "input_args": {"smiles": "'COC(=O)C(CCSC)NC(=O)C1=C(C=C(C=C1)NCC(CS)N)C2=CC=CC=C2'"}, "time": 1746308293.211348}