{"duration": 0.3269340991973877, "input_args": {"smiles": "'C1=CC=C2C(=C1)C(=C(C(=O)C2=O)CC=C(Cl)Cl)O'"}, "time": 1743973796.164171}