{"duration": 0.43117690086364746, "input_args": {"smiles": "'CS(=O)(=O)OCCCNCCCOS(=O)(=O)C'"}, "time": 1746314788.894528}