{"duration": 0.44347286224365234, "input_args": {"smiles": "'Cc1c[nH]c(n1)-c1cnc(NCCNc2ccc(cn2)C#N)nc1-c1ccc(Cl)cc1Cl'"}, "time": 1746388600.365099}