{"duration": 0.48087191581726074, "input_args": {"smiles": "'Cc1cccc(n1)-c1nn2CCCc2c1-c1ccnc2ccc(cc12)C(N)=O'"}, "time": 1746395128.616537}