{"duration": 0.3676416873931885, "input_args": {"smiles": "'CC1=C(C=NO1)C(=O)NC2=CC=C(C=C2)C(F)(F)F'"}, "time": 1746309814.115222}