{"duration": 0.5268340110778809, "input_args": {"smiles": "'CCC1(C2=C(COC1=O)C(=O)N3CC4=CC5=CC=CC=C5N=C4C3=C2)OC(=O)CNCC.Cl'"}, "time": 1746395380.708081}