{"duration": 0.3838539123535156, "input_args": {"smiles": "'Oc1cc(O)c2C[C@@H](OC(=O)c3cc(O)c(O)c(O)c3)[C@H](Oc2c1)c1cc(O)c(O)c(O)c1'"}, "time": 1746309969.606409}