{"duration": 0.34012603759765625, "input_args": {"smiles": "'CN(C)C1CCN(CC1)C2=CC(=C(C=C2)NC3=NC=C(C(=N3)NC4=CC=CC=C4P(=O)(C)C)Cl)OC'"}, "time": 1743974007.315715}