{"duration": 0.4462430477142334, "input_args": {"smiles": "'O[As](O)(=O)c1ccc(Cc2ccc(cc2)[As](O)(O)=O)cc1'"}, "time": 1746309915.044681}