{"duration": 0.44875311851501465, "input_args": {"smiles": "'CC1=C(C2=CC=CC=C2N1)CCNCC3=CC=C(C=C3)C=CC(=O)NO'"}, "time": 1743972403.510847}