{"duration": 0.46570396423339844, "input_args": {"smiles": "'C1N=C(NC(=O)N1C2C(C(C(O2)CO)O)O)N.Cl'"}, "time": 1746315627.550192}