{"duration": 0.4661900997161865, "input_args": {"smiles": "'Cc1c(oc2ccc3ccccc3c12)[N+]([O-])=O'"}, "time": 1746395052.864269}