{"duration": 0.4873809814453125, "input_args": {"smiles": "'CC1COCCN1C2=NC(=NC(=N2)N3CCOCC3)C4=CN=C(C=C4C(F)F)N'"}, "time": 1746395676.3081338}