{"duration": 0.4168970584869385, "input_args": {"smiles": "'CC1=CC=C(C=C1)C2=C(N(C3=NC=NC(=C23)N)CCCO)C(=O)CF'"}, "time": 1746388427.5366359}