{"duration": 0.49948906898498535, "input_args": {"smiles": "'CCC1(C2=C(COC1=O)C(=O)N3CC4=CC5=CC=CC=C5N=C4C3=C2)OC(=O)CCC(=O)O.[Na+]'"}, "time": 1746395387.738456}