{"duration": 0.47769594192504883, "input_args": {"smiles": "'CN1C(=O)N2C=NC(=C2N=N1)C(=O)N'"}, "time": 1746394961.700746}