{"duration": 0.49796390533447266, "input_args": {"smiles": "'CC1CCCC2(C(O2)CC(NC(=O)CC(C(C(=O)C(C1O)C)(C)C)O)C(=CC3=CSC(=N3)C)C)C'"}, "time": 1746315720.921406}