{"duration": 0.3345918655395508, "input_args": {"smiles": "'CN1C=C(C=N1)C2=C3C=NNC(=O)C4=C3C(=CC(=C4)NC(=O)C(C5CCCCC5)N)N2'"}, "time": 1743973929.460342}