{"duration": 0.3321380615234375, "input_args": {"smiles": "'C1COCCN1C2=CC(=O)C3=C(O2)C(=CC=C3)C4=CC=CC=C4'"}, "time": 1743973867.266891}