{"duration": 0.5565178394317627, "input_args": {"smiles": "'CC1(CCC2(CCC3(C(C2C1)C(=O)C=C4C3(CCC5C4(C=C(C(=O)C5(C)C)C#N)C)C)C)C(=O)OC)C'"}, "time": 1746395430.04863}