{"duration": 0.40268397331237793, "input_args": {"smiles": "'CCCCCCCCCC(=O)NC(CN1CCOCC1)C(C2=CC=CC=C2)O'"}, "time": 1743972683.946781}