{"duration": 0.5306551456451416, "input_args": {"smiles": "'CN1CCCCC1NC(=O)[C@H](CCCCCC(C)=O)C(=O)Nc1nc(cs1)-c1ccccc1'"}, "time": 1746395042.922393}