{"duration": 0.4934678077697754, "input_args": {"smiles": "'CN(C)CC1=CC(=CC=C1)N=C(C2=CC=CC=C2)C3=C(NC4=C3C=CC(=C4)C(=O)N(C)C)O'"}, "time": 1746309693.280868}