{"duration": 0.408735990524292, "input_args": {"smiles": "'CC1=C(C(=O)N(N1CC(C)(C)O)C2=CC=CC=C2)C(=O)NC3=NC=C(C=C3)OC4=C5C=CC(=CC5=NC=C4)OC'"}, "time": 1743973896.8938801}