{"duration": 0.409088134765625, "input_args": {"smiles": "'O[C@H]1C=C2[C@@H](NC(=O)c3c(O)c4OCOc4cc23)[C@H](O)[C@@H]1O'"}, "time": 1746309985.800592}