{"duration": 0.37943029403686523, "input_args": {"smiles": "'CC(=O)NC1CCC2=CC(=C(C(=C2C3=CC=C(C(=O)C=C13)SC)OC)OC)O'"}, "time": 1746310083.3904908}