{"duration": 0.8186848163604736, "input_args": {"smiles": "'CN1C2=CC=CC=C2C(=NCCCN(C)C)C3=C1NC(=O)N(C3=O)C.Cl.Cl'"}, "time": 1743972697.260771}