{"duration": 0.40634655952453613, "input_args": {"smiles": "'CN1CCc2c(C1)c1ccccc1n2Cc1ccc(cc1)C(=O)NO'"}, "time": 1746388742.181057}