{"duration": 0.4750490188598633, "input_args": {"smiles": "'CCN(CC)CCNC(=O)C1=C(NC(=C1C)C=C2C3=C(C=CC(=C3)F)NC2=O)C'"}, "time": 1746309776.2127528}