{"duration": 0.3589441776275635, "input_args": {"smiles": "'CC1CC2=CC(=O)CCC2(C3C1C4CCC(C4(CC3)C)(C)O)C'"}, "time": 1746315594.519008}