{"duration": 0.5802578926086426, "input_args": {"smiles": "'CC1CN(CCN1C(=O)OC2=C(C=C3C(=C2)C(=NC=N3)NC4=C(C(=CC=C4)Cl)F)OC)C'"}, "time": 1746394988.9500039}