{"duration": 0.3716301918029785, "input_args": {"smiles": "'C1=CC(=CC=C1CCC2=CNC3=C2C(=O)NC(=N3)N)C(=O)NC(CCC(=O)O)C(=O)O'"}, "time": 1743972401.886555}