{"duration": 0.45714592933654785, "input_args": {"smiles": "'CC\\\\C(c1ccccc1)=C(/c1ccccc1)c1ccc(OCCN(C)C)cc1'"}, "time": 1746395276.139926}