{"duration": 0.5362088680267334, "input_args": {"smiles": "'CC(=O)Nc1ccc(cc1)C(=O)Nc1cc(ccc1N)-c1cccs1'"}, "time": 1746395143.535062}