{"duration": 0.3806037902832031, "input_args": {"smiles": "'CC1=CN2C(=O)C=C(N=C2C(=C1)C(C)NC3=CC=CC=C3)N4CCOCC4'"}, "time": 1746388489.805175}