{"duration": 0.4443068504333496, "input_args": {"smiles": "'CCN(CC)CCCC(C)NC1=C2C=C(C=CC2=NC3=C1C=CC(=C3)Cl)OC.Cl'"}, "time": 1746310026.050441}