{"duration": 0.3747432231903076, "input_args": {"smiles": "'CCOC1=C(C(=O)N(C=C1)C2=CC=C(C=C2)F)C(=O)NC3=CC(=C(C=C3)OC4=C(C(=NC=C4)N)Cl)F'"}, "time": 1746310197.0220559}