{"duration": 0.3784670829772949, "input_args": {"smiles": "'CC(=O)Nc1nc(C)c(s1)-c1ccc(Cl)c(c1)S(=O)(=O)NCCO'"}, "time": 1746309924.383219}