{"duration": 0.36759495735168457, "input_args": {"smiles": "'Cc1ccc(cc1)C(NC(=O)c1ccccc1)c1ccc2cccnc2c1O'"}, "time": 1746309843.2723851}