{"duration": 0.35590600967407227, "input_args": {"smiles": "'C[C@@H](Nc1ccccc1C(O)=O)c1cc(C)cn2c1nc(cc2=O)N1CCOCC1'"}, "time": 1746309835.4250119}