{"duration": 0.3247506618499756, "input_args": {"smiles": "'CC1(C(=O)NC2=C(O1)C=CC(=N2)NC3=NC(=NC=C3F)NC4=CC(=C(C(=C4)OC)OC)OC)C'"}, "time": 1743973662.146146}