{"duration": 0.5182528495788574, "input_args": {"smiles": "'C1=CC=C(C(=C1)CN=C2NC(=O)C(=CC3=CC4=C(C=C3)N=CC=C4)S2)Br'"}, "time": 1746395583.923721}