{"duration": 0.4151291847229004, "input_args": {"smiles": "'C1=CC(=C(C=C1I)F)NC2=C(C=CC(=C2F)F)C(=O)NOCC(CO)O'"}, "time": 1746308327.480952}