{"duration": 0.3540921211242676, "input_args": {"smiles": "'CN(C)[C@H]1CC[C@H]2[C@@H](CC[C@H]3[C@@H]4CC=C(c5ccc6cnccc6c5)[C@@]4(C)CC[C@H]23)C1'"}, "time": 1746309882.8020601}