{"duration": 0.5624899864196777, "input_args": {"smiles": "'C1CC(=O)N(OC1)CC2=CC(=C(C(=C2F)F)NC3=C(C=C(C=C3)I)F)C(=O)NOCCO'"}, "time": 1746395512.295678}