{"duration": 0.3903810977935791, "input_args": {"smiles": "'CN1CCN(CC1)C2=CC=C(C=C2)C(=O)NC3=NNC4=C3CN(C4)C(=O)C(C5=CC=CC=C5)OC'"}, "time": 1746310289.982574}