{"duration": 0.3329038619995117, "input_args": {"smiles": "'C1=CC(=CC=C1OCCCCCCN=C(NC#N)NC2=CC=NC=C2)Cl'"}, "time": 1743972733.1294222}