{"duration": 0.4047410488128662, "input_args": {"smiles": "'C1=CC=NC(=C1)C2=CSC(=N2)NC3=CC=CC=N3'"}, "time": 1743973894.8486772}