{"duration": 0.40149497985839844, "input_args": {"smiles": "'CC(C)N1CCN(CC1)C2=CC=C(C=C2)NC3=NC(=C(S3)C(=O)C4=CC(=CC=C4)OC)N'"}, "time": 1746310236.489221}