{"duration": 0.3079080581665039, "input_args": {"smiles": "'C1=CC=C(C=C1)NS(=O)(=O)C2=CC=CC(=C2)C=CC(=O)NO'"}, "time": 1743973392.182365}