{"duration": 0.32779908180236816, "input_args": {"smiles": "'CC1=CC(=NC2=C1C3=C(S2)C(=NC=N3)N)C'"}, "time": 1743973980.156363}