{"duration": 0.6099319458007812, "input_args": {"smiles": "'CC1=CC(=NN1)NC2=NC(=NC=C2Cl)NC(C)C3=NC=C(C=N3)F'"}, "time": 1746394845.362623}