{"duration": 0.48964381217956543, "input_args": {"smiles": "'CCN(CC)c1ccc(cc1[N+]([O-])=O)C1=NNC(=O)CC1C'"}, "time": 1746388606.828247}