{"duration": 0.4846820831298828, "input_args": {"smiles": "'CCCCCCCCCC(=O)N[C@H](CN1CCOCC1)[C@H](O)c1ccccc1'"}, "time": 1746395155.1939561}