{"duration": 0.5105748176574707, "input_args": {"smiles": "'C1=CC=C(C=C1)C(=O)NC2=CC=CC=C2C=CC3=NNC4=CC=CC=C43'"}, "time": 1746315780.83519}