{"duration": 0.38132715225219727, "input_args": {"smiles": "'COC1=CC(=CC(=C1OC)OC)C2C3C(COC3=O)C(C4=CC5=C(C=C24)OCO5)Br'"}, "time": 1746309822.036114}