{"duration": 0.39575815200805664, "input_args": {"smiles": "'CC(C)(C)C1=CC=C(C=C1)C(=O)NC(=S)NC2=CC=C(C=C2)NC(=O)CCCCN(C)C'"}, "time": 1743973475.559407}