{"duration": 0.34340691566467285, "input_args": {"smiles": "'CC1(CCC(C2=C1C=CC(=C2)C(=O)NC3=CC=C(C=C3)C(=O)O)(C)C)C'"}, "time": 1743972685.0518641}