{"duration": 0.3508141040802002, "input_args": {"smiles": "'C(C(C(=O)O)N)[N+](=NO)[O-]'"}, "time": 1746315953.124929}