{"duration": 0.4881141185760498, "input_args": {"smiles": "'CNC(=O)CN1CCC(CC1)OC2=C(C=C3C(=C2)C(=NC=N3)NC4=C(C(=CC=C4)Cl)F)OC'"}, "time": 1746388483.817931}