{"duration": 0.4068009853363037, "input_args": {"smiles": "'CC1=CC(=C(N(C1=O)C)NC2=C(C=C(C=C2)I)F)C(=O)NOCCO'"}, "time": 1746310264.3274162}