{"duration": 0.530235767364502, "input_args": {"smiles": "'CCC1(C2=C(COC1=O)C(=O)N3CC4=C(C5=CC=CC=C5N=C4C3=C2)CC[Si](C)(C)C)O'"}, "time": 1746395428.926677}