{"duration": 0.3354299068450928, "input_args": {"smiles": "'CC1=CC(=CC(=C1OCCO)C)C2=NC3=C(C(=CC(=C3)OC)OC)C(=O)N2'"}, "time": 1743973526.601475}