{"duration": 0.5246050357818604, "input_args": {"smiles": "'C1=CC(=CC(=C1)I)CSC2=NN=C(O2)C3=CC=NC=C3'"}, "time": 1746394898.701761}