{"duration": 0.38785409927368164, "input_args": {"smiles": "'C1=CC=C(C=C1)CSCCC(CCCCC(=O)O)SCC2=CC=CC=C2'"}, "time": 1746309704.7474198}