{"duration": 0.35963892936706543, "input_args": {"smiles": "'C1CCC(CC1)NC(=O)NCC2CCCO2'"}, "time": 1746309673.459105}