{"duration": 0.5180048942565918, "input_args": {"smiles": "'CCC1(C2=C(COC1=O)C(=O)N3CC4=CC5=CC=CC=C5N=C4C3=C2)OC(=O)CN(C)C.Cl'"}, "time": 1746395392.7262661}