{"duration": 0.3976590633392334, "input_args": {"smiles": "'COc1cccc2cc([nH]c12)-c1nc([C@H]2CC[C@@H](CC2)C(O)=O)n2ncnc(N)c12'"}, "time": 1746388642.474903}