{"duration": 0.3645460605621338, "input_args": {"smiles": "'CC(C)(C)OC(=O)CN(Cc1ccc(s1)[N+]([O-])=O)Cc1ccc(Cl)cc1'"}, "time": 1746388613.0268958}