{"duration": 0.36114931106567383, "input_args": {"smiles": "'CC(C1=NC=C(S1)C(=O)NC2=NC=C(C(=C2)C(F)(F)F)Cl)NC(=O)C3=C(C(=NC=N3)N)Cl'"}, "time": 1746310208.1042938}