{"duration": 0.38216328620910645, "input_args": {"smiles": "'CCn1c2nc(\\\\C=C\\\\c3ccc(OC)c(OC)c3)n(C)c2c(=O)n(CC)c1=O'"}, "time": 1746388701.448999}