{"duration": 0.5423591136932373, "input_args": {"smiles": "'COc1cc(OC2CCN(C)CC2)ccc1Nc1ncc2n(C)c(=O)n(C3CCCC3)c2n1'"}, "time": 1746388548.749109}