{"duration": 0.537858247756958, "input_args": {"smiles": "'CC1=C(C=C(C=C1)NC(=O)C2=CC(=CC=C2)C(C)(C)C#N)NC3=CC4=C(C=C3)N=CN(C4=O)C'"}, "time": 1746394828.274407}