{"duration": 0.4614980220794678, "input_args": {"smiles": "'CC1=C2COC(=O)C2=C(C(=C1OC)CC=C(C)CCC(=O)O)O'"}, "time": 1746315607.066176}