{"duration": 0.521353006362915, "input_args": {"smiles": "'CN1C=C(C(=N1)OC)NC2=C3C(=NC(=N2)N4CC(C(C4)F)NC(=O)C=C)N(C=N3)C'"}, "time": 1746395649.498988}