{"duration": 0.3571290969848633, "input_args": {"smiles": "'C=CC(=O)NC1=C(C=C2C(=C1)C(=NC=N2)NC3=CC(=C(C=C3)F)Cl)OCCCN4CCOCC4'"}, "time": 1746309705.941063}