{"duration": 0.4119529724121094, "input_args": {"smiles": "'CN(C)CCN1C(=O)C2=CC=CC3=CC(=CC(=C32)C1=O)N'"}, "time": 1743973818.8716328}