{"duration": 0.3587677478790283, "input_args": {"smiles": "'CCOc1ccccc1-c1cc(=O)[nH]c2cc3OCOc3cc12'"}, "time": 1746388609.098957}