{"duration": 0.34918880462646484, "input_args": {"smiles": "'Nc1ccccc1NC(=O)c1ccc(CNC(=O)OCc2cccnc2)cc1'"}, "time": 1746309969.2195399}