{"duration": 0.40331006050109863, "input_args": {"smiles": "'CC(C)N1C(=O)C(=CC2=CC=C(O2)SC3=NC4=CC=CC=C4N3)SC1=O'"}, "time": 1743973568.394721}