{"duration": 0.40912604331970215, "input_args": {"smiles": "'CC(C)[C@H](O)C(=O)N[C@@H](C)C(=O)N[C@H]1c2ccccc2CCN(C)C1=O'"}, "time": 1746388726.0061948}