{"duration": 0.36263513565063477, "input_args": {"smiles": "'CCN(CC)CCCC(C)Nc1c2ccc(Cl)cc2nc3ccc(OC)cc13'"}, "time": 1746315241.4882371}