{"duration": 0.40233397483825684, "input_args": {"smiles": "'COC1=NC(=NC2=C1N=CN2C3C(C(C(O3)CO)O)O)N'"}, "time": 1746388529.812035}