{"duration": 0.33121204376220703, "input_args": {"smiles": "'CC1=CC(=CC(=C1)OCC2=CC=C(C=C2)CN3CCCC3CO)CS(=O)(=O)C4=CC=CC=C4'"}, "time": 1743973469.14382}