{"duration": 0.3571128845214844, "input_args": {"smiles": "'C1CC(OC1CO)N2C=CC(=NC2=O)N'"}, "time": 1746310089.974796}