{"duration": 0.35207605361938477, "input_args": {"smiles": "'CNNCc1ccc(cc1)C(=O)NC(C)C'"}, "time": 1746315252.6336498}