{"duration": 0.42194700241088867, "input_args": {"smiles": "'NC1=NC(=O)N(C=N1)C2OC(CO)C(O)C2O'"}, "time": 1746315084.40918}