{"duration": 0.3639838695526123, "input_args": {"smiles": "'CCCC(=O)OCC1=CC=C(C=C1)OC(=O)C=C(C)C=CC=C(C)C=CC2=C(CCCC2(C)C)C'"}, "time": 1746309788.3289511}