{"duration": 0.3989689350128174, "input_args": {"smiles": "'CC1=CC(=NN1)NC2=CC(=NC(=N2)C#CC3=CC=CC=C3)N4CCN(CC4)C'"}, "time": 1743973914.609647}