{"duration": 0.44477128982543945, "input_args": {"smiles": "'CC(C1=NC=C(S1)C(=O)NC2=NC=C(C(=C2)C(F)(F)F)Cl)NC(=O)C3=C(C(=NC=N3)N)Cl'"}, "time": 1746315810.0547059}