{"duration": 0.3504068851470947, "input_args": {"smiles": "'COc1cc2ncn(-c3cc(OCc4ccccc4S(C)(=O)=O)c(s3)C#N)c2cc1OC'"}, "time": 1746309875.177967}