{"duration": 0.3921468257904053, "input_args": {"smiles": "'C1=CC(=C2C(=C1NCCNCCO)C(=O)C3=C(C=CC(=C3C2=O)O)O)NCCNCCO.Cl'"}, "time": 1746315634.184913}