{"duration": 0.5019299983978271, "input_args": {"smiles": "'C1=CC=C(C=C1)CCN=C(N)N=C(N)N'"}, "time": 1743973453.393769}