{"duration": 0.35621213912963867, "input_args": {"smiles": "'CC(C(C(=O)NC(C(C)O)C(=O)NC(CCCCN)C(=O)O)N)O'"}, "time": 1746388490.542335}