{"duration": 0.37153100967407227, "input_args": {"smiles": "'NS(=O)(=O)C#Cc1ccccc1'"}, "time": 1746309996.316607}