{"duration": 0.4390139579772949, "input_args": {"smiles": "'N.N.Cl[Pt]Cl'"}, "time": 1746308281.815389}