{"duration": 0.3827483654022217, "input_args": {"smiles": "'COC1=CC=C(C=C1)C(=O)CC2(C3=C(C=CC(=C3NC2=O)Cl)Cl)O'"}, "time": 1746388508.4690418}