{"duration": 0.37621188163757324, "input_args": {"smiles": "'CC1(CC2=CN=C(N=C2C3=C1C(=NN3C)C(=O)NC)NC4=CC(=CC=C4)N5CCN(CC5)C)C'"}, "time": 1743974003.985524}