{"duration": 0.3802371025085449, "input_args": {"smiles": "'COC1=CC=C(C=C1)N2CC3=CN=C(N=C3N(C2=O)C4CCC(C4)O)NC5=CC=CC=C5'"}, "time": 1746310245.0491142}