{"duration": 0.43167591094970703, "input_args": {"smiles": "'CCC(C)C1C(=O)NC2CSSCC(C(=O)NC(C(=O)NC(C(=O)N1)CC(C)C)C(C)C)NC2=O'"}, "time": 1746315637.401897}