{"duration": 0.3646199703216553, "input_args": {"smiles": "'CC1=CC(=CN=C1C2=CN=CC=C2)C3=C(C=C(C=N3)C4=CN=CC=C4)C=CC5=CC=CC=C5'"}, "time": 1746310289.588104}