{"duration": 0.40888500213623047, "input_args": {"smiles": "'C1=CC(=CN=C1)C2=CC=C(C=C2)C(=O)C3=C(N(N=C3)C4=CC=C(C=C4)F)N'"}, "time": 1746315843.9825752}