{"duration": 0.5279929637908936, "input_args": {"smiles": "'CN1C=C(C2=CC=CC=C21)CNCC3CCN(CC3)C4=NC=C(C=N4)C(=O)NO'"}, "time": 1746395493.851191}