{"duration": 0.4432659149169922, "input_args": {"smiles": "'CN(C)c1ccccc1CN1CCCN(Cc2ccccc2N(C)C)C1c1ccncc1'"}, "time": 1746388609.9689941}