{"duration": 0.32013583183288574, "input_args": {"smiles": "'C(CC(=O)NC(CS)C(=O)NCC(=O)O)C(C(=O)O)N'"}, "time": 1743973537.0684092}