{"duration": 0.4000561237335205, "input_args": {"smiles": "'C1CCC(C(C1)N)NC2=NC=C(C(=N2)NC3=CC(=CC=C3)N4N=CC=N4)C(=O)N'"}, "time": 1746308399.255299}