{"duration": 0.509429931640625, "input_args": {"smiles": "'COc1cc(ccc1Nc1ncc(Cl)c(Nc2ccccc2S(=O)(=O)C(C)C)n1)N1CCC(CC1)N1CCN(C)CC1'"}, "time": 1746395150.577848}