{"duration": 0.40494775772094727, "input_args": {"smiles": "'CNC(=O)NC1=CC=C(C=C1)C2=NC3=C(C=NN3C4CCC5(CC4)OCCO5)C(=N2)N6CC7CCC(C6)O7'"}, "time": 1746309792.106486}