{"duration": 0.35813093185424805, "input_args": {"smiles": "'COCC1(C(=O)C2CCN1CC2)CO'"}, "time": 1746309821.2859251}