{"duration": 0.4074101448059082, "input_args": {"smiles": "'C1CCC(=NNC2=NC(=CS2)C3=CC=C(C=C3)C#N)C1'"}, "time": 1743973527.014771}