{"duration": 0.4859180450439453, "input_args": {"smiles": "'CC(=O)Nc1ccc(cc1)C(=O)Nc1ccc(F)cc1N'"}, "time": 1746308431.2233238}