{"duration": 0.3425419330596924, "input_args": {"smiles": "'C1=CC(=CC=C1C=C2C(=O)N=C(S2)N)O'"}, "time": 1743973438.441653}