{"duration": 0.5254650115966797, "input_args": {"smiles": "'C1C(C(OC1N2C=NC3=C2NC=NCC3O)CO)O'"}, "time": 1746395341.5032692}