{"duration": 0.37967991828918457, "input_args": {"smiles": "'C1CC1CONC(=O)C2=C(C(=C(C=C2)F)F)NC3=C(C=C(C=C3)I)Cl'"}, "time": 1746315799.36153}