{"duration": 0.37572669982910156, "input_args": {"smiles": "'CC1=CC(=C(C=C1C2CCNCC2)OC(C)C)NC3=NC=C(C(=N3)NC4=CC=CC=C4S(=O)(=O)C(C)C)Cl'"}, "time": 1746315882.070051}