{"duration": 0.422558069229126, "input_args": {"smiles": "'CCC1=CNC2=C1C(=NC=N2)N3CCC(C3)(CNC(=O)C4=C(C=C(C=C4)F)F)N'"}, "time": 1746315865.515417}