{"duration": 0.406768798828125, "input_args": {"smiles": "'CCOC(=O)C1=C(C2=C(N1C)C(=C(C=C2)Cl)Cl)C(=CN)C#N'"}, "time": 1743972756.554803}