{"duration": 0.4049389362335205, "input_args": {"smiles": "'CC(=O)C1=CC(=C(S1)SC2=C(C=C(C=C2)F)F)[N+](=O)[O-]'"}, "time": 1743972629.3676538}