{"duration": 0.5281112194061279, "input_args": {"smiles": "'CC(C1=CC2=C(C=C1)C3=CC(=C(C=C3OC2=O)OCC4=CC=C(C=C4)OC)OC)O'"}, "time": 1746395611.764547}