{"duration": 0.3941819667816162, "input_args": {"smiles": "'C1COCCN1CCC(=O)N2CC(=CC3=CC(=C(C=C3)Cl)Cl)C(=O)C(=CC4=CC(=C(C=C4)Cl)Cl)C2.Cl'"}, "time": 1746315668.96494}