{"duration": 0.3622610569000244, "input_args": {"smiles": "'ONC(=O)c1cccc(c1)C(=O)Nc1ccccc1'"}, "time": 1746309858.756165}