{"duration": 0.44617390632629395, "input_args": {"smiles": "'C1CC1C(=O)NC2=NNC3=C2C=CC(=C3)C4=CC(=CC=C4)C(=O)NC5CC5'"}, "time": 1746309794.529639}