{"duration": 0.3958320617675781, "input_args": {"smiles": "'CC1CN(CC(N1)C)C2=CC=C(C=C2)C(=O)NC3=NNC(=C3)CCC4=CC(=CC(=C4)OC)OC'"}, "time": 1743972324.2037601}