{"duration": 0.4114391803741455, "input_args": {"smiles": "'COc1cc2nccc(Oc3ccc(NC(=O)Nc4cc(C)on4)c(Cl)c3)c2cc1OC'"}, "time": 1746310014.88214}