{"duration": 0.36119818687438965, "input_args": {"smiles": "'CCN1CCC(CC1)N2C=C(N=N2)CNC3=CC4=C(C(=CN=C4C(=C3)Cl)C#N)NC5=CC(=C(C=C5)F)Cl'"}, "time": 1743972392.2661939}