{"duration": 0.3803141117095947, "input_args": {"smiles": "'CC1CCC\\\\C=C/C2CC(O)CC2C(O)\\\\C=C/C(=O)O1'"}, "time": 1746388680.617671}