{"duration": 0.35765671730041504, "input_args": {"smiles": "'CC1=CN2C(=O)C=C(N=C2C(=C1)C(C)NC3=CC=CC=C3)N4CCOCC4'"}, "time": 1743973470.735887}