{"duration": 0.39241600036621094, "input_args": {"smiles": "'CCC1(C2=C(COC1=O)C(=O)N3CC4=C(C3=C2)N=C5C=C(C=CC5=C4)C=O)O'"}, "time": 1746315654.153408}