{"duration": 0.38109397888183594, "input_args": {"smiles": "'COC1=CC=C2C(=CC1=O)[C@H](CCc3cc(OC)c(OC)c(OC)c23)NC(=O)C'"}, "time": 1746315062.1723049}