{"duration": 0.35607481002807617, "input_args": {"smiles": "'CN1C=C(C2=CC=CC=C21)CNCC3CCN(CC3)C4=NC=C(C=N4)C(=O)NO'"}, "time": 1746315763.564312}