{"duration": 0.4288179874420166, "input_args": {"smiles": "'Clc1ccc(CC(=N)NOC(=O)c2cccc3ccccc23)cc1'"}, "time": 1746309881.2136488}