{"duration": 0.3799750804901123, "input_args": {"smiles": "'CC12CCC3C(C1CCC2O)C(CC4=C3C=CC(=C4)O)CCCCCCCCCS(=O)CCCC(C(F)(F)F)(F)F'"}, "time": 1746388430.483371}