{"duration": 0.4091930389404297, "input_args": {"smiles": "'CN1C=NC2=C1C=C(C(=C2F)NC3=C(C=C(C=C3)Br)Cl)C(=O)NOCCO'"}, "time": 1743972331.478924}