{"duration": 0.6339902877807617, "input_args": {"smiles": "'CC1CNC(=O)C2=C3N=C(C=CN3N=C2)NC(C4=C(O1)C=CC(=C4)F)C'"}, "time": 1743974046.571775}