{"duration": 0.4001321792602539, "input_args": {"smiles": "'C1CSSC1CCCCC(=O)O'"}, "time": 1743972633.664839}