{"duration": 0.41753101348876953, "input_args": {"smiles": "'CC(=CC(=O)OC1CC2=CC(CC3(C(O3)C4C1C(=C)C(=O)O4)C)OC2=O)C'"}, "time": 1746388521.6868942}