{"duration": 0.37311792373657227, "input_args": {"smiles": "'CC1(C)CCC(C)(C)c2cc(ccc12)C(=O)Nc1ccc(cc1)C(O)=O'"}, "time": 1746388546.9685051}