{"duration": 0.3278210163116455, "input_args": {"smiles": "'CC1=CC(=C(N1C2=CC=C(C=C2)F)C)C(=O)CN3CCCC3'"}, "time": 1743973588.0596192}