{"duration": 0.33722710609436035, "input_args": {"smiles": "'CN1C2=NC(=NC=C2C=C(C1=O)OC3=C(C=C(C=C3)F)F)NC4CCOCC4'"}, "time": 1743973979.463734}