{"duration": 0.33589792251586914, "input_args": {"smiles": "'CC1=[N+](C2=C(N1CCOC)C(=O)C3=CC=CC=C3C2=O)CC4=NC=CN=C4'"}, "time": 1746315733.728598}