{"duration": 0.4054441452026367, "input_args": {"smiles": "'CC(C)(C(=O)NCC(C(F)(F)F)(F)F)C(=O)NC1C2=CC=CC=C2C3=CC=CC=C3NC1=O'"}, "time": 1743972702.8878021}