{"duration": 0.3352510929107666, "input_args": {"smiles": "'Oc1ccc(cc1)\\\\C=C\\\\C(=O)c1ccc(O)cc1O'"}, "time": 1746388700.717661}