{"duration": 0.3719496726989746, "input_args": {"smiles": "'C1CCC(CC1)n1cnc2c(Nc3ccc(cc3)N3CCOCC3)nc(Oc3cccc4ccccc34)nc12'"}, "time": 1746309998.571022}