{"duration": 0.47877001762390137, "input_args": {"smiles": "'COC1=CC=C(C=C1)N2CC3=CN=C(N=C3N(C2=O)C4CCC(C4)O)NC5=CC=CC=C5'"}, "time": 1746395578.608611}