{"duration": 0.49406909942626953, "input_args": {"smiles": "'Oc1c(CC=C)cccc1\\\\C=N\\\\NC(=O)CN1CCN(Cc2ccccc2)CC1'"}, "time": 1746395152.604196}