{"duration": 0.5487120151519775, "input_args": {"smiles": "'COC1=CC=CC=C1CCN=C2NC(=O)C(=CC3=CC4=C(C=C3)N=CC=C4)S2'"}, "time": 1746315852.5793622}