{"duration": 0.5549447536468506, "input_args": {"smiles": "'C1COCCN1C2=NC(=NC3=C2OC4=C3C=CC=N4)C5=CC(=CC=C5)O'"}, "time": 1746394928.059467}