{"duration": 0.5108852386474609, "input_args": {"smiles": "'OC[C@@H]1O[C@@H](CC(=O)NCc2ccncn2)CC[C@H]1NC(=O)c1ccc(F)cc1'"}, "time": 1746395063.6132412}