{"duration": 0.3939390182495117, "input_args": {"smiles": "'CC1=NC2=C(C(=N1)NC3=NNC4=C3CN(C4(C)C)C(=O)NC(CN(C)C)C5=CC=CC=C5)SC=C2'"}, "time": 1743973608.42857}