{"duration": 0.5091590881347656, "input_args": {"smiles": "'CNC(=O)C1=C(C=CC=C1F)NC2=NC(=NC3=C2C=CN3)NC4=C(C=C5CCN(C5=C4)C(=O)CN(C)C)OC'"}, "time": 1746395529.257985}