{"duration": 0.33547306060791016, "input_args": {"smiles": "'O1[As]2O[As]3O[As]1O[As](O2)O3'"}, "time": 1743973914.9595861}