{"duration": 0.38436102867126465, "input_args": {"smiles": "'C1CC(C1)(C(=O)O)C(=O)O.[NH2-].[NH2-].[Pt+2]'"}, "time": 1743973809.004771}