{"duration": 0.37383008003234863, "input_args": {"smiles": "'CC(C)(C)OC(=O)CN(CC1=CC=C(C=C1)Cl)CC2=CC=C(S2)[N+](=O)[O-]'"}, "time": 1743972776.876771}