{"duration": 0.3422861099243164, "input_args": {"smiles": "'CCN1CCN(CC1)C2=CC=C(C=C2)NC3=CC(=NC=N3)N(C)C(=O)NC4=C(C(=CC(=C4Cl)OC)OC)Cl'"}, "time": 1746315792.806032}