{"duration": 0.38099193572998047, "input_args": {"smiles": "'CC1=CC=CC=C1C2=C(C(=O)NC2=O)C3=CN(C4=CC=CC=C43)C'"}, "time": 1746310216.5450969}