{"duration": 0.3286111354827881, "input_args": {"smiles": "'Nc1ccn([C@@H]2O[C@H](CO)[C@@H](O)C2(F)F)c(=O)n1'"}, "time": 1746388697.703713}