{"duration": 0.3843650817871094, "input_args": {"smiles": "'CC(=O)NC[C@@H]1C[C@H](CN1)NS(=O)(=O)c1cccc2cncc(C)c12'"}, "time": 1746388594.2625432}