{"duration": 0.3699679374694824, "input_args": {"smiles": "'CCCS(=O)(=O)Nc1ccc(F)c(C(=O)c2c[nH]c3ncc(Cl)cc23)c1F'"}, "time": 1746309925.5929549}