{"duration": 0.4705197811126709, "input_args": {"smiles": "'NS(=O)(=O)c1ccc(cc1)S(=O)(=O)Nc1cccc2c(Cl)c[nH]c12'"}, "time": 1746395233.424256}