{"duration": 0.6125531196594238, "input_args": {"smiles": "'CC(CN1C2=C3C=C(C=CC3=NC=C2N(C1=O)C)C4=CC(=CN=C4)C(C)(C)O)OC'"}, "time": 1746310300.996961}