{"duration": 0.4187800884246826, "input_args": {"smiles": "'CC1=C(C=C(C=C1)NC(=O)C2=CC3=C(C=C2)OCCO3)NC(=O)C4=CC5=C(C=C4)N=C(C=C5)C'"}, "time": 1743972434.7079659}