{"duration": 0.4037811756134033, "input_args": {"smiles": "'CC1=C(C(=NO1)C2=CC=CC=C2)C3=CC=C(C=C3)S(=O)(=O)N'"}, "time": 1743972691.6272728}