{"duration": 0.5841350555419922, "input_args": {"smiles": "'CC1=C(C2=C(C3(CC3)C(C(=O)C2=C1)(C)O)C)CO'"}, "time": 1746395421.460144}