{"duration": 0.6472439765930176, "input_args": {"smiles": "'C(C(C(=O)O)NC(=O)CP(=O)(O)O)C(=O)O.[Na+]'"}, "time": 1746315621.779396}