{"duration": 0.3773040771484375, "input_args": {"smiles": "'CC(C1=C(C=C(C=C1)Cl)[N+](=O)[O-])N2C(C(=O)NC3=C(C2=O)C=C(C=C3)I)C4=CC=C(C=C4)Cl'"}, "time": 1743973904.172348}