{"duration": 0.4907960891723633, "input_args": {"smiles": "'C1=CC2=NC=CN=C2C=C1C=C3C(=O)NC(=O)S3'"}, "time": 1746394826.214408}