{"duration": 0.37702298164367676, "input_args": {"smiles": "'C1=CC2=NC=CN=C2C=C1C=C3C(=O)NC(=O)S3'"}, "time": 1746309678.168019}