{"duration": 0.34983396530151367, "input_args": {"smiles": "'CN1CCC(CC1)COC2=CN=C(N=C2)C3=CC=CC(=C3)CN4C(=O)C=CC(=N4)C5=CC=CC(=C5)C#N'"}, "time": 1746315752.122111}