{"duration": 0.35870790481567383, "input_args": {"smiles": "'CC1=C2C(=NN1)NC3=C(C=C(C=C3)[N+](=O)[O-])C(=N2)C4=CC=CC=C4Cl'"}, "time": 1746310227.777964}