{"duration": 0.3954470157623291, "input_args": {"smiles": "'CC(C)NC(=O)C1=CC=C(C=C1)CNNC.Cl'"}, "time": 1743973786.815283}