{"duration": 0.39907312393188477, "input_args": {"smiles": "'CC(C)(C)C1=CN=C(O1)CSC2=CN=C(S2)NC(=O)C3CCNCC3'"}, "time": 1746315812.478934}