{"duration": 0.4011809825897217, "input_args": {"smiles": "'CC1(CCCN1)C2=NC3=C(C=CC=C3N2)C(=O)N'"}, "time": 1743972415.5524879}