{"duration": 0.5259640216827393, "input_args": {"smiles": "'CC(C1=C(C=C(C=C1Cl)F)Cl)OC2=C(N=CC(=C2)C3=CN(N=C3)C4CCNCC4)N'"}, "time": 1746395475.419803}