{"duration": 0.44142913818359375, "input_args": {"smiles": "'C1C(C(C(C1N2C=CC3=C(N=CN=C32)N)O)O)CCC4=CC5=NC(=C(C=C5C=C4)Br)N'"}, "time": 1743974053.8771698}