{"duration": 0.558027982711792, "input_args": {"smiles": "'CC(C)n1cnc2c(NCc3ccccc3)nc(NCCO)nc12'"}, "time": 1746395144.095844}