{"duration": 0.3395659923553467, "input_args": {"smiles": "'FC(F)(F)Oc1ccc(NC(=O)c2sccc2NCc2ccnc3ccccc23)cc1'"}, "time": 1746309919.3002188}