{"duration": 0.36498165130615234, "input_args": {"smiles": "'CC1COCCN1C2=NC(=NC(=C2)C3(CC3)S(=N)(=O)C)C4=C5C=CNC5=NC=C4'"}, "time": 1746309683.6428459}