{"duration": 0.5092020034790039, "input_args": {"smiles": "'CC1=CC2=C(C(=C1)OC)SC(=C2)C3=C4C(=NC=NN4C(=C3COC)CN5CCNC(=O)C5)N'"}, "time": 1746395678.462987}