{"duration": 0.6049900054931641, "input_args": {"smiles": "'COc1ccc(cc1)C(=O)CC1(O)C(=O)Nc2c1c(Cl)ccc2Cl'"}, "time": 1746395189.624141}