{"duration": 0.3950059413909912, "input_args": {"smiles": "'CC(C)C1=CC=C(C=C1)C2=CC(=O)C3=CC=CC=C3O2'"}, "time": 1746309815.300641}