{"duration": 0.32079577445983887, "input_args": {"smiles": "'COC1=C(C=C2C(=C1)C(=NC=N2)NC3=CC(=CC=C3)Br)OC'"}, "time": 1743972707.5086389}