{"duration": 0.49500417709350586, "input_args": {"smiles": "'Nc1nc(Cl)nc2n(cnc12)[C@@H]1O[C@H](CO)[C@@H](O)[C@@H]1F'"}, "time": 1746395210.5069811}