{"duration": 0.36447906494140625, "input_args": {"smiles": "'CCCCCCCCCC(=O)N[C@H](CN1CCOCC1)[C@H](O)c1ccccc1'"}, "time": 1746309920.990908}