{"duration": 0.36041712760925293, "input_args": {"smiles": "'C1=CC=C2C(=C1)C(=O)C(=C(C2=O)SCCO)SCCO'"}, "time": 1743973605.277864}