{"duration": 0.3855288028717041, "input_args": {"smiles": "'CS(=O)(=O)N1CCC(CC1)NC2=NC=C(C(=N2)N)C(=O)C3=C(C=CC=C3F)F'"}, "time": 1746315859.2401721}