{"duration": 0.3360569477081299, "input_args": {"smiles": "'C1=CC=C2C(=C1)C3=CC=CC=C3N2CCC4=NC5=CC=CC=C5N4'"}, "time": 1743973569.125846}