{"duration": 1.5554029941558838, "input_args": {"smiles": "'CC1=C(SC2=C1N=C(N=C2N3CCOCC3)C4=CN=C(N=C4)N)CN5CCN(CC5)C(=O)C(C)O'"}, "time": 1746394842.783703}