{"duration": 0.3382258415222168, "input_args": {"smiles": "'C1CC(N(C1)C2=NC3=C(C=NN3C=C2)NC(=O)N4CCC(C4)O)C5=C(C=CC(=C5)F)F'"}, "time": 1743974026.870272}