{"duration": 0.3495209217071533, "input_args": {"smiles": "'CC(C)CNC1=NC(=NC=C1)NCC2=CSC(=N2)C3=CC=CC=C3'"}, "time": 1743973589.880558}