{"duration": 0.4019169807434082, "input_args": {"smiles": "'CC1=C2C=C(C=CC2=NN1)C3=CC(=CN=C3)OCC(CC4=CNC5=CC=CC=C54)N'"}, "time": 1746388385.5266619}