{"duration": 0.5521407127380371, "input_args": {"smiles": "'CC1CCCC2(C(O2)CC(OC(=O)CC(C(C(=O)C(C1O)C)(C)C)O)C(=CC3=CSC(=N3)C)C)C'"}, "time": 1746394876.596521}