{"duration": 0.4524369239807129, "input_args": {"smiles": "'COC1=C(C=C2C(=C1)C(=NC(=N2)N3CCCC3)NCCCCCN4CCCC4)OC'"}, "time": 1743973532.6580281}