{"duration": 0.3576982021331787, "input_args": {"smiles": "'CCN(CC)CCCC(C)Nc1c2ccc(Cl)cc2nc3ccc(OC)cc13'"}, "time": 1746314771.529127}