{"duration": 0.39615607261657715, "input_args": {"smiles": "'C[C@H](CO)N1C[C@H](C)[C@H](CN(C)Cc2ccc(Cl)c(Cl)c2)Oc2ccc(cc2C1=O)N(C)C'"}, "time": 1746309849.098581}