{"duration": 0.48528099060058594, "input_args": {"smiles": "'C1CN(CCC12C(=O)NCN2C3=CC=CC=C3)CCNC(=O)C4=CC5=CC=CC=C5C=C4'"}, "time": 1743973571.568317}