{"duration": 0.3491249084472656, "input_args": {"smiles": "'CC1=C(C(=O)C(=C(C1=O)N2CC2)CO)N3CC3'"}, "time": 1746310123.392995}