{"duration": 0.3996720314025879, "input_args": {"smiles": "'C1OC2=C(O1)C=C3C(=C2)C(=O)C=C(N3)C4=CC=CC=C4F'"}, "time": 1743973574.026077}