{"duration": 0.6055307388305664, "input_args": {"smiles": "'CC1=CC=C(C=C1)N2C(=CC(=N2)C(C)(C)C)NC(=O)NC3=CC=C(C4=CC=CC=C43)OCCN5CCOCC5'"}, "time": 1746394871.702793}