{"duration": 0.39459800720214844, "input_args": {"smiles": "'O=C(NCCN1CCC2(CC1)N(CNC2=O)c1ccccc1)c1ccc2ccccc2c1'"}, "time": 1746388597.7934499}