{"duration": 0.39861607551574707, "input_args": {"smiles": "'C1=CC=NC(=C1)C2=CSC(=N2)NC3=CC=CC=N3'"}, "time": 1746310153.630955}