{"duration": 0.4694221019744873, "input_args": {"smiles": "'C1=CN(C(=O)N=C1N)C2C(C(C(O2)CO)O)O.Cl'"}, "time": 1746395305.979866}