{"duration": 0.5019769668579102, "input_args": {"smiles": "'C1C(ON=C1Cl)C(C(=O)O)N'"}, "time": 1746395334.783573}