{"duration": 0.37796998023986816, "input_args": {"smiles": "'CN1C=C(C2=CC=CC=C21)C3=C(C(=O)NC3=O)C4=CN=CC=C4'"}, "time": 1746310219.89029}