{"duration": 0.3470728397369385, "input_args": {"smiles": "'CC12CCC(C(C1CCC3C24CCC(C(C3)C4)(COC(=O)CN)O)(C)CO)O.Cl'"}, "time": 1746310071.653064}