{"duration": 0.4389641284942627, "input_args": {"smiles": "'CC1=C(C=C(C=N1)Cl)NCC2=CC=C(S2)C(=O)NC(CC3CCCC3)C(=O)NC4CC4'"}, "time": 1743973509.409549}