{"duration": 0.353452205657959, "input_args": {"smiles": "'C1=CN(C(=O)N=C1N)C2C(C(C(O2)CO)O)(F)F.Cl'"}, "time": 1746310098.1482408}