{"duration": 0.37735509872436523, "input_args": {"smiles": "'Cc1ccc(cc1)\\\\C=C1\\\\CNC\\\\C(=C/c2ccc(C)cc2)C1=O'"}, "time": 1746388639.327438}