{"duration": 0.377439022064209, "input_args": {"smiles": "'C1CN(CCO1)c1nnc(-c2ccccc2)c(n1)-c1ccccc1'"}, "time": 1746388629.018828}