{"duration": 0.42645907402038574, "input_args": {"smiles": "'CC1=C(C=NN1)C2=CC3=C(S2)C(=O)NC(=N3)C4CC5CCN4CC5'"}, "time": 1746315943.421107}