{"duration": 0.3470802307128906, "input_args": {"smiles": "'CC1CN(C(=O)C2=C(C=CC(=C2)NC(=O)NC3=CC=C(C=C3)OC)OC1CN(C)CC4=CC5=C(C=C4)OCO5)C(C)CO'"}, "time": 1743972677.959452}