{"duration": 0.33657383918762207, "input_args": {"smiles": "'COC1=CC=CC(=C1)NC2=NC=NN3C2=C(C=C3)CN4CCC(C(C4)O)N'"}, "time": 1743973919.6201758}