{"duration": 0.3429100513458252, "input_args": {"smiles": "'C1=CC(=CC=C1C2=CNN=C2)C(CN)(C3=CC=C(C=C3)Cl)O'"}, "time": 1743973495.72211}