{"duration": 0.45572805404663086, "input_args": {"smiles": "'C(=O)(N)NO'"}, "time": 1746395300.4751518}