{"duration": 0.4356560707092285, "input_args": {"smiles": "'CCCCCCCCCCCC1=C(C(=O)C=C(C1=O)O)O'"}, "time": 1746308288.172531}