{"duration": 0.4035191535949707, "input_args": {"smiles": "'C1N=C(NC(=O)N1C2C(C(C(O2)CO)O)O)N.Cl'"}, "time": 1743973812.315524}