{"duration": 0.4031510353088379, "input_args": {"smiles": "'C1CC2=C(C(=NN2C1)C3=CC=CC=N3)C4=C5C=CC(=CC5=NC=C4)OCCN6CCOCC6'"}, "time": 1743973515.329203}