{"duration": 0.3660101890563965, "input_args": {"smiles": "'COC1=CC(=N\\\\C\\\\1=C/c1[nH]c(C)cc1C)c1cc2ccccc2[nH]1'"}, "time": 1746309990.471115}