{"duration": 0.3978698253631592, "input_args": {"smiles": "'CC(C)NC1=NC=C(C(=C1)C2=CNC(=C2)C(=O)NC(CO)C3=CC(=CC=C3)Cl)Cl'"}, "time": 1746308403.821667}