{"duration": 0.4892909526824951, "input_args": {"smiles": "'CN1C(=S)NC(Cc2c[nH]c3ccccc23)C1=O'"}, "time": 1746388709.936516}