{"duration": 0.44481730461120605, "input_args": {"smiles": "'CN1CCN(CC1)CCCN2C3=CC=CC=C3SC4=C2C=C(C=C4)Cl'"}, "time": 1743972699.919509}