{"duration": 0.5052340030670166, "input_args": {"smiles": "'CC(C)CC(=O)NC1=NNC2=C1CN(C2(C)C)C(=O)C3CCN(CC3)C'"}, "time": 1746309759.2260091}