{"duration": 0.3641078472137451, "input_args": {"smiles": "'CC(=C(C#N)C(=O)NC1=C(C=CC(=C1)Br)Br)O'"}, "time": 1743973430.729811}