{"duration": 0.44034600257873535, "input_args": {"smiles": "'C=C(CN1CCN(CC1)C2=CC(=CC(=C2)C(F)(F)F)C(F)(F)F)C3=CC=C(C=C3)C(=O)NC4=CC=CC=C4N'"}, "time": 1746315709.726697}