{"duration": 0.40767741203308105, "input_args": {"smiles": "'CC1=C(C(=NO1)C(=O)N2CCN(CC2)C(C3=CC=C(C=C3)Cl)C4=CC=C(C=C4)Cl)[N+](=O)[O-]'"}, "time": 1743973599.113299}