{"duration": 0.3575119972229004, "input_args": {"smiles": "'CC1=CCCC(C2CC(CCC3(C(O3)CC1)C)C(=C)C(=O)O2)(C)O'"}, "time": 1746308401.3825312}