{"duration": 0.6263089179992676, "input_args": {"smiles": "'C1CN=C(N1)NN=CC2=C3C=CC=CC3=C(C4=CC=CC=C42)C=NNC5=NCCN5.Cl'"}, "time": 1746395362.029751}