{"duration": 0.35573887825012207, "input_args": {"smiles": "'C1CC(C1)(C2=CC=C(C=C2)C3=C(N4C(=N3)C=CC(=N4)C(=O)N)C5=CC=CC=C5)N'"}, "time": 1743974041.3745642}