{"duration": 0.3738420009613037, "input_args": {"smiles": "'Nc1nc(OCc2ccccc2)c2[nH]cnc2n1'"}, "time": 1746388642.070267}