{"duration": 0.3623631000518799, "input_args": {"smiles": "'COC1=CC=C2C(=CC1=O)C(CCC3=CC(=C(C(=C32)OC)OC)OC)NC(=O)C4=CC=CC=C4'"}, "time": 1743973781.5459871}