{"duration": 0.3568909168243408, "input_args": {"smiles": "'CCC1=C(C(=NC(=N1)N)N)C2=CC=C(C=C2)Cl'"}, "time": 1746315577.3647082}