{"duration": 0.38962411880493164, "input_args": {"smiles": "'C1CN2C(=NN=C2C(F)(F)F)CN1C(=O)CC(CC3=CC(=C(C=C3F)F)F)N'"}, "time": 1743973659.834573}