{"duration": 0.4169609546661377, "input_args": {"smiles": "'CN1CCN(C(=O)C1)CC2=C(N=C3C(=C2)CCCN3C(=O)NC4=NC=C(C(=C4)NCCOC)C#N)C=O'"}, "time": 1746310322.211949}