{"duration": 0.3886232376098633, "input_args": {"smiles": "'COC1=C(C=CC(=C1)F)C2=NC(=NC=N2)NC3=CC=CC(=C3)CS(=N)(=O)C'"}, "time": 1743974027.650984}