{"duration": 0.3652169704437256, "input_args": {"smiles": "'CC(C)C1=CC=C(C=C1)CN2C=CC3=C2C=CC4=C3C(=NC(=N4)NC5CC5)N'"}, "time": 1743973615.905337}