{"duration": 0.39977598190307617, "input_args": {"smiles": "'COCCn1c2c(C(=O)c3ccccc3C2=O)[n+](Cc2cnccn2)c1C'"}, "time": 1746309948.448844}