{"duration": 0.3754386901855469, "input_args": {"smiles": "'C1=CC(=CC=C1CC(C(=O)O)N)N(CCCl)CCCl'"}, "time": 1743973905.713336}