{"duration": 0.7056503295898438, "input_args": {"smiles": "'C1=CC=C2C(=C1)C=CC=C2C(=O)ON=C(CC3=CC=C(C=C3)Cl)N'"}, "time": 1743972714.975807}