{"duration": 0.5030536651611328, "input_args": {"smiles": "'CC1=[N+](C2=C(N1CCOC)C(=O)C3=CC=CC=C3C2=O)CC4=NC=CN=C4.[Br-]'"}, "time": 1743973467.62857}