{"duration": 0.36426591873168945, "input_args": {"smiles": "'COC1=CC(=C(C(=C1F)COC2=CN=C(N=C2)NC3=CN(N=C3)CCO)F)OC'"}, "time": 1746315930.9366488}