{"duration": 0.34941887855529785, "input_args": {"smiles": "'CCN1C(=O)C2=CC(=C(N=C2N(C1=O)C3CC3)N)C(=O)N'"}, "time": 1746308249.2015429}