{"duration": 0.33588600158691406, "input_args": {"smiles": "'COC1=C(C=C2C(=C1)C(=O)N3CC(=C)CC3C=N2)OCCCOC4=C(C=C5C(=C4)N=CC6CC(=C)CN6C5=O)OC'"}, "time": 1743973866.9237618}