{"duration": 0.35724401473999023, "input_args": {"smiles": "'CC(=O)Nc1cccc(c1)-n1c2c(C)c(=O)n(C)c(Nc3ccc(I)cc3F)c2c(=O)n(C2CC2)c1=O'"}, "time": 1746310015.9857101}