{"duration": 0.3772411346435547, "input_args": {"smiles": "'COC1=CC2=NC=CC(=C2C=C1C(=O)N)OC3=CC(=C(C=C3)NC(=O)NC4CC4)Cl'"}, "time": 1746315738.015987}