{"duration": 0.38855695724487305, "input_args": {"smiles": "'COC1=C(C=C2C(=C1)N=CN=C2NC3=CC(=C(C=C3)F)Cl)OCCCN4CCOCC4'"}, "time": 1746308299.2342222}