{"duration": 0.49770116806030273, "input_args": {"smiles": "'OCc1ccc(s1)-c1ccc(o1)-c1ccc(CO)s1'"}, "time": 1746395167.519665}