{"duration": 0.513909101486206, "input_args": {"smiles": "'C1=CN(C(=O)N=C1N)C2C(C(C(=C2F)CO)O)O'"}, "time": 1746395644.011892}