{"duration": 0.3835132122039795, "input_args": {"smiles": "'CC(C)N1C(=O)CCN(C2=NC(=NC=C21)NC3=C(C=C(C=C3)C(=O)NC4CCN(CC4)C)OC)C5CCCC5'"}, "time": 1746388505.902085}