{"duration": 0.4252784252166748, "input_args": {"smiles": "'COc1cc2c3n([C@H](C)c4ccccn4)c(=O)[nH]c3cnc2cc1-c1c(C)noc1C'"}, "time": 1746309892.906271}