{"duration": 0.36098718643188477, "input_args": {"smiles": "'CC(C)(C)OC(=O)CN(Cc1ccc(s1)[N+]([O-])=O)Cc1ccc(Cl)cc1'"}, "time": 1746309889.858288}