{"duration": 0.34374117851257324, "input_args": {"smiles": "'C1=CC(=NCCCN)C2=C(C3=C(C=CC(=O)C3=C4C2=C1N(N4)CCNCCO)O)O.Cl'"}, "time": 1743973825.970624}