{"duration": 0.4804401397705078, "input_args": {"smiles": "'COC1=C(C=CC(=C1)OCCCN2CCCC2)NC3=NC=C(C(=N3)NC4=CC=CC=C4P(=O)(C)C)Cl'"}, "time": 1746395502.9196532}