{"duration": 0.35492491722106934, "input_args": {"smiles": "'N#CC[C@H](C1CCCC1)n1cc(cn1)-c1ncnc2[nH]ccc12'"}, "time": 1746388724.338793}