{"duration": 0.3363838195800781, "input_args": {"smiles": "'C[C@@]1(CO)CN(C[C@]1(C)CO)c1cc(C(=O)Nc2ccc3CCc4c(nn(c4-c3c2)-c2ccc(F)cc2)C(N)=O)c(Cl)cn1'"}, "time": 1746309921.3293529}