{"duration": 0.43096184730529785, "input_args": {"smiles": "'CC(C)(C)C1=CC2=CC(=C(C=C2C=C1)C#N)C#N'"}, "time": 1743972780.715106}