{"duration": 0.3638179302215576, "input_args": {"smiles": "'C1CCC(C(C1)N)N.C(=O)(C(=O)[O-])[O-].[Pt+4]'"}, "time": 1746310065.943861}