{"duration": 0.4723188877105713, "input_args": {"smiles": "'C1=CC=C2C(=C1)C(=C(C(=O)C2=O)CC=C(Cl)Cl)O'"}, "time": 1746395324.96113}