{"duration": 0.5753316879272461, "input_args": {"smiles": "'CC1=C(C=CC(=C1)[N+](=O)[O-])NS(=O)(=O)C2=C(C=CC(=C2)Cl)Cl'"}, "time": 1746394878.202873}