{"duration": 0.46982812881469727, "input_args": {"smiles": "'CN1C2=C(C3=CC(=C(C=C3C1=O)OC)OC)C(=O)C4=CC5=C(C=C42)OCO5'"}, "time": 1746395357.057625}