{"duration": 0.38054418563842773, "input_args": {"smiles": "'C1=CC2=C(C=CC(=C2)CN3C4=NC(=CN=C4N=N3)C5=CN(N=C5)CCO)N=C1'"}, "time": 1746315785.954347}