{"duration": 0.3496429920196533, "input_args": {"smiles": "'C1=CC=C(C=C1)C(=N)N'"}, "time": 1743973499.2647538}