{"duration": 0.5672578811645508, "input_args": {"smiles": "'CC1=CC(=NN1)NC2=NC(=NC(=C2)C)C3CCC(CC3)(C(=O)NC(C)C4=CN=C(C=C4)N5C=C(C=N5)F)OC'"}, "time": 1746395685.290038}