{"duration": 0.43835902214050293, "input_args": {"smiles": "'C1COCCN1C2=CC=C(C=C2)NC3=NC(=CN4C3=NC=C4)C5=CC6=C(C=C5)C=NN6'"}, "time": 1746308387.705479}