{"duration": 0.3640568256378174, "input_args": {"smiles": "'CCC1(C2=C(COC1=O)C(=O)N3CC4=CC5=C(C=CC=C5NC(=O)CN)N=C4C3=C2)O'"}, "time": 1746310100.14411}