{"duration": 0.4841489791870117, "input_args": {"smiles": "'CCC1=C(N=C(C(=N1)C(=O)N)NC2=CC(=C(C=C2)N3CCC(CC3)N4CCN(CC4)C)OC)NC5CCOCC5'"}, "time": 1746315915.1515431}