{"duration": 0.5492889881134033, "input_args": {"smiles": "'CC1=CC(=NO1)NC(=O)NC2=C(C=C(C=C2)OC3=C4C=C(C(=CC4=NC=C3)OC)OC)Cl'"}, "time": 1746394965.06965}