{"duration": 0.3138408660888672, "input_args": {"smiles": "'C1=CC(=CC=C1CNC2=NC=NC3=C2C=C(C=C3)F)F'"}, "time": 1743973660.869667}