{"duration": 1.322869062423706, "input_args": {"smiles": "'C1=CC(=C(N=C1)C=NNC(=S)N)O'"}, "time": 1746395316.116549}