{"duration": 0.3683202266693115, "input_args": {"smiles": "'CN1CCN(Cc2ccc(cc2)C(=O)Nc2ccc(C)c(Nc3nccc(n3)-c3cccnc3)c2)CC1'"}, "time": 1746388699.264181}