{"duration": 0.35840892791748047, "input_args": {"smiles": "'C1=CC2=C(C(=C(N2)C3=CC=NC=C3)C4=CC=C(C=C4)F)N=C1'"}, "time": 1743973972.766904}