{"duration": 0.4227261543273926, "input_args": {"smiles": "'CCC(=O)OC1CCC2C1(CCC3C2CCC4C3(CC(C(=O)C4)C)C)C'"}, "time": 1746315579.3176398}