{"duration": 0.37958502769470215, "input_args": {"smiles": "'COc1cc(\\\\C=C\\\\C(=O)CC(=O)\\\\C=C\\\\c2ccc(O)c(OC)c2)ccc1O'"}, "time": 1746315245.585453}