{"duration": 0.41916394233703613, "input_args": {"smiles": "'CN1C=C(C2=CC=CC=C21)C3=C(C(=O)NC3=O)C4=C5CCCCN5C6=CC=CC=C64'"}, "time": 1743973957.477643}