{"duration": 0.37892889976501465, "input_args": {"smiles": "'C1=CC2=C(C=C1[N+](=O)[O-])C(=O)N(C3=C2C(=O)C4=C3C=CC(=C4)I)CCCN.Cl'"}, "time": 1743973888.2704508}