{"duration": 0.36235690116882324, "input_args": {"smiles": "'ClCCN(CCCl)C1=CNC(=O)NC1=O'"}, "time": 1746315071.402432}