{"duration": 0.39693498611450195, "input_args": {"smiles": "'COCCNCCC1=CC(=CC=C1)NC2=NC=C3CC(C4=CC=CC=C4C3=N2)C5=CC=CC=C5F'"}, "time": 1746315928.291206}