{"duration": 0.3699510097503662, "input_args": {"smiles": "'C1=CN(C(=O)N=C1N)C2C(C(C(O2)CO)O)O'"}, "time": 1746388419.9194932}