{"duration": 0.37105393409729004, "input_args": {"smiles": "'CC(C)(C)C1=NN(C(=C1)NC(=O)NC2=C(C=C(C=C2)OC3=CC(=NC=C3)C(=O)NC)F)C4=CC5=C(C=C4)N=CC=C5'"}, "time": 1746315879.1700811}