{"duration": 0.5038671493530273, "input_args": {"smiles": "'CS(=O)(=O)NC1=C(N=CC(=C1)C2=CC3=C(C=C2)N=CN=C3NC4=CC(=C(C=C4)F)Cl)Cl'"}, "time": 1746395646.8266938}