{"duration": 0.5629990100860596, "input_args": {"smiles": "'C1=CC(=CC=C1OCCCCCCN=C(NC#N)NC2=CC=NC=C2)Cl'"}, "time": 1743973584.419281}