{"duration": 0.33980703353881836, "input_args": {"smiles": "'C1CN(CCN1)CC(CN2C3=C(C=C(C=C3)Br)C4=C2C=CC(=C4)Br)O.Cl.Cl'"}, "time": 1743973570.6950378}