{"duration": 0.4856431484222412, "input_args": {"smiles": "'COC1=C(C=C2C(=C1)C(=NC=N2)NC3=CC(=CC=C3)Cl)OC'"}, "time": 1746395421.954921}