{"duration": 0.50677490234375, "input_args": {"smiles": "'COc1cc(CCC(=O)N2CCC=CC2=O)cc(OC)c1OC'"}, "time": 1746395051.415545}