{"duration": 0.4157876968383789, "input_args": {"smiles": "'NC(=O)NO'"}, "time": 1746315245.199509}