{"duration": 0.4072999954223633, "input_args": {"smiles": "'CCOC1=CC=CC=C1N2C(=O)C3=CC=CC=C3N=C2C(C)N4CCN(CC4)C(=O)COC5=CC=C(C=C5)Cl'"}, "time": 1743973635.8806632}