{"duration": 0.3969900608062744, "input_args": {"smiles": "'CC(C)(C1=NC=C(C=C1)C2=CN=C3C(=N2)N(C(=O)CN3)C4CCC(CC4)OC)O'"}, "time": 1743974038.6178958}