{"duration": 0.38731908798217773, "input_args": {"smiles": "'CN1C2=C(C=C(C=C2)N(CCCl)CCCl)N=C1CCCC(=O)O.Cl'"}, "time": 1746315609.8117492}