{"duration": 0.3624560832977295, "input_args": {"smiles": "'CNC(=O)C1=CC=C(C=C1)NC2=NC=C(C(=N2)NCC3=NC=CN=C3N(C)S(=O)(=O)C)C(F)(F)F'"}, "time": 1746310274.9541812}