{"duration": 0.4902369976043701, "input_args": {"smiles": "'C[C@]1(CCCN1c1nc(Nc2cc(n[nH]2)C2CC2)c2cccn2n1)C(=O)Nc1ccc(F)nc1'"}, "time": 1746388556.639649}