{"duration": 0.4946908950805664, "input_args": {"smiles": "'C[C@H](CO)N1C[C@@H](C)[C@H](CN(C)C(=O)Nc2ccc3OCOc3c2)Oc2cc(ccc2S1(=O)=O)C#Cc1ccncc1'"}, "time": 1746395056.5836742}