{"duration": 0.3335702419281006, "input_args": {"smiles": "'C1=CSC(=C1)C2=CC(=C(C=C2)N)NC(=O)C3=CC=C(C=C3)C(=O)NCCC4=CC=NC=C4'"}, "time": 1743973559.89556}