{"duration": 0.33446717262268066, "input_args": {"smiles": "'CC1CN(C(=O)C2=C(C(=CC=C2)NC(=O)C3=CC(=NN3C)C)OC1CN(C)C)C(C)CO'"}, "time": 1743973563.196051}