{"duration": 0.48937106132507324, "input_args": {"smiles": "'CC1=C2C(=NN1)NC3=C(C=C(C=C3)C#N)C(=N2)C4=CC=CC=C4F'"}, "time": 1746395557.131124}