{"duration": 0.40435123443603516, "input_args": {"smiles": "'CC(C)N(CCCNC(=O)Nc1ccc(cc1)C(C)(C)C)C[C@H]1O[C@H](C(O)[C@H]1O)n1cnc2c(N)ncnc12'"}, "time": 1746388557.050016}