{"duration": 0.4099128246307373, "input_args": {"smiles": "'CC(C)CN1C=NC2=C1C3=CC=CC=C3N=C2N'"}, "time": 1746310085.8481688}