{"duration": 0.49805212020874023, "input_args": {"smiles": "'CCN1C2=CC(=NC=C2N=C1C3=NON=C3N)OC4=CC=CC(=C4)NC(=O)C5=CC=C(C=C5)OCCN6CCOCC6'"}, "time": 1746394840.633178}