{"duration": 0.34040188789367676, "input_args": {"smiles": "'ONC(=O)\\\\C=C\\\\c1cccc(c1)S(=O)(=O)Nc1ccccc1'"}, "time": 1746388676.556566}