{"duration": 0.3477909564971924, "input_args": {"smiles": "'CNC(=O)c1ccccc1Sc1ccc2c(\\\\C=C\\\\c3ccccn3)n[nH]c2c1'"}, "time": 1746388674.6206589}