{"duration": 0.3731050491333008, "input_args": {"smiles": "'CC(=O)NC1CCC2=CC(=C(C(=C2C3=CC=C(C(=O)C=C13)SC)OC)OC)OC'"}, "time": 1746310060.21497}