{"duration": 0.491595983505249, "input_args": {"smiles": "'C1=CC=C2C(=C1)C(=CN2)CCNC3=CC=C(C=C3)NC4=CC=NC=C4'"}, "time": 1746394952.6754189}