{"duration": 0.3580029010772705, "input_args": {"smiles": "'COC1=CN=C(N=C1NC2=C(C=NC=C2)OC)C3=NN(C4=CC=CC=C43)CC5=C(C=C(C=C5F)OCCO)F'"}, "time": 1743974049.5026891}