{"duration": 0.509774923324585, "input_args": {"smiles": "'CC(=O)N[C@H]1C[C@H](C1)C(=O)Nc1cc(ccc1N)-c1ccc(F)cc1'"}, "time": 1746395074.869272}