{"duration": 0.3634650707244873, "input_args": {"smiles": "'CC(=O)Nc1ccc(cc1)C(=O)Nc1ccccc1N'"}, "time": 1746388732.191361}