{"duration": 0.564464807510376, "input_args": {"smiles": "'C1=CN(C(=O)N=C1N)C2C(C(C(O2)CO)O)(F)F'"}, "time": 1746394887.713303}