{"duration": 0.33333611488342285, "input_args": {"smiles": "'CC1=C(C=CC(=C1)[N+](=O)[O-])NS(=O)(=O)C2=C(C=CC(=C2)Cl)Cl'"}, "time": 1743973412.0728111}