{"duration": 0.35127878189086914, "input_args": {"smiles": "'CC(C)C1=CC=C(C=C1)C2=CC(=O)C3=CC=CC=C3O2'"}, "time": 1743973518.650211}