{"duration": 0.38675785064697266, "input_args": {"smiles": "'CC(C)(C)C1=CC(=CC(=C1)C(=O)C=CC2=CC=C(C=C2)C(=O)O)C(C)(C)C'"}, "time": 1743972761.855008}