{"duration": 0.4794318675994873, "input_args": {"smiles": "'Cn1c(CCCC(O)=O)nc2cc(ccc12)N(CCCl)CCCl'"}, "time": 1746395199.017534}