{"duration": 0.40166187286376953, "input_args": {"smiles": "'CN1C=C(C2=C1C=CC(=C2)Cl)C3=C(C(=O)NC3=O)C4=CC(=CC=C4)NCC(CO)O'"}, "time": 1743973978.2006872}