{"duration": 0.3338477611541748, "input_args": {"smiles": "'C[N+]1=C2C(=C3C=CC(=C(C3=C1)OC)OC)C=CC4=CC5=C(C=C42)OCO5.[Cl-]'"}, "time": 1743973782.209941}