{"duration": 0.3162848949432373, "input_args": {"smiles": "'COC1=C(C=CC(=C1)NS(=O)(=O)C)NC2=C3C=CC=CC3=NC4=CC=CC=C42'"}, "time": 1743973810.04293}