{"duration": 0.8280878067016602, "input_args": {"smiles": "'C1CCN(C1)C2CCN(CC2)C(=O)C3=CC(=C(C=C3)C(=O)N4CCC(CC4)N5CCCC5)NC6=CC=CC=C6'"}, "time": 1743972439.959682}