{"duration": 0.4969789981842041, "input_args": {"smiles": "'CC1=CC=C(C=C1)C2=C(N(C3=NC=NC(=C23)N)CCCO)C(=O)CCl'"}, "time": 1746394861.1642501}