{"duration": 0.35195422172546387, "input_args": {"smiles": "'CC(C)N1C=NC2=C(N=C(N=C21)NCCO)NCC3=CC=CC=C3'"}, "time": 1743972763.977587}