{"duration": 0.4712221622467041, "input_args": {"smiles": "'CC12CCC3C(C1CCC2(C#C)O)CCC4=C3C=CC(=C4)O'"}, "time": 1746395477.489988}