{"duration": 0.4018738269805908, "input_args": {"smiles": "'COC1=C(C(=CC=C1)OCCCN)C2=CC(=NN2)NC3=NC=C(N=C3)C#N'"}, "time": 1746310172.367552}