{"duration": 0.5210349559783936, "input_args": {"smiles": "'CN1C=C(C2=CC=CC=C21)C3=C(C(=O)NC3=O)C4=CN(C5=C4C=CC=C5N)C'"}, "time": 1746315819.1421518}