{"duration": 0.43985581398010254, "input_args": {"smiles": "'CCN(CC)c1ccc(cc1)C1=NNC(=O)C[C@H]1C'"}, "time": 1746309869.094893}