{"duration": 0.3986339569091797, "input_args": {"smiles": "'CN1C=NC2=C1C=C(C(=C2F)NC3=C(C=C(C=C3)Br)F)C(=O)NOCCO'"}, "time": 1746315788.4030468}