{"duration": 0.5905001163482666, "input_args": {"smiles": "'CC(C)(C#N)c1ccc(cc1)N1C(=O)OCc2cnc3ccc(cc3c12)-c1cnc2ccccc2c1'"}, "time": 1746395103.916026}