{"duration": 0.34741711616516113, "input_args": {"smiles": "'C(C(C(C(C(CBr)O)O)O)O)Br'"}, "time": 1746315598.929143}