{"duration": 0.330172061920166, "input_args": {"smiles": "'COC(=O)NC1=NC2=CC=CC=C2N1'"}, "time": 1743973793.959871}