{"duration": 0.37003111839294434, "input_args": {"smiles": "'CC(=O)NC[C@@H]1C[C@H](CN1)NS(=O)(=O)c1cccc2cncc(C)c12'"}, "time": 1746309872.0487838}