{"duration": 0.34165382385253906, "input_args": {"smiles": "'C1=CC(=NC=C1O)C=NNC(=S)N'"}, "time": 1743973793.62015}