{"duration": 0.36029601097106934, "input_args": {"smiles": "'CC1=C2C(=NN1)NC3=CC(=C(C=C3C(=N2)C4=CC=CC=C4Cl)F)OC'"}, "time": 1746310257.732671}