{"duration": 0.413891077041626, "input_args": {"smiles": "'C1CC(=O)NC(=O)C1N2CC3=C(C2=O)C=CC=C3N'"}, "time": 1743973432.91699}