{"duration": 0.5975968837738037, "input_args": {"smiles": "'CCC1(C2=C(COC1=O)C(=O)N3CC4=C(C5=CC=CC=C5N=C4C3=C2)C=NNC(=O)C(CS)N)O.Cl'"}, "time": 1746395416.117363}