{"duration": 0.35745882987976074, "input_args": {"smiles": "'COC1=C(NC=C1)C=C2C3=C(C=CC(=C3I)F)NC2=O'"}, "time": 1743973964.3824792}