{"duration": 0.37058568000793457, "input_args": {"smiles": "'CCC1=CC(=C(C=C1O)O)C2=NNC(=C2C3=CC4=C(C=C3)OCCO4)C'"}, "time": 1746309701.4471838}