{"duration": 0.3206467628479004, "input_args": {"smiles": "'CC(C(=O)O)OC1=CC=C(C=C1)OC2=CN=C3C=CC(=CC3=N2)Cl'"}, "time": 1743973867.977806}