{"duration": 0.4658339023590088, "input_args": {"smiles": "'C1=CC=C(C(=C1)C2=NC3=C(NC4=C2C=C(C=C4)[N+](=O)[O-])NN=C3)Cl'"}, "time": 1743973961.712051}