{"duration": 0.378741979598999, "input_args": {"smiles": "'C1CN(CCC1(CC2=CC=C(C=C2)Cl)N)C3=NC=NC4=C3C=CN4'"}, "time": 1746310187.378914}