{"duration": 0.3595108985900879, "input_args": {"smiles": "'C1CCC(C(C1)[NH-])[NH-].Cl[Pt+2](Cl)(Cl)Cl'"}, "time": 1746315647.258361}