{"duration": 0.4944298267364502, "input_args": {"smiles": "'CCCCCCCCc1ccc(cc1)-c1ccc(cc1)C(O)=O'"}, "time": 1746395026.6186838}