{"duration": 0.3819460868835449, "input_args": {"smiles": "'C1=CC(=C(C=C1I)F)NC2=C(C=CN=C2)C(=O)NCC(CO)O'"}, "time": 1746315736.052848}