{"duration": 0.5727448463439941, "input_args": {"smiles": "'CCN1C(=NC(=N1)C2CCN(CC2)C(=O)CCO)C3=CN=C(C(=N3)C4=NN=C(O4)C(C)(C)C)N'"}, "time": 1746394836.760971}