{"duration": 0.3690762519836426, "input_args": {"smiles": "'C1=NC2=C(N=C(N=C2N1C3C(C(C(O3)COP(=O)(O)O)O)O)F)N'"}, "time": 1746315635.347422}