{"duration": 0.4067838191986084, "input_args": {"smiles": "'CN1CCN(Cc2ccc(cc2)C(=O)Nc2ccc(C)c(Nc3nc(cs3)-c3cccnc3)c2)CC1'"}, "time": 1746388705.8217459}