{"duration": 0.36157894134521484, "input_args": {"smiles": "'CN1C2=C(C3=CC(=C(C=C3C1=O)OC)OC)C(=O)C4=CC5=C(C=C42)OCO5'"}, "time": 1743973819.7563908}