{"duration": 0.37186098098754883, "input_args": {"smiles": "'C1=CC(=CC=C1C2=CNN=C2)C(CN)(C3=CC=C(C=C3)Cl)O'"}, "time": 1746308379.881621}