{"duration": 0.47078680992126465, "input_args": {"smiles": "'CC1=NN(C(=O)C\\\\1=N\\\\Nc1ccccc1C(O)=O)c1nc(cs1)-c1ccccc1'"}, "time": 1746308424.73901}