{"duration": 0.43918681144714355, "input_args": {"smiles": "'CC(=CC=CC(=CC(=O)O)C)C=CC1=C(C)CCCC1(C)C'"}, "time": 1746395285.061685}