{"duration": 0.45583486557006836, "input_args": {"smiles": "'CC(C)(C)OC(=O)NC1=CC=C(C=C1)C2=CC(=NO2)C(=O)NCCCCCCC(=O)NO'"}, "time": 1743972379.561526}