{"duration": 0.40937113761901855, "input_args": {"smiles": "'Oc1ccc(C[C@@H]2N3[C@H](CN(Cc4cccc5ccccc45)C2=O)N(CCC3=O)C(=O)NCc2ccccc2)cc1'"}, "time": 1746388592.2539918}