{"duration": 0.3918750286102295, "input_args": {"smiles": "'CN(C1=C(C=CC=N1)CNC2=NC(=NC=C2C(F)(F)F)NC3=CC4=C(C=C3)NC(=O)C4)S(=O)(=O)C'"}, "time": 1746308328.814971}