{"duration": 0.5159101486206055, "input_args": {"smiles": "'CS(=O)(=O)CS(=O)(=O)OCCCl'"}, "time": 1746395362.5478039}