{"duration": 0.43724989891052246, "input_args": {"smiles": "'Nc1ncn([C@H]2C[C@H](O)[C@@H](CO)O2)c(=O)n1'"}, "time": 1746388690.164415}