{"duration": 0.3600919246673584, "input_args": {"smiles": "'CC1=NC2=CC=CC=C2C(=N1)N(C)C3=CC=C(C=C3)OC'"}, "time": 1746310175.408322}