{"duration": 0.48828697204589844, "input_args": {"smiles": "'C1=CC(=CC=C1C2=CC(=C(S2)NC(=O)N)C(=O)N)F'"}, "time": 1746394957.439381}