{"duration": 0.336061954498291, "input_args": {"smiles": "'CC1=CCCC2(C(O2)C3C(CC1)C(=C)C(=O)O3)C'"}, "time": 1746309672.301017}