{"duration": 0.3352792263031006, "input_args": {"smiles": "'CCC(=O)NC1=CC(=CC=C1)OC2=NC(=NC=C2Cl)NC3=C(C=C(C=C3)N4CCN(CC4)C)OC'"}, "time": 1743973535.507924}