{"duration": 0.4977860450744629, "input_args": {"smiles": "'COc1ccc(Cn2ccc3ccc(cc23)C(=O)NO)cc1'"}, "time": 1746395075.948707}