{"duration": 0.35924696922302246, "input_args": {"smiles": "'C\\\\C=C\\\\C\\\\C=C\\\\CCC(=O)[C@H]1O[C@H]1C(N)=O'"}, "time": 1746309960.299787}