{"duration": 0.39592981338500977, "input_args": {"smiles": "'CCC1(C2=C(COC1=O)C(=O)N3CC4=CC5=CC=CC=C5N=C4C3=C2)OC(=O)C'"}, "time": 1743973789.9291341}