{"duration": 0.4119579792022705, "input_args": {"smiles": "'CCN1CCN(CC1)CC2=CC=C(C=C2)C3=CC4=C(N3)N=CN=C4NC(C)C5=CC=CC=C5'"}, "time": 1746315806.576878}