{"duration": 0.4615519046783447, "input_args": {"smiles": "'CC1=CC(=C(C=C1)C2=C(C=CN=C2)C3=CN=C(S3)NC4=CC=C(C=C4)O)Cl'"}, "time": 1743973401.680544}