{"duration": 0.5033869743347168, "input_args": {"smiles": "'Nc1ncnc2n(nc(COc3cccc(Cl)c3)c12)C1CCOCC1'"}, "time": 1746395156.680802}