{"duration": 0.3801400661468506, "input_args": {"smiles": "'O=S(=O)(N1CCCc2ccccc12)c1ccc(cc1)-c1cnc(o1)C1CC1'"}, "time": 1746388607.2192261}