{"duration": 0.35073208808898926, "input_args": {"smiles": "'COC1=C(C=CC(=C1)OCCCN2CCCC2)NC3=NC=C(C(=N3)NC4=CC=CC=C4P(=O)(C)C)Cl'"}, "time": 1746315774.159478}