{"duration": 0.3696310520172119, "input_args": {"smiles": "'Oc1c(cc(c2cccnc12)S(=O)(=O)O)N=Nc3ccc4cc(ccc4c3)S(=O)(=O)O'"}, "time": 1746315254.502075}