{"duration": 0.33261609077453613, "input_args": {"smiles": "'CC1=C(C(=O)NC(=O)N1)N(CCF)CCCl'"}, "time": 1743973786.4141319}