{"duration": 0.4567596912384033, "input_args": {"smiles": "'COC1=C(C=CC(=C1)NS(=O)(=O)C)CC2=C3C=CC=CC3=NC4=CC=CC=C42'"}, "time": 1743973911.8461812}