{"duration": 0.35686492919921875, "input_args": {"smiles": "'COc1cc2c(Nc3ccc(Br)cc3F)ncnc2cc1OCC1CCN(C)CC1'"}, "time": 1746310018.650922}