{"duration": 0.40535402297973633, "input_args": {"smiles": "'C1=CC(=CC=C1C2=C(C=NN2)C=C3C(=O)N(C(=N)S3)C4=NC=CS4)F'"}, "time": 1743972736.6864011}