{"duration": 0.3828291893005371, "input_args": {"smiles": "'CN1C2=C(C=C(C=C2)OC3=CC(=NC=C3)C4=NC=C(N4)C(F)(F)F)N=C1NC5=CC=C(C=C5)C(F)(F)F'"}, "time": 1743973612.1965098}