{"duration": 0.36705613136291504, "input_args": {"smiles": "'CC1=NC=C(C=C1)OC2=C(C=C(C=C2)NC3=NC=NC4=C3C=C(C=C4)C=CCNC(=O)COC)C'"}, "time": 1746308278.4659998}