{"duration": 0.7642519474029541, "input_args": {"smiles": "'COC(=O)Nc1nc2ccccc2[nH]1'"}, "time": 1746315261.9133482}