{"duration": 0.4070589542388916, "input_args": {"smiles": "'C1=CC=C2C(=C1)C(=CN2)CCNC3=CC=C(C=C3)NC4=CC=NC=C4'"}, "time": 1743973468.0393338}