{"duration": 0.4314613342285156, "input_args": {"smiles": "'C=CCNC1=C(C(=O)C2=CC=CC=C2C1=O)Cl'"}, "time": 1743972730.826018}