{"duration": 0.35584402084350586, "input_args": {"smiles": "'CC12C(C(CC(O1)N3C4=CC=CC=C4C5=C6C(=C7C8=CC=CC=C8N2C7=C53)C(NC6=O)O)NC)OC'"}, "time": 1746315669.325995}