{"duration": 0.3695409297943115, "input_args": {"smiles": "'CCC1C(=O)OCC2=C1C=C3N(Cc4cc5ccccc5nc34)C2=O'"}, "time": 1746315259.939826}