{"duration": 0.3917357921600342, "input_args": {"smiles": "'Nc1cccc(c1)S(=O)(=O)N1CCCN(CC1)S(=O)(=O)c1ccc2OCCOc2c1'"}, "time": 1746309907.8641841}