{"duration": 0.40169191360473633, "input_args": {"smiles": "'CC1CC2=CC=CC=C2N1C(=O)CC3=NC(=CC(=O)N3)N4CCOCC4'"}, "time": 1746310280.201857}