{"duration": 0.38153600692749023, "input_args": {"smiles": "'COC1=CC=C2C(=CC1=O)[C@H](CCc3cc(OC)c(OC)c(OC)c23)NC(=O)c4ccccc4'"}, "time": 1746314776.4692638}