{"duration": 0.46937131881713867, "input_args": {"smiles": "'CC1=C(C=C(C=C1)C(=O)NC2=CC(=CC(=C2)NC(=O)C=C)C(F)(F)F)NC(=O)C3=CC=NO3'"}, "time": 1746394938.7541199}