{"duration": 0.4759809970855713, "input_args": {"smiles": "'COC1=CC2=NC=CC(=C2C=C1C(=O)N)OC3=CC(=C(C=C3)NC(=O)NC4CC4)Cl'"}, "time": 1743973641.916082}