{"duration": 0.44202399253845215, "input_args": {"smiles": "'CCNC(=O)NC1=NC=C(S1)C2=CC(=NC(=N2)C3=NC=CN=C3)C4=C(C=C(C=C4C)OC)C'"}, "time": 1746308312.515672}