{"duration": 0.4606342315673828, "input_args": {"smiles": "'CC(Nc1ccccc1)c1cc(C)cn2c1nc(cc2=O)N1CCOCC1'"}, "time": 1746395182.514143}