{"duration": 0.41194796562194824, "input_args": {"smiles": "'CC1=C2C=C[N+](=CC2=C(C3=C1NC4=CC=CC=C43)C)C.CS(=O)(=O)[O-]'"}, "time": 1746315643.930112}