{"duration": 0.3601231575012207, "input_args": {"smiles": "'C1=CC(=CC=C1CCCC(=O)O)N(CCCl)CCCl'"}, "time": 1746315577.733323}