{"duration": 0.3356759548187256, "input_args": {"smiles": "'C1COCCN1CCNC(=O)NC2=NC3=C(S2)C=C(C=C3)SC4=NN=C5N4N=C(C=C5)C6=CC=C(C=C6)F'"}, "time": 1743973997.462847}