{"duration": 0.3557109832763672, "input_args": {"smiles": "'CCCCCCCCCCCCCCCC(=O)NC1=NC(=O)N(C=C1)C2C(C(C(O2)CO)O)C#N'"}, "time": 1746310304.345511}