{"duration": 0.5480413436889648, "input_args": {"smiles": "'C1COCCN1CCC(=O)N2CC(=CC3=CC(=C(C=C3)Cl)Cl)C(=O)C(=CC4=CC(=C(C=C4)Cl)Cl)C2.Cl'"}, "time": 1746395400.127365}