{"duration": 0.3834538459777832, "input_args": {"smiles": "'C1CN(CCC1CCCCNC(=O)C=CC2=CN=CC=C2)C(=O)C3=CC=CC=C3'"}, "time": 1746310180.973944}