{"duration": 0.3643021583557129, "input_args": {"smiles": "'C1=CC=C(C=C1)C2=NN3C=CC=CC3=C2C4=CC5=C(NN=C5N=N4)N'"}, "time": 1743973412.845823}