{"duration": 0.4913179874420166, "input_args": {"smiles": "'COc1cc(ccc1Nc1ncc(Cl)c(Oc2cccc(NC(=O)C=C)c2)n1)N1CCN(C)CC1'"}, "time": 1746395187.834353}