{"duration": 0.3993570804595947, "input_args": {"smiles": "'O=C(Nc1cc(CN2CCNCC2)cc(c1)-c1nc2ccccc2[nH]1)c1cnc2ccccc2n1'"}, "time": 1746309938.4926221}