{"duration": 0.3616328239440918, "input_args": {"smiles": "'Cc1onc(c1-c1ccc(cc1)S(N)(=O)=O)-c1ccccc1'"}, "time": 1746388742.5461812}