{"duration": 0.36095595359802246, "input_args": {"smiles": "'CS(=O)(=O)N1CCN(CC1)CC2=CC3=C(S2)C(=NC(=N3)C4=C5C=NNC5=CC=C4)N6CCOCC6'"}, "time": 1743972329.974705}