{"duration": 0.4133479595184326, "input_args": {"smiles": "'CC1CN(C(=O)C2=C(C=CC(=C2)NC(=O)CC3=CN(C4=CC=CC=C43)C)OC1CN(C)C(=O)NC5CCCCC5)C(C)CO'"}, "time": 1743973556.721785}