{"duration": 0.5164978504180908, "input_args": {"smiles": "'C1CCN(C1)C2CCC3=C(CC2)C=C(C=C3)NC4=NN(C(=N4)N)C5=NN=C6C(=C5)CCCC7=CC=CC=C76'"}, "time": 1743972694.1864371}