{"duration": 0.5961019992828369, "input_args": {"smiles": "'CC(C)c1ccc(Cn2ccc3c2ccc2nc(NC4CC4)nc(N)c32)cc1'"}, "time": 1746395171.9991271}