{"duration": 0.3682417869567871, "input_args": {"smiles": "'CC(C)[NH-].CC(C)[NH-].O.O.Cl[Pt+2]Cl'"}, "time": 1746315626.6838558}