{"duration": 0.36449527740478516, "input_args": {"smiles": "'CC(=O)O.CNCCN=C1C=CC2=C3C1=C(C4=C(C=CC(=O)C4=C3NN2CCNCCO)O)O'"}, "time": 1746315646.1139488}