{"duration": 0.4220428466796875, "input_args": {"smiles": "'OC[C@H]1O[C@H](C(O)[C@H]1O)n1cccnc1=O'"}, "time": 1746310020.730649}