{"duration": 0.4194161891937256, "input_args": {"smiles": "'Cc1cc(C2CCCCC2)n(O)c(=O)c1'"}, "time": 1746309961.075726}