{"duration": 0.3827338218688965, "input_args": {"smiles": "'COC1=C(NC=C1)C=C2C3=C(C=CC(=C3N4CCC(C4)O)[N+](=O)[O-])NC2=O'"}, "time": 1743973971.295459}