{"duration": 0.4035930633544922, "input_args": {"smiles": "'CN(C)c1ccc(cc1Br)C1Nc2ccc3ccccc3c2C2=C1C(=O)CC(C)(C)C2'"}, "time": 1746309830.1906471}