{"duration": 0.49088501930236816, "input_args": {"smiles": "'O=C1c2ccccc2-c2n[nH]c3cccc1c23'"}, "time": 1746395263.511008}