{"duration": 0.5611848831176758, "input_args": {"smiles": "'CCN1CCN(CC(=O)Nc2ccc(-c3cccc4c3oc(cc4=O)N3CCOCC3)c3sc4ccccc4c23)CC1'"}, "time": 1746395122.604387}