{"duration": 0.5701417922973633, "input_args": {"smiles": "'CC(=O)ON=C1C2=CC=CC=C2N=C1C3=C(NC4=C3C=CC(=C4)Br)O'"}, "time": 1746395518.515676}