{"duration": 0.335280179977417, "input_args": {"smiles": "'C1CN(CCN(C1)S(=O)(=O)C2=CC=CC(=C2)N)S(=O)(=O)C3=CC4=C(C=C3)OCCO4'"}, "time": 1743972771.742978}