{"duration": 0.35933423042297363, "input_args": {"smiles": "'OC(=O)c1ccc(NCc2nc3cc4ccccc4cc3[nH]2)cc1'"}, "time": 1746308442.723834}