{"duration": 0.3850531578063965, "input_args": {"smiles": "'COC1=C(C(=CC=C1)F)C2=NCC3=CN=C(N=C3C4=C2C=C(C=C4)Cl)NC5=CC(=C(C=C5)C(=O)O)OC'"}, "time": 1746308261.8524559}