{"duration": 0.44213104248046875, "input_args": {"smiles": "'C[C@@H](NC(=O)C[C@@H]1CC[C@@H](NC(=O)CN2CCOCC2)[C@H](CO)O1)c1ccccc1'"}, "time": 1746388561.999548}