{"duration": 0.5202207565307617, "input_args": {"smiles": "'CC1=C(C=C(C=C1)NC2=NC=NC(=C2)C3=CC(=CC=C3)N4C(=O)C5=CC=CC=C5C4=O)NS(=O)(=O)C'"}, "time": 1746394901.403712}