{"duration": 0.5081379413604736, "input_args": {"smiles": "'CCC1(C2=C(COC1=O)C(=O)N3CC4=C(C3=C2)N=C5C=CC(=CC5=C4)N)O'"}, "time": 1746395374.22992}