{"duration": 0.3459138870239258, "input_args": {"smiles": "'CN(C)CCCNC1=NC(=NC2=CC=CC=C21)CN3CCN(CC3)C(C4=CC=C(C=C4)Cl)C5=CC=C(C=C5)Cl'"}, "time": 1743973615.537672}