{"duration": 0.351093053817749, "input_args": {"smiles": "'C1=CC2=C(C=CC(=C2)C=C3C(=O)NC(=NCCC4=CC=C(C=C4)Cl)S3)N=C1'"}, "time": 1746310246.182271}