{"duration": 0.5167431831359863, "input_args": {"smiles": "'C1CCN(CC1)C(=O)N2CCN3C=C(C4=CC(=CC(=C43)C2)F)C5=C(C(=O)NC5=O)C6=CN=C7N6C=CC=C7'"}, "time": 1746395603.1288488}