{"duration": 0.34238195419311523, "input_args": {"smiles": "'CN1C=C(C2=CC=CC=C21)C3=NC(=NC=C3)NC4=C(C=C(C(=C4)NC(=O)C=C)N(C)CCN(C)C)OC'"}, "time": 1746315891.281715}