{"duration": 0.37293076515197754, "input_args": {"smiles": "'CC12CCC3C(C1CCC2(C#C)O)CCC4=C3C=CC(=C4)O'"}, "time": 1746310164.5296881}