{"duration": 0.4415891170501709, "input_args": {"smiles": "'C1=CC=C(C(=C1)C(C2=CC=C(C=C2)Cl)C(Cl)Cl)Cl'"}, "time": 1746315585.915361}