{"duration": 0.3955068588256836, "input_args": {"smiles": "'CN1CCC(CC1)NC(=O)C2=CC(=C(C=C2F)NC3=NC=C4C(=N3)N(CC(C(=O)N4C)(F)F)C5CCCC5)OC'"}, "time": 1746315865.91402}