{"duration": 0.3942451477050781, "input_args": {"smiles": "'C1=CC=C(C=C1)C(CO)N=C2NC(=O)C(=CC3=CC4=C(C=C3)N=CC=C4)S2'"}, "time": 1746315856.5820658}