{"duration": 0.35210418701171875, "input_args": {"smiles": "'CCc1nc(N)nc(N)c1c2ccc(Cl)cc2'"}, "time": 1746315064.069194}