{"duration": 0.3680539131164551, "input_args": {"smiles": "'CC1=CN=C(N1)C2=C3C(=C(C=C2)C4=C(C=C(C=C4)NC(=O)NC5=CC=CC(=C5)C(F)(F)F)F)CNC3=O'"}, "time": 1746315950.866084}