{"duration": 0.3101768493652344, "input_args": {"smiles": "'C1CC(=NO)C2=C1C=C(C=C2)C3=CN(N=C3C4=CC=NC=C4)CCO'"}, "time": 1743972759.769887}