{"duration": 0.4764831066131592, "input_args": {"smiles": "'CCCCCCCCCC[C@H]1[C@H](CCc2ccc(OC)c(OC)c2)OC1=O'"}, "time": 1746395255.5569012}