{"duration": 0.3922591209411621, "input_args": {"smiles": "'COc1cc2nc(nc(NC3CCN(Cc4ccccc4)CC3)c2cc1OC)N1CCCN(C)CC1'"}, "time": 1746308419.021991}