{"duration": 0.3580789566040039, "input_args": {"smiles": "'CC1=C(C(=O)C(=C(C1=O)N2CC2)C(COC(=O)N)OC)N3CC3'"}, "time": 1746315608.650966}