{"duration": 0.7034380435943604, "input_args": {"smiles": "'CCN1C(=O)CNC2=NC=C(N=C21)C3=C(N=C(C=C3)C4=NC=NN4)C'"}, "time": 1746315929.751243}