{"duration": 0.5323493480682373, "input_args": {"smiles": "'CC(C)(C)c1nc(c(s1)-c1ccnc(N)n1)-c1cccc(NS(=O)(=O)c2c(F)cccc2F)c1F'"}, "time": 1746395214.6063738}