{"duration": 0.5501399040222168, "input_args": {"smiles": "'CC(C)C[C@H]([C@H](O)C(=O)NO)C(=O)N[C@H](C(=O)OC1CCCC1)c1ccccc1'"}, "time": 1746395283.712629}