{"duration": 0.49376511573791504, "input_args": {"smiles": "'CN(C)CC=CC(=O)NC1=C(C=C2C(=C1)C(=NC=N2)NC3=CC(=C(C=C3)F)Cl)OC4CCOC4'"}, "time": 1746309686.223268}