{"duration": 0.41991305351257324, "input_args": {"smiles": "'CCC1=CC=CC=C1NC(=O)CSC(=O)NNC(=O)C(CC2=CNC3=CC=CC=C32)NC(=O)OC(C)(C)C'"}, "time": 1743972685.4847949}