{"duration": 0.3813669681549072, "input_args": {"smiles": "'C1CCNC(C1)C2(CN(C2)C(=O)C3=C(C(=C(C=C3)F)F)NC4=C(C=C(C=C4)I)F)O'"}, "time": 1743973994.186665}