{"duration": 0.35678720474243164, "input_args": {"smiles": "'Cc1ccc(cc1)C(=O)Cn1c2CCCCc2sc1=N'"}, "time": 1746388720.124541}