{"duration": 0.3786642551422119, "input_args": {"smiles": "'C=C(CN1CCN(CC1)C2=CC=CC=N2)C3=CC=C(C=C3)C(=O)NC4=CC=CC=C4N'"}, "time": 1746315701.24998}