{"duration": 0.39960193634033203, "input_args": {"smiles": "'CC(C)(C)C1=CC(=NO1)NC(=O)NC2=CC=C(C=C2)C3=CN4C5=C(C=C(C=C5)OCCN6CCOCC6)SC4=N3'"}, "time": 1746308343.057645}