{"duration": 0.5594620704650879, "input_args": {"smiles": "'COc1cc2c(Nc3ccc(Br)cc3F)ncnc2cc1OCC1CCN(C)CC1'"}, "time": 1746395288.153116}