{"duration": 0.4470541477203369, "input_args": {"smiles": "'C(CCl)NC(=O)N(CCCl)N=O'"}, "time": 1746394985.2185469}