{"duration": 0.37909579277038574, "input_args": {"smiles": "'CC(C)(C)c1cc(cc(c1)C(C)(C)C)C(=O)\\\\C=C\\\\c1ccc(cc1)C(O)=O'"}, "time": 1746388604.750117}