{"duration": 0.3241870403289795, "input_args": {"smiles": "'C1C2N1C(=O)N=C2N'"}, "time": 1743973872.4487522}