{"duration": 0.5611510276794434, "input_args": {"smiles": "'CCC1(C2=C(COC1=O)C(=O)N3CC4=CC5=CC=CC=C5N=C4C3=C2)O'"}, "time": 1746394994.2495658}