{"duration": 0.43442630767822266, "input_args": {"smiles": "'CC1=CC(=C(C(=O)N1)CNC(=O)C2=C3C=NN(C3=CC(=C2)C4=CN=C(C=C4)N5CCNCC5)C(C)C)C'"}, "time": 1743973555.4936619}