{"duration": 0.36666178703308105, "input_args": {"smiles": "'CN1C=NC2=C1C=C(C(=C2F)NC3=C(C=C(C=C3)Br)F)C(=O)NOCCO'"}, "time": 1746310196.643403}