{"duration": 0.3760809898376465, "input_args": {"smiles": "'CN1C=C(C2=C1C=CC(=C2)Cl)C3=C(C(=O)NC3=O)C4=CC(=CC=C4)NCC(CO)O'"}, "time": 1746315846.6547022}