{"duration": 0.5314569473266602, "input_args": {"smiles": "'CCC(C)n1ncn(-c2ccc(cc2)N2CCN(CC2)c2ccc(OCC3COC(Cn4cncn4)(O3)c3ccc(Cl)cc3Cl)cc2)c1=O'"}, "time": 1746309979.027749}