{"duration": 0.39678502082824707, "input_args": {"smiles": "'ONC(=O)c1cccc(c1)C(=O)Nc1ccccc1'"}, "time": 1746388577.919162}