{"duration": 0.6281948089599609, "input_args": {"smiles": "'N=C(NOC(=O)C12CC3CC(CC(C3)C1)C2)c1ccccc1'"}, "time": 1746395096.452366}