{"duration": 0.4702799320220947, "input_args": {"smiles": "'C1=CC(=C(C=C1C=CC2=CC(=CC(=C2)O)O)O)O'"}, "time": 1746395372.154616}