{"duration": 0.3927748203277588, "input_args": {"smiles": "'C1=CNC(=C1)C2=C3C4=C(C=CC(=C4C(=C2)OCCO)F)NC3=O'"}, "time": 1746315840.1002061}