{"duration": 0.5093429088592529, "input_args": {"smiles": "'Nc1ncnc2c1ncn2C3OC(CO)CC3O'"}, "time": 1746315250.396953}