{"duration": 0.5414628982543945, "input_args": {"smiles": "'C1CCC(CC1)NC(=O)NCC2CCCO2'"}, "time": 1746394821.291435}