{"duration": 0.4903390407562256, "input_args": {"smiles": "'C1=NC2=C(N1)C(=S)N=CN2'"}, "time": 1746395292.277644}