{"duration": 0.5120739936828613, "input_args": {"smiles": "'C(Cn1c2ccccc2c2ccccc12)c1nc2ccccc2[nH]1'"}, "time": 1746395084.288251}