{"duration": 0.5009799003601074, "input_args": {"smiles": "'C1=CC=C(C=C1)CC(CO)N=C2NC(=O)C(=CC3=CC4=C(C=C3)N=CC=C4)S2'"}, "time": 1746395586.031264}