{"duration": 0.5126497745513916, "input_args": {"smiles": "'COc1cc2nccc(Oc3ccc(NC(=O)Nc4ccc(F)cc4F)c(F)c3)c2cc1OC'"}, "time": 1746395126.030657}