{"duration": 0.32489705085754395, "input_args": {"smiles": "'COC1=C(C=C2C(=C1)C3(CCC3)C(=N2)N)OCCCN4CCCC4'"}, "time": 1743973493.783913}