{"duration": 0.7243320941925049, "input_args": {"smiles": "'COc1cc2nccc(Oc3ccc(NC(=O)C4(CC4)C(=O)Nc4ccc(F)cc4)cc3)c2cc1OC'"}, "time": 1746395205.1161768}