{"duration": 0.5414750576019287, "input_args": {"smiles": "'CN1CCN(CC1)c1ccc(Nc2ncc3c(n2)n(-c2cccc(n2)C(C)(C)O)n(CC=C)c3=O)cc1'"}, "time": 1746395132.283842}