{"duration": 0.42627882957458496, "input_args": {"smiles": "'CC1CN(CC(O1)C)CC(=O)NC2=CC3=C(C=C2)SC4=C(C3)C=CC=C4C5=CC(=O)C=C(O5)N6CCOCC6'"}, "time": 1743973428.842023}