{"duration": 0.4059109687805176, "input_args": {"smiles": "'C[C@@H](Oc1cc(sc1C(N)=O)-n1cnc2ccc(CN3CCN(C)CC3)cc12)c1ccccc1C(F)(F)F'"}, "time": 1746309890.2703161}