{"duration": 0.3733367919921875, "input_args": {"smiles": "'CC(C)[NH-].CC(C)[NH-].O.O.Cl[Pt+2]Cl'"}, "time": 1746310064.848921}