{"duration": 0.4431118965148926, "input_args": {"smiles": "'C1CC1N2C3=NC(=NC=C3C=C(C2=O)OC4=C(C=C(C=C4)F)F)NC5CCOCC5'"}, "time": 1746315849.993385}