{"duration": 0.3751399517059326, "input_args": {"smiles": "'CNCC1=CC=C(C=C1)C2=C3CCNC(=O)C4=C3C(=CC(=C4)F)N2.OP(=O)(O)O'"}, "time": 1746388477.1110861}