{"duration": 0.45928382873535156, "input_args": {"smiles": "'CCC1(C2=C(COC1=O)C(=O)N3CC4=CC5=CC=CC=C5N=C4C3=C2)OC(=O)CCC(=O)O.[Na+]'"}, "time": 1746315660.618211}