{"duration": 0.3573262691497803, "input_args": {"smiles": "'CN(C1CCS(=O)(=O)C1)C(=O)COC(=O)C=CC2=CC(=CC=C2)[N+](=O)[O-]'"}, "time": 1743972674.2721229}