{"duration": 0.35607337951660156, "input_args": {"smiles": "'CC1C(=O)N(CCN1CCOC2=CC=C(C=C2)C3CCN(CC3)C4=NN5C(=NN=C5OC)C=C4)C'"}, "time": 1743972605.409259}