{"duration": 0.6131291389465332, "input_args": {"smiles": "'C1CCC(C(C1)[NH-])[NH-].C(=O)(C(=O)O)O.[Pt+2]'"}, "time": 1746395010.114059}