{"duration": 0.5011091232299805, "input_args": {"smiles": "'CCNC(=O)CC1C2=NN=C(N2C3=C(C=C(C=C3)OC)C(=N1)C4=CC=C(C=C4)Cl)C'"}, "time": 1746394914.9284601}