{"duration": 0.4487040042877197, "input_args": {"smiles": "'CC1=CN=C(N=C1C2=CNC(=C2)C(=O)NC(CO)C3=CC(=CC=C3)Cl)NC4=C(C=C(C=C4)F)Cl'"}, "time": 1746388500.722024}