{"duration": 0.439241886138916, "input_args": {"smiles": "'CC(=O)Nc1cccc(c1)-n1c2c(C)c(=O)n(C)c(Nc3ccc(I)cc3F)c2c(=O)n(C2CC2)c1=O'"}, "time": 1746395284.619669}