{"duration": 0.4491708278656006, "input_args": {"smiles": "'B(C(CC(C)C)NC(=O)C(C(C)O)NC(=O)C1=CC=CC(=N1)C2=CC=CC=C2)(O)O'"}, "time": 1746315792.0767791}