{"duration": 0.3686239719390869, "input_args": {"smiles": "'COCCn1c2c(C(=O)c3ccccc3C2=O)[n+](Cc2cnccn2)c1C'"}, "time": 1746388670.674589}