{"duration": 0.40624570846557617, "input_args": {"smiles": "'CC1=CC(=O)N(C(=C1)C2CCCCC2)O'"}, "time": 1743972692.445518}