{"duration": 0.37163281440734863, "input_args": {"smiles": "'CC1=NC=C(N1C(C)C)C2=NC(=NC=C2)NC3=CC=C(C=C3)S(=O)(=O)C'"}, "time": 1746308256.8659542}