{"duration": 0.36754703521728516, "input_args": {"smiles": "'CC1=CC=C(C(=O)N1C2=CC=C(C=C2)F)C(=O)NC3=CC(=C(C=C3)OC4=C(C=C5C(=C4)C=NN5C)C6=CNN=C6)F'"}, "time": 1746315871.7275698}