{"duration": 0.3418240547180176, "input_args": {"smiles": "'C(C(C(=O)O)N)[N+](=NO)[O-]'"}, "time": 1746310328.0172758}