{"duration": 0.48139524459838867, "input_args": {"smiles": "'CC1=NC(=NC(=N1)N)C2=C(N=CC(=C2)C(C)N3CCN(CC3)S(=O)(=O)C)NC4=CC(=C(N=C4)OC)F'"}, "time": 1746395630.917702}