{"duration": 0.3631589412689209, "input_args": {"smiles": "'CCC1(C2=C(COC1=O)C(=O)N3CC4=CC5=CC=CC=C5N=C4C3=C2)OP(=O)(O)O'"}, "time": 1746310097.418095}