{"duration": 0.5565619468688965, "input_args": {"smiles": "'C[C@@H](Oc1cc(sc1C(N)=O)-n1cnc2ccc(CN3CCN(C)CC3)cc12)c1ccccc1C(F)(F)F'"}, "time": 1746395112.155303}