{"duration": 0.35281991958618164, "input_args": {"smiles": "'C1=CC(=CC(=C1)N2C(=O)C=CC3=CN=C4C=CC(=CC4=C32)C5=CN=C(C=C5)N)C(F)(F)F'"}, "time": 1743972396.206232}