{"duration": 0.5167810916900635, "input_args": {"smiles": "'C[C@@H](NC(=O)c1ncnc(N)c1Cl)c1ncc(s1)C(=O)Nc1cc(c(Cl)cn1)C(F)(F)F'"}, "time": 1746395141.898874}