{"duration": 0.5051300525665283, "input_args": {"smiles": "'COc1cc(CCC(=O)N2CCC=CC2=O)cc(OC)c1OC'"}, "time": 1746309850.726045}