{"duration": 0.3678159713745117, "input_args": {"smiles": "'CN1CC2=C(C=CC(=C2)NS(=O)(=O)C3=CC=CC=C3OC)NC1=O'"}, "time": 1746315868.027165}