{"duration": 0.3424229621887207, "input_args": {"smiles": "'CCC1=C(C=CC(=C1)C(=O)N)N2C3=NC=CC(=C3C(=N2)C(C)C)N4C=C(N=C4)C5=CN(N=C5)C'"}, "time": 1743974014.0040991}