{"duration": 0.5497081279754639, "input_args": {"smiles": "'CCCS(=O)(=O)Nc1ccc(F)c(C(=O)c2c[nH]c3ncc(Cl)cc23)c1F'"}, "time": 1746395161.3565598}