{"duration": 0.4604637622833252, "input_args": {"smiles": "'CC1=C(C(=NO1)C(=O)N2CCN(CC2)C(C3=CC=C(C=C3)Cl)C4=CC=C(C=C4)Cl)[N+](=O)[O-]'"}, "time": 1743972678.422837}