{"duration": 0.3678572177886963, "input_args": {"smiles": "'CC(C)(C)C1=CC=C(C=C1)S(=O)(=O)NCC2=CC=C(C=C2)C(=O)NC3=CN=CC=C3'"}, "time": 1743972703.66883}