{"duration": 0.42191410064697266, "input_args": {"smiles": "'COC1=C(C=CC2=C1CCC(CC2)N3CCOCC3)NC4=NC=C(C(=N4)NC5C6CC(C5C(=O)N)C=C6)Cl'"}, "time": 1746315891.7061288}