{"duration": 0.34854888916015625, "input_args": {"smiles": "'COc1cc(cc(OC)c1OC)\\\\C=C\\\\C(=O)N1CCC=CC1=O'"}, "time": 1746388720.844044}