{"duration": 0.44803524017333984, "input_args": {"smiles": "'CC12CCC3C(C1CCC(=O)O2)CCC4=CC(=O)C=CC34C'"}, "time": 1746315580.951793}