{"duration": 0.34180593490600586, "input_args": {"smiles": "'C1C(O1)C(C(C2CO2)O)O'"}, "time": 1746310047.711633}