{"duration": 0.401411771774292, "input_args": {"smiles": "'CCC1(C2=C(COC1=O)C(=O)N3CC4=C(C5=CC=CC=C5N=C4C3=C2)C=NNC(=O)C(CO)N)O.Cl'"}, "time": 1743973859.6211882}