{"duration": 0.4215281009674072, "input_args": {"smiles": "'COc1cc(OC2CCN(C)CC2)ccc1Nc1ncc2n(C)c(=O)n(C3CCCC3)c2n1'"}, "time": 1746309834.296662}