{"duration": 0.5475268363952637, "input_args": {"smiles": "'CC(C)S(=O)(=O)C1=CC=CC=C1NC2=CC(=NC3=C2C=CN3)NC4=C(C=C(C=C4)N5CCC(CC5)O)OC'"}, "time": 1746394911.118549}