{"duration": 0.390758752822876, "input_args": {"smiles": "'CN1C=C(C2=C1C=CC(=C2)Cl)C3=C(C(=O)NC3=O)C4=CN(C5=CC=CC=C54)C'"}, "time": 1746315821.529939}