{"duration": 0.41184091567993164, "input_args": {"smiles": "'CCC1(C2=C(COC1=O)C(=O)N3CC4=C(C5=CC=CC=C5N=C4C3=C2)C=NNC(=O)C(C)N)O.Cl'"}, "time": 1743973860.7451708}