{"duration": 0.3227241039276123, "input_args": {"smiles": "'CC(=O)NC1=CC=C(C=C1)C(=O)NC2=C(C=CC(=C2)C3=CC=CS3)N'"}, "time": 1743973426.684536}