{"duration": 0.4066030979156494, "input_args": {"smiles": "'CC(=O)Oc1ccc(cc1)C2(C(=O)Nc3ccccc23)c4ccc(OC(=O)C)cc4'"}, "time": 1746314780.187875}