{"duration": 0.3717501163482666, "input_args": {"smiles": "'COc1ccc(cc1CO)-c1ccc2c(nc(nc2n1)N1C[C@H](C)O[C@H](C)C1)N1CCOCC1'"}, "time": 1746309897.917299}