{"duration": 0.638983964920044, "input_args": {"smiles": "'Oc1ccc(cc1)\\\\C=C\\\\C(=O)c1ccc(O)cc1O'"}, "time": 1746309977.777777}