{"duration": 0.3904130458831787, "input_args": {"smiles": "'Nc1ncnc2n(nc(COc3cccc(Cl)c3)c12)C1CCOCC1'"}, "time": 1746309922.108295}