{"duration": 0.3462240695953369, "input_args": {"smiles": "'C1=CC2=C(C=C(C(=C2N=C1)O)N=NC3=CC4=C(C=C3)C=C(C=C4)S(=O)(=O)O)S(=O)(=O)O'"}, "time": 1743972350.2753909}