{"duration": 0.3715541362762451, "input_args": {"smiles": "'CN(CC1=CC=CC=C1)CC(=C)C2=CC=C(C=C2)C(=O)NC3=CC=CC=C3N'"}, "time": 1746310132.656401}