{"duration": 0.4252891540527344, "input_args": {"smiles": "'COC1=C(C(=CC=C1)F)C2=NCC3=CN=C(N=C3C4=C2C=C(C=C4)Cl)NC5=CC(=C(C=C5)C(=O)O)OC'"}, "time": 1746309687.462568}