{"duration": 0.4145960807800293, "input_args": {"smiles": "'CCC1(C2=C(COC1=O)C(=O)N3CC4=CC5=CC=CC=C5N=C4C3=C2)OC(=O)C(CCC(=O)O)N.Cl'"}, "time": 1746315661.85287}