{"duration": 0.47022294998168945, "input_args": {"smiles": "'C1CCC2(CC1)C(=O)N(C(=O)N2)CCN(CCCl)CCCl'"}, "time": 1746395336.797131}