{"duration": 0.33203601837158203, "input_args": {"smiles": "'CC\\\\C(c1ccccc1)=C(/c1ccccc1)c1ccc(OCCN(C)C)cc1'"}, "time": 1746388733.459002}