{"duration": 0.4736669063568115, "input_args": {"smiles": "'CC(CC1=CC2=C(CCC2)C=C1)N'"}, "time": 1746394890.6850739}