{"duration": 0.4315018653869629, "input_args": {"smiles": "'O=c1n(Cc2ccccc2)c(\\\\C=C\\\\c2cccnc2)nc2ccccc12'"}, "time": 1746388551.757379}