{"duration": 0.3815176486968994, "input_args": {"smiles": "'CCC1=C2N=C(C=C(N2N=C1)NCC3=C[N+](=CC=C3)[O-])N4CCCCC4CCO'"}, "time": 1746388521.2619112}