{"duration": 0.5046501159667969, "input_args": {"smiles": "'CN(C)CC1CN(C1)C(=O)Nc1cc(ccc1N)-c1ccc(F)cc1'"}, "time": 1746395050.905299}