{"duration": 0.40497684478759766, "input_args": {"smiles": "'CCN1CCC(CC1)OC2=C3C4=C(NC3=CN=C2C#N)N=CC=C4'"}, "time": 1743974034.928277}