{"duration": 0.511699914932251, "input_args": {"smiles": "'CN(C)CC(=O)N[C@@H]1CC[C@@H](CCNC(=O)Nc2ccc(F)cc2)O[C@H]1CO'"}, "time": 1746395049.2015722}