{"duration": 0.36905884742736816, "input_args": {"smiles": "'CC(C)[C@]12O[C@H]1[C@@H]1O[C@]11[C@]3(O[C@H]3CC3C4=C(CC[C@]13C)C(=O)OC4)[C@@H]2O'"}, "time": 1746388741.768579}