{"duration": 0.44896697998046875, "input_args": {"smiles": "'CNC[C@@H]1Oc2ccc(NC(=O)C3CCCCC3)cc2C(=O)N(C[C@@H]1C)[C@@H](C)CO'"}, "time": 1746388575.3866181}