{"duration": 0.38077497482299805, "input_args": {"smiles": "'CN(CC1=CN=C2C(=N1)C(=NC(=N2)N)N)C3=CC=C(C=C3)C(=O)NC(CCC(=O)O)C(=O)O'"}, "time": 1746315574.06766}