{"duration": 0.3933136463165283, "input_args": {"smiles": "'CN1C2=NC(=NC=C2C=C(C1=O)OC3=CC=CC=C3F)NC4CCOCC4'"}, "time": 1746315847.479712}