{"duration": 0.43472909927368164, "input_args": {"smiles": "'CN1C=C(C2=CC=CC=C21)C3=C(C(=O)NC3=O)C4=C5CNCCN5C6=CC=CC=C64'"}, "time": 1746315828.079529}