{"duration": 0.31664466857910156, "input_args": {"smiles": "'C1=C(C=C(C(=C1O)O)O)C2=C(C(=O)C3=C(C=C(C=C3O2)O)O)O'"}, "time": 1743973645.568599}