{"duration": 0.3862762451171875, "input_args": {"smiles": "'O=C(Nc1ccccc1)N1CCC(Cc2cnc3ccccc3c2)CC1'"}, "time": 1746388646.852329}