{"duration": 0.5908327102661133, "input_args": {"smiles": "'Cc1n[nH]c2NC3=C([C@@H](c12)c1ccccc1)C(=O)CC(C)(C)C3'"}, "time": 1746395063.099108}