{"duration": 0.3898019790649414, "input_args": {"smiles": "'CC(C)N1C(=O)C(=CC2=CC=C(O2)SC3=NC4=CC=CC=C4N3)SC1=O'"}, "time": 1743972787.882004}