{"duration": 0.349362850189209, "input_args": {"smiles": "'C1CC(C1)(C(=O)O)C(=O)O.[NH2-].[NH2-].[Pt+2]'"}, "time": 1746388682.22634}