{"duration": 0.37473392486572266, "input_args": {"smiles": "'CC(=O)C1=CC(=C(S1)SC2=C(C=C(C=C2)F)F)[N+](=O)[O-]'"}, "time": 1746309820.180219}