{"duration": 0.5718898773193359, "input_args": {"smiles": "'Cc1nc(Nc2ncc(s2)C(=O)Nc2c(C)cccc2Cl)cc(n1)N1CCN(CCO)CC1'"}, "time": 1746395216.756059}