{"duration": 0.40087103843688965, "input_args": {"smiles": "'CCN(CC)c1ccc(cc1)C1=NNC(=O)C[C@H]1C'"}, "time": 1746388590.318177}