{"duration": 0.41997194290161133, "input_args": {"smiles": "'C1CCC(CC1)N2C=NC3=C(N=C(N=C32)OC4=CC=CC5=CC=CC=C54)NC6=CC=C(C=C6)N7CCOCC7'"}, "time": 1743973656.047915}