{"duration": 0.4801170825958252, "input_args": {"smiles": "'CNC(=O)C1=CC=CC=C1NC2=CC(=NC=C2C(F)(F)F)NC3=C(C=C(C=C3)N4CCOCC4)OC'"}, "time": 1746395634.5028532}