{"duration": 0.38738489151000977, "input_args": {"smiles": "'CC(C)N1CCC(CC1)NC2=NC(=NC3=CC(=C(C=C32)OC)OCCCN4CCCC4)N5CCC(CC5)(F)F'"}, "time": 1746309787.539617}