{"duration": 0.37578916549682617, "input_args": {"smiles": "'CC1=CC(=CC=C1)NC2=NC(=CS2)C3=CC=NC=C3'"}, "time": 1746308348.7164092}