{"duration": 0.40866589546203613, "input_args": {"smiles": "'C1CC(C(OC1CC(=O)NCC2=NC=NC=C2)CO)NC(=O)C3=CC=C(C=C3)F'"}, "time": 1743973557.641927}