{"duration": 0.3991429805755615, "input_args": {"smiles": "'CCCc1nn(C)c2C(=O)NC(=Nc12)c3cc(ccc3OCC)S(=O)(=O)N4CCN(C)CC4'"}, "time": 1746310002.8374982}