{"duration": 0.36327505111694336, "input_args": {"smiles": "'CC1=NN(C(=O)C\\\\1=C\\\\c1ccc(o1)-c1cc(C)c(C)cc1[N+]([O-])=O)c1ccc(cc1)C(O)=O'"}, "time": 1746388594.633159}