{"duration": 0.3670928478240967, "input_args": {"smiles": "'CCN(CC)CCOCCC1CCC2C1(CCC3C2C(CC4=C3C=CC(=C4)OS(=O)(=O)N)C)C'"}, "time": 1743973877.949897}