{"duration": 0.375777006149292, "input_args": {"smiles": "'Oc1c(cc(c2cccnc12)S(=O)(=O)O)N=Nc3ccc4cc(ccc4c3)S(=O)(=O)O'"}, "time": 1746314785.0182478}