{"duration": 0.45607614517211914, "input_args": {"smiles": "'COC(=O)CCC1CCC(CC1)(C2=C(C=CC(=C2)F)F)S(=O)(=O)C3=CC=C(C=C3)Cl'"}, "time": 1746315784.4180338}