{"duration": 0.42215394973754883, "input_args": {"smiles": "'COC1=CC=C2C(=CC1=O)C(CCC3=CC(=C(C(=C32)OC)OC)OC)NC(=O)C4=CC=CC=C4'"}, "time": 1746310029.5648189}