{"duration": 0.35886192321777344, "input_args": {"smiles": "'CCOC(=O)C1Cc2ccccc2CN1C(=O)c1ccc(SC)s1'"}, "time": 1746388661.75912}