{"duration": 0.5443758964538574, "input_args": {"smiles": "'CC(C(=O)NC(C1CCCCC1)C(=O)N2CCCC2C3=NC(=CS3)C(=O)C4=CC=C(C=C4)F)NC'"}, "time": 1746394903.595388}