{"duration": 0.3585379123687744, "input_args": {"smiles": "'CC1=C2C3=C(CCCN3C(=N2)N4CCNCC4)C(=C1Br)Br'"}, "time": 1743974052.298163}