{"duration": 0.35993027687072754, "input_args": {"smiles": "'COc1cc2nccc(Oc3ccc(NC(=O)NC4CC4)c(Cl)c3)c2cc1C(N)=O'"}, "time": 1746388702.620786}