{"duration": 0.4009981155395508, "input_args": {"smiles": "'CN1C(=C(C=N1)C#N)C2=CC3=C(C=C2)C(=O)N(C3)C(CC4=CC(=CC=C4)F)CN'"}, "time": 1746310305.702142}