{"duration": 0.41381120681762695, "input_args": {"smiles": "'CC12CCC3C(C1CCC2OP(=O)(O)O)CCC4=C3C=CC(=C4)OC(=O)N(CCCl)CCCl.[Na+]'"}, "time": 1743973868.9376519}