{"duration": 0.3594999313354492, "input_args": {"smiles": "'CN1C=C(C=N1)C2=CC3=C(C=CC4=C(C3=O)C=C(C=C4)CS(=O)(=O)NCC5=CC=CC=N5)N=C2'"}, "time": 1746315778.176139}