{"duration": 0.4903438091278076, "input_args": {"smiles": "'CC(C)C[C@H](NC(=O)CNC(=O)c1cc(Cl)ccc1Cl)B(O)O'"}, "time": 1746395141.3780491}