{"duration": 0.40625786781311035, "input_args": {"smiles": "'CC(C)(CCC1=C2C(=C(C=C1)O)C(=O)C3=C(C4=C(C=C3O2)OC5C4(C=CO5)O)O)O'"}, "time": 1743972706.781039}