{"duration": 0.5504088401794434, "input_args": {"smiles": "'COC[C@]1(CO)[N@@]2CC[C@@H](CC2)C1=O'"}, "time": 1746395162.373374}