{"duration": 0.500626802444458, "input_args": {"smiles": "'C(Cc1c[nH]c2ccccc12)Nc1cccc(Nc2ccncc2)c1'"}, "time": 1746395268.040052}