{"duration": 0.35354089736938477, "input_args": {"smiles": "'C1C2=CC=CC=C2CN1CC3=NC4=NNC(=O)C5=C4C(=CC=C5)N3'"}, "time": 1743974020.793625}