{"duration": 0.3673720359802246, "input_args": {"smiles": "'CNCCCN1C=C(C2=CC=CC=C21)C3=C(C(=O)NC3=O)C4=CN(C5=CC=CC=C54)C'"}, "time": 1746315825.6512158}