{"duration": 0.35747694969177246, "input_args": {"smiles": "'FC1=CNC(=O)NC1=O'"}, "time": 1746315067.060225}