{"duration": 0.36573100090026855, "input_args": {"smiles": "'CN(C)CCCN1C2=C3C(=C(C=C2)[N+](=O)[O-])NC4=C(C3=N1)C=C(C=C4)OC'"}, "time": 1746310100.934564}