{"duration": 0.4314291477203369, "input_args": {"smiles": "'CCCCCCCCCCC(C)(C)C(=O)NC1=C(C=C(C=C1OC)OC)OC'"}, "time": 1743973574.463105}