{"duration": 0.35625386238098145, "input_args": {"smiles": "'C1=NC2=C(N1)C(=S)N=CN2'"}, "time": 1746315574.8605518}