{"duration": 0.33632826805114746, "input_args": {"smiles": "'COC1=C(C=C(C=C1)C=CC2=CC(=C(C(=C2)OC)OC)OC)NC(=O)C(CO)N'"}, "time": 1743974010.524839}