{"duration": 0.5311651229858398, "input_args": {"smiles": "'CCC(C)C(=O)OC1CC(C)C=C2C=CC(C)C(CCC(O)CC(O)CC(O)=O)C12'"}, "time": 1746395239.709173}