{"duration": 0.48391294479370117, "input_args": {"smiles": "'CC(C)N1C[C@@H](C)[C@H](CN(C)Cc2ccc(Oc3ccccc3)cc2)Oc2c(NC(=O)c3ccncc3)cccc2C1=O'"}, "time": 1746395057.070515}