{"duration": 0.39490675926208496, "input_args": {"smiles": "'CC1(C)CN=C(S1)N1CCN(CC1)c1ncnc2sc3CCCCc3c12'"}, "time": 1746388627.086869}