{"duration": 0.35768914222717285, "input_args": {"smiles": "'CN(C)CC(=O)N1CCC(CC1)C2=CC(=C(C=C2)NC(=O)C3=NC=C(N3)C#N)C4=CCCCC4'"}, "time": 1746315725.899907}