{"duration": 0.3384099006652832, "input_args": {"smiles": "'CC1=C(C=C(C=C1)N2C(=O)C=CC3=CN=C4C=CC(=CC4=C32)C5=CNN=C5)NC(=O)C=C'"}, "time": 1743972392.611336}