{"duration": 0.5162591934204102, "input_args": {"smiles": "'C1C2=CC=CC=C2CN1CC3=NC4=NNC(=O)C5=C4C(=CC=C5)N3'"}, "time": 1746395635.027563}