{"duration": 0.44181108474731445, "input_args": {"smiles": "'CC(C)N1C(=O)CCN(C2=NC(=NC=C21)NC3=C(C=C(C=C3)C(=O)NC4CCN(CC4)C)OC)C5CCCC5'"}, "time": 1743972431.564362}