{"duration": 0.3803226947784424, "input_args": {"smiles": "'C1C(O1)CN2C(=O)N(C(=O)N(C2=O)CC3CO3)CC4CO4'"}, "time": 1746310070.514287}