{"duration": 0.4339179992675781, "input_args": {"smiles": "'C1=CC(=CC(=C1)N)C2=CC3=C(N2)N=CN=C3OC4=CC=CC(=C4)O'"}, "time": 1746309778.6898491}