{"duration": 0.43129920959472656, "input_args": {"smiles": "'CCOC(=O)\\\\C=C/n1nnc(n1)-c1cccc(Cl)c1'"}, "time": 1746388605.978509}