{"duration": 0.41704773902893066, "input_args": {"smiles": "'COc1cc(CCc2cc(NC(=O)c3ccc(cc3)N3C[C@H](C)N[C@H](C)C3)n[nH]2)cc(OC)c1'"}, "time": 1746388549.6961422}