{"duration": 0.36527395248413086, "input_args": {"smiles": "'C[C@@H]1CC[C@H](CC1)NC(=O)N(CCCl)N=O'"}, "time": 1746314787.348844}