{"duration": 0.5011460781097412, "input_args": {"smiles": "'C1COCCN1C2=CC=C(C=C2)C3=C(C=NC=C3)C4=CC(=C(C(=C4)F)O)F'"}, "time": 1743972628.137694}