{"duration": 0.33267784118652344, "input_args": {"smiles": "'COC1=C2CN3C(=CC4=C(C3=O)COC(=O)C4(CC(=O)N5CCOCC5)O)C2=NC6=CC=CC=C61'"}, "time": 1743973815.9355788}