{"duration": 0.34673500061035156, "input_args": {"smiles": "'Clc1ccc-2c(c1)C(=O)c1nc(C#N)c(nc-21)C#N'"}, "time": 1746309891.755113}