{"duration": 0.3757617473602295, "input_args": {"smiles": "'C1C(O1)CN2C(=O)N(C(=O)N(C2=O)CC3CO3)CC4CO4'"}, "time": 1746315633.2845702}