{"duration": 0.37203502655029297, "input_args": {"smiles": "'C1CN(P(=O)(OC1)NCCCl)CCCl'"}, "time": 1743973638.912683}