{"duration": 0.3407118320465088, "input_args": {"smiles": "'ONC(=O)c1ccncc1'"}, "time": 1746388701.062274}