{"duration": 0.4177699089050293, "input_args": {"smiles": "'C1=CC=C2C(=C1)C(=C(C(=O)C2=O)CC=C(Cl)Cl)O'"}, "time": 1746315606.2285252}