{"duration": 0.3527688980102539, "input_args": {"smiles": "'C1CC1C2=NC=C(C=N2)C3=CC4=C(NC=C4C(=O)C5=C(C=CC(=C5F)NS(=O)(=O)N6CCC(C6)F)F)N=C3'"}, "time": 1746315934.039417}