{"duration": 0.6146113872528076, "input_args": {"smiles": "'Cn1c2cnc3ccc(cc3c2n(-c2ccc(cc2)C(C)(C)C#N)c1=O)-c1cnc2ccccc2c1'"}, "time": 1746395149.589737}