{"duration": 0.3614189624786377, "input_args": {"smiles": "'CN1CC2=C(C=CC(=C2)NS(=O)(=O)C3=CC=CC=C3OC)NC1=O'"}, "time": 1743973447.5165398}