{"duration": 0.41500377655029297, "input_args": {"smiles": "'Cc1onc(C(=O)N2CCN(CC2)C(c2ccc(Cl)cc2)c2ccc(Cl)cc2)c1[N+]([O-])=O'"}, "time": 1746309908.284242}