{"duration": 0.5153708457946777, "input_args": {"smiles": "'CC(=O)OC1=CC=C(C=C1)C2(C3=CC=CC=C3NC2=O)C4=CC=C(C=C4)OC(=O)C'"}, "time": 1746309804.79676}