{"duration": 0.4808030128479004, "input_args": {"smiles": "'CN1CCN(CC1)C2=CC(=C(C=C2)NC3=NC=C4C(=N3)N(C5=CC=CC=C5C(=O)N4C)C)OC'"}, "time": 1746394978.8049989}