{"duration": 0.3827247619628906, "input_args": {"smiles": "'Nc1ncn([C@@H]2O[C@H](CO)[C@@H](O)[C@H]2O)c(=O)n1'"}, "time": 1746309952.562146}