{"duration": 0.4334299564361572, "input_args": {"smiles": "'C1=CN=C(N=C1)C2=NN(N=N2)CC3=C(C=C(C=C3F)C(=O)NO)F'"}, "time": 1746388435.703188}