{"duration": 0.4489138126373291, "input_args": {"smiles": "'CN1C2=C(C(=C(C1=O)F)NC3=C(C=C(C=C3)I)F)C(=O)N(C=N2)CC(CO)O'"}, "time": 1746315775.9214709}