{"duration": 0.44379639625549316, "input_args": {"smiles": "'C1C(O1)C(C(C2CO2)O)O'"}, "time": 1746395326.471102}