{"duration": 0.48058128356933594, "input_args": {"smiles": "'CC(C1=C(C=NC=C1Cl)Cl)OC2=CC3=C(C=C2)NN=C3C=CC4=CN(N=C4)CCO'"}, "time": 1746395602.106483}