{"duration": 0.357957124710083, "input_args": {"smiles": "'CCN(CC1=NSC(=C1)NC2=NC(=CN3C2=NC=C3C4=CNN=C4)C)C(C)(C)CO'"}, "time": 1746315777.8122308}