{"duration": 0.3531320095062256, "input_args": {"smiles": "'CCC1(C2=C(COC1=O)C(=O)N3CC4=CC5=CC=CC=C5N=C4C3=C2)OC(=O)CCC(=O)O.[Na+]'"}, "time": 1743973843.294585}