{"duration": 0.49225425720214844, "input_args": {"smiles": "'CCCC(=O)OCC1=CC=C(C=C1)OC(=O)C=C(C)C=CC=C(C)C=CC2=C(CCCC2(C)C)C'"}, "time": 1746394970.178462}