{"duration": 0.42525196075439453, "input_args": {"smiles": "'C1=CC(=C(C=C1Cl)C(=O)NC2=CC(=CC(=C2)C(F)(F)F)C(F)(F)F)O'"}, "time": 1743972404.309298}