{"duration": 0.3819880485534668, "input_args": {"smiles": "'CN1C=C(C2=CC=CC=C21)C3=C(C(=O)NC3=O)C4=CN(C5=CC=CC=C54)CCCNC(=N[N+](=O)[O-])N'"}, "time": 1746315826.417166}