{"duration": 0.3346250057220459, "input_args": {"smiles": "'Cc1c2ccncc2c(C)c3c4ccccc4[nH]c13'"}, "time": 1746315251.93011}