{"duration": 0.37091875076293945, "input_args": {"smiles": "'CC1=C(C(=O)N(N1)C2=CC=CC=C2)C(=O)C3=CC=CC=C3'"}, "time": 1746315842.4014459}