{"duration": 0.42490315437316895, "input_args": {"smiles": "'C1=CC(=CC=C1CC2=CC=C(C=C2)[As](=O)(O)O)[As](=O)(O)O'"}, "time": 1743972731.254975}