{"duration": 0.3896751403808594, "input_args": {"smiles": "'CC1(CNC2=C1C=CC(=C2)NC(=O)C3=C(N=CC=C3)NCC4=CC=NC=C4)C'"}, "time": 1746315771.4419231}