{"duration": 0.4119439125061035, "input_args": {"smiles": "'CC(C)(C)CC1C2(C(C(N1)C(=O)NCCC(CO)O)C3=CC(=CC=C3)Cl)C4=CC(=C(C=C4NC2=O)Cl)F'"}, "time": 1743973898.532768}