{"duration": 0.4929673671722412, "input_args": {"smiles": "'ONC(=O)c1cccc(c1)C(=O)Nc1ccccc1'"}, "time": 1746395064.63311}