{"duration": 0.37994909286499023, "input_args": {"smiles": "'CC(C=C(C)C=CC(=O)NO)C(=O)C1=CC=C(C=C1)N(C)C'"}, "time": 1746309786.400222}