{"duration": 0.3734288215637207, "input_args": {"smiles": "'CC(C)NC(=O)C1=CC=C(C=C1)CNNC.Cl'"}, "time": 1746310036.259349}