{"duration": 0.3954050540924072, "input_args": {"smiles": "'COc1ccc(cc1CO)-c1ccc2c(nc(nc2n1)N1C[C@H](C)O[C@H](C)C1)N1CCOCC1'"}, "time": 1746388621.4080698}