{"duration": 0.36812710762023926, "input_args": {"smiles": "'Clc1ccc(OCCCCCC\\\\N=C(\\\\NC#N)Nc2ccncc2)cc1'"}, "time": 1746388611.128296}