{"duration": 0.3358428478240967, "input_args": {"smiles": "'Nc1nc(F)nc2c1ncn2C3OC(CO)C(O)C3O'"}, "time": 1746315262.654314}