{"duration": 0.3174459934234619, "input_args": {"smiles": "'C1=CC=C2C(=C1)C(=C(N2)C3=C(NC4=C3C=CC(=C4)Br)O)N=O'"}, "time": 1743973584.739527}