{"duration": 0.5018188953399658, "input_args": {"smiles": "'C1=CC(=CC=C1C=CC(=O)NO)C(=O)NN=CC2=C(C(=C(C=C2)O)O)O'"}, "time": 1743973652.465114}