{"duration": 0.36759185791015625, "input_args": {"smiles": "'C1=CC=C2C(=C1)C3=NNC4=CC=CC(=C43)C2=O'"}, "time": 1743973656.4184508}