{"duration": 0.36401796340942383, "input_args": {"smiles": "'CNC[C@@H]1Oc2ccc(NC(=O)CCN3CCOCC3)cc2CC(=O)N(C[C@@H]1C)[C@H](C)CO'"}, "time": 1746309854.653227}