{"duration": 0.6166741847991943, "input_args": {"smiles": "'Cc1cc2nc(NCCCO)n(CC(=O)c3cc(c(O)c(c3)C(C)(C)C)C(C)(C)C)c2cc1C'"}, "time": 1746395133.935552}