{"duration": 0.3414158821105957, "input_args": {"smiles": "'COC1=C(C(=C(C=C1)F)F)C(=O)C2=CN=C(N=C2N)NC3CCN(CC3)S(=O)(=O)C'"}, "time": 1746310266.424886}