{"duration": 0.41640305519104004, "input_args": {"smiles": "'N[C@H](CSCCB(O)O)C(O)=O'"}, "time": 1746309837.6763752}