{"duration": 0.5191638469696045, "input_args": {"smiles": "'N[C@@H](CC(=O)N1CCn2c(C1)nnc2C(F)(F)F)Cc1cc(F)c(F)cc1F'"}, "time": 1746395271.0103161}