{"duration": 0.41129493713378906, "input_args": {"smiles": "'ClCCNP1(=O)OCCCN1CCCl'"}, "time": 1746315261.146274}