{"duration": 0.4901261329650879, "input_args": {"smiles": "'CC=CC1=CC2=C(C=C1)S(=O)(=O)N(CC(C(O2)CN(C)C(=O)C3=CC=CC=C3)C)C(C)CO'"}, "time": 1743972789.726658}