{"duration": 0.40730810165405273, "input_args": {"smiles": "'CC(=CCC(C1=CC(=O)C2=C(C=CC(=C2C1=O)O)O)O)C'"}, "time": 1746308352.1733801}