{"duration": 0.4572596549987793, "input_args": {"smiles": "'CN1C=C(C2=CC=CC=C21)C3=C(C(=O)NC3=O)C4=CNC5=CC=CC=C54'"}, "time": 1746395546.082866}