{"duration": 0.41175103187561035, "input_args": {"smiles": "'CC(=O)N1CCN(CC1)CCOC2=CC=C(C=C2)C3CCN(CC3)C4=NN5C(=NN=C5C(F)(F)F)CC4'"}, "time": 1746315800.197218}