{"duration": 0.40885186195373535, "input_args": {"smiles": "'CC1=C(C=NO1)C(=O)NC2=CC=C(C=C2)C(F)(F)F'"}, "time": 1743972599.668243}