{"duration": 0.3806440830230713, "input_args": {"smiles": "'CC(C)(C)c1ccc2cc(C#N)c(cc2c1)C#N'"}, "time": 1746388595.4219892}