{"duration": 0.4269430637359619, "input_args": {"smiles": "'CN1CCC(C(C1)O)C2=C(C=C(C3=C2OC(=CC3=O)C4=CC=CC=C4Cl)O)O.Cl'"}, "time": 1743973851.943209}