{"duration": 0.40454792976379395, "input_args": {"smiles": "'CC(C(C(=O)NC(C(C)O)C(=O)NC(CCCCN)C(=O)O)N)O'"}, "time": 1746309777.865768}