{"duration": 0.3956878185272217, "input_args": {"smiles": "'CN1C=C(C2=CC=CC=C21)C3=C(C(=O)NC3=O)C4=CC(=CC=C4)N'"}, "time": 1743973948.7084649}