{"duration": 0.39839625358581543, "input_args": {"smiles": "'CCNC(=O)C1=NOC(=C1C2=CC=C(C=C2)CN3CCOCC3)C4=CC(=C(C=C4O)O)C(C)C'"}, "time": 1743972362.504977}