{"duration": 0.46539926528930664, "input_args": {"smiles": "'Cc1ccc(cc1)C(=O)Cn1c2CCCCc2sc1=N'"}, "time": 1746309995.939601}