{"duration": 0.4244511127471924, "input_args": {"smiles": "'Nc1ncnc2n(nc(COc3cccc(Cl)c3)c12)C1CCOCC1'"}, "time": 1746388645.710994}