{"duration": 0.4472682476043701, "input_args": {"smiles": "'CC1=CSC(=NC2CCCCC2)N1N=CC3=C(C(=C(C=C3)O)O)O'"}, "time": 1743973435.476026}