{"duration": 0.5654377937316895, "input_args": {"smiles": "'CCN(CC)c1ccc(cc1)C1=NNC(=O)C[C@H]1C'"}, "time": 1746395079.7599528}