{"duration": 0.39688897132873535, "input_args": {"smiles": "'CCCCCCCCCC(=O)N[C@H](CN1CCOCC1)[C@H](O)c1ccccc1'"}, "time": 1746388644.519117}