{"duration": 0.365170955657959, "input_args": {"smiles": "'Cc1ccc(cc1)S(=O)(=O)OCC(=O)Nc1ccc(C(O)=O)c(O)c1'"}, "time": 1746388637.800496}