{"duration": 0.4550161361694336, "input_args": {"smiles": "'C1CC(CCC1OC2=C(C(=CC=C2)Cl)F)(CC3=NC(=CC=C3)NC4=NC=CS4)C(=O)O'"}, "time": 1746395607.679083}