{"duration": 0.5847258567810059, "input_args": {"smiles": "'C1=CC(=CC=C1C=C2C(=O)N=C(S2)N)O'"}, "time": 1746394913.92918}