{"duration": 0.34877800941467285, "input_args": {"smiles": "'Fc1ccccc1-c1cc(=O)c2cc3OCOc3cc2[nH]1'"}, "time": 1746309878.389417}