{"duration": 0.33545994758605957, "input_args": {"smiles": "'COC1=C(C=C2C(=C1)C3=C(C4=CC5=C(C=C4C3=O)OCO5)N(C2=O)CCCN6C=NC=N6)OC.Cl'"}, "time": 1743973889.137293}