{"duration": 0.5054142475128174, "input_args": {"smiles": "'CN1C=NC2=C1C=C(C(=C2F)NC3=C(C=C(C=C3)Br)Cl)C(=O)NOCCO'"}, "time": 1743973467.117877}