{"duration": 0.48619794845581055, "input_args": {"smiles": "'C1=CC(=NC=C1O)C=NNC(=S)N'"}, "time": 1746315600.496253}