{"duration": 0.3612022399902344, "input_args": {"smiles": "'COc1ccc(cc1Cl)N(C(C(=O)NCCc1ccccc1)c1cccs1)C(=O)CCl'"}, "time": 1746309907.467852}