{"duration": 0.44134092330932617, "input_args": {"smiles": "'COCC1(C(=O)C2CCN1CC2)CO'"}, "time": 1746308398.85149}