{"duration": 0.35500407218933105, "input_args": {"smiles": "'C1=CC(=C(C(=C1)Cl)CN=C2NC(=O)C(=CC3=CC4=C(C=C3)N=CC=C4)S2)Cl'"}, "time": 1746310252.253331}