{"duration": 0.4788370132446289, "input_args": {"smiles": "'C1=CC=C2C(=C1)C(C(=O)N2)(C3=CC(=C(C=C3)O)F)C4=CC(=C(C=C4)O)F'"}, "time": 1746395631.401807}