{"duration": 0.40076708793640137, "input_args": {"smiles": "'C1=CC=C(C=C1)NC(=O)CCCCCCC(=O)NO'"}, "time": 1743972413.4013572}