{"duration": 0.4097168445587158, "input_args": {"smiles": "'CC(C)(C)C1=CC2=CC(=C(C=C2C=C1)C#N)C#N'"}, "time": 1743973570.3438551}