{"duration": 0.4100191593170166, "input_args": {"smiles": "'COC1=CC(=CC(=C1OC)OC)C=CC(=O)N2CCC=CC2=O'"}, "time": 1746308339.177296}