{"duration": 0.39492297172546387, "input_args": {"smiles": "'CC1=NN(C(=C1C2=CC=CC3=C2N(C(=C3CCCOC4=CC=CC5=CC=CC=C54)C(=O)O)CCN6CCOCC6)COC7=CC=C(C=C7)N8CCN(CC8)S(=O)(=O)N(C)C)C'"}, "time": 1746310291.6550772}