{"duration": 0.3907771110534668, "input_args": {"smiles": "'Cc1ccc2N=C3N(CCC3(O)C(=O)c2c1)c1ccccc1'"}, "time": 1746388678.4984698}