{"duration": 0.37248778343200684, "input_args": {"smiles": "'COC1=C(NC=C1)C=C2C3=CC=CC=C3NC2=O'"}, "time": 1746310227.414766}