{"duration": 0.5807011127471924, "input_args": {"smiles": "'OCC(O)CONC(=O)c1cc(Br)c(F)c(F)c1Nc1ccc(I)cc1F'"}, "time": 1746395154.705157}