{"duration": 0.38492512702941895, "input_args": {"smiles": "'CC1=C(C=C(C=C1)NC(=O)C2=CC=C(C=C2)CN3CCN(CC3)C)NC4=NC(=CS4)C5=CN=CC=C5'"}, "time": 1743973437.299177}