{"duration": 0.37319111824035645, "input_args": {"smiles": "'CCOC(=O)NC1=CC(=NN2C1=NN=C2C)C3=CC(=C(C=C3)C)NS(=O)(=O)C'"}, "time": 1743973499.9847739}