{"duration": 0.3575160503387451, "input_args": {"smiles": "'CN(CCO)C1CCN(CC1)C2=CN=C(C=C2)NC3=NC=C4C5=C(C(=NC=C5)F)N(C4=N3)C6CCCC6'"}, "time": 1746315886.660449}