{"duration": 0.41600608825683594, "input_args": {"smiles": "'CCC1C2=C(COC1=O)C(=O)N3CC4=CC5=CC=CC=C5N=C4C3=C2'"}, "time": 1746310042.743275}