{"duration": 0.4014449119567871, "input_args": {"smiles": "'C1CCC(C(C1)N)N.C(=O)(C(=O)[O-])[O-].[Pt+4]'"}, "time": 1743973812.722202}