{"duration": 0.38889098167419434, "input_args": {"smiles": "'COc1ccc(cc1)S(=O)(=O)N(C(=O)C)c2ccccc2C=Cc3cc[n+]([O-])cc3'"}, "time": 1746308442.3603919}