{"duration": 0.5335352420806885, "input_args": {"smiles": "'OC(=O)c1cc2cc(OCc3ccccc3)ccc2[nH]1'"}, "time": 1746395146.211786}