{"duration": 0.35457897186279297, "input_args": {"smiles": "'CC1=C(C=NO1)C(=O)NC2=CC=C(C=C2)C(F)(F)F'"}, "time": 1746388526.855006}