{"duration": 0.3905019760131836, "input_args": {"smiles": "'ON=C1c2cc(ccc2-c2ccc(cc12)S(=O)(=O)N1CCCCC1)S(=O)(=O)N1CCCCC1'"}, "time": 1746309880.772904}