{"duration": 0.4010653495788574, "input_args": {"smiles": "'CC(C1=C(C=CC(=C1Cl)F)Cl)OC2=C(N=CC(=C2)C3=CN(N=C3)C4CCNCC4)N'"}, "time": 1746388418.785223}