{"duration": 0.5140998363494873, "input_args": {"smiles": "'CS(=O)(=O)O.C1=CC(=CC(=C1)Br)NC2=NC=NC3=CC(=NC=C32)N'"}, "time": 1743973856.548856}