{"duration": 0.39841270446777344, "input_args": {"smiles": "'C(CCl)NC(=O)N(CCCl)N=O'"}, "time": 1743973834.5325062}