{"duration": 0.4243440628051758, "input_args": {"smiles": "'CC12CCC3C(C1CCC2O)C(CC4=C3C=CC(=C4)O)CCCCCCCCCS(=O)CCCC(C(F)(F)F)(F)F'"}, "time": 1746309719.092831}