{"duration": 0.5117452144622803, "input_args": {"smiles": "'CCOC1=CC2=C(C=C1)C3=C(C2=O)C4=C(C=C(C=C4)[N+](=O)[O-])C(=O)N3CCCN.Cl'"}, "time": 1743973890.751227}