{"duration": 0.4006812572479248, "input_args": {"smiles": "'CC12CCC(CC1=CCC3C2CCC4(C3CC=C4C5=CN=CC=C5)C)O'"}, "time": 1743972735.863723}