{"duration": 0.4896657466888428, "input_args": {"smiles": "'CC(C(C(=O)NC(C(C)O)C(=O)NC(CCCCN)C(=O)O)N)O'"}, "time": 1746394957.931793}