{"duration": 0.5871663093566895, "input_args": {"smiles": "'C1CCC(C(C1)N)N.C(=O)(C(=O)[O-])[O-].[Pt+4]'"}, "time": 1746395347.407805}