{"duration": 0.414186954498291, "input_args": {"smiles": "'C1C(C(OC1N2C=NC3=C(N=C(N=C32)Cl)N)CO)O'"}, "time": 1743973792.5545778}