{"duration": 0.44020915031433105, "input_args": {"smiles": "'CC1=C2C(=NN1)NC3=C(C=C(C=C3)C#N)C(=N2)C4=CC=CC=C4F'"}, "time": 1746310228.59587}