{"duration": 0.3673899173736572, "input_args": {"smiles": "'CS(=O)(=O)CCN1C2=NC(=NC=C2C=C(C1=O)OC3=C(C=C(C=C3)F)F)NC4CCOCC4'"}, "time": 1746315859.611281}