{"duration": 0.5812239646911621, "input_args": {"smiles": "'O=C(NC1CC1)c1cc(on1)-c1cccs1'"}, "time": 1746395250.062717}