{"duration": 0.4915342330932617, "input_args": {"smiles": "'CN1C=C(C2=CC=CC=C21)C3=C(C(=O)NC3=O)C4=CN(C5=CC=CC=C54)CCCN=C(N)N'"}, "time": 1746395550.5757382}