{"duration": 0.33118391036987305, "input_args": {"smiles": "'CC1COCCN1C2=NC3=C(C=CN=C3C4=CC=NN4)C(=C2)C5=CC=NN5C'"}, "time": 1743974046.908375}