{"duration": 0.3274269104003906, "input_args": {"smiles": "'C1C=CC2C1C(NC3=CC=CC=C23)C4=CC5=C(C=C4Br)OCO5'"}, "time": 1743973597.517157}