{"duration": 0.31821179389953613, "input_args": {"smiles": "'C[C@@H]1CC[C@H](CC1)NC(=O)N(CCCl)N=O'"}, "time": 1746315256.881749}