{"duration": 0.365401029586792, "input_args": {"smiles": "'COc1ccc(cc1)C(=O)CC1(O)C(=O)Nc2c1c(Cl)ccc2Cl'"}, "time": 1746309948.043998}