{"duration": 0.36046886444091797, "input_args": {"smiles": "'CN1CCN(CC1)C2=CC(=C(C=C2)NC3=NC=C4C(=N3)N(C5=CC=CC=C5C(=O)N4C)C)OC'"}, "time": 1743972347.7189639}