{"duration": 0.3681337833404541, "input_args": {"smiles": "'COCCOc1cc2ncnc(Nc3cccc(c3)C#C)c2cc1OCCOC'"}, "time": 1746388693.8972611}