{"duration": 0.5992319583892822, "input_args": {"smiles": "'CONC(=O)[C@H]1[C@@H](O)[C@@]2(O)c3c(O[C@]2([C@@H]1c1ccccc1)c1ccc(OC)cc1)cc(OC)cc3OC'"}, "time": 1746395099.632545}