{"duration": 0.4403078556060791, "input_args": {"smiles": "'CC1CCCC2(C(O2)CC(OC(=O)CC(C(C(=O)C(C1O)C)(C)C)O)C(=CC3=CSC(=N3)C)C)C'"}, "time": 1743973410.998639}