{"duration": 0.5459718704223633, "input_args": {"smiles": "'C1=CC2=C(C=C1[N+](=O)[O-])C(=O)N(C3=C2C(=O)C4=C3C=CC(=C4)Br)CCCCl'"}, "time": 1746395442.890455}