{"duration": 0.3897132873535156, "input_args": {"smiles": "'C1=CC2=C(C=CC(=C2)C=C3C(=O)NC(=NCC4=CC=CS4)O3)N=C1'"}, "time": 1746310253.877173}