{"duration": 0.47724390029907227, "input_args": {"smiles": "'CCCCCCN(CCCCCC)C(=O)Cc1c([nH]c2ccccc12)-c1ccc(F)cc1'"}, "time": 1746395104.918716}