{"duration": 0.3574509620666504, "input_args": {"smiles": "'CN1C=C(C2=CC=CC=C21)C3=C(C(=O)NC3=O)C4=CNC5=CC=CC=C54'"}, "time": 1746310219.507342}