{"duration": 0.5270719528198242, "input_args": {"smiles": "'CC1=CC(=C(C=C1Br)NC(=O)NC2=NC=C(N=C2)C)OCC3CNCCO3'"}, "time": 1746395501.844736}