{"duration": 0.350980281829834, "input_args": {"smiles": "'CC1=CSC(=NC2CCCCC2)N1N=CC3=C(C(=C(C=C3)O)O)O'"}, "time": 1743972404.664754}