{"duration": 0.4488070011138916, "input_args": {"smiles": "'C1=CC=C(C=C1)C(CO)N=C2NC(=O)C(=CC3=CC4=C(C=C3)N=CC=C4)S2'"}, "time": 1746310251.531095}