{"duration": 0.4009521007537842, "input_args": {"smiles": "'C1CC2=C3C(=CC=C2)C(=CN3C1)C4C(C(=O)NC4=O)C5=CNC6=CC=CC=C65'"}, "time": 1743973663.6413162}