{"duration": 0.4219679832458496, "input_args": {"smiles": "'C1CCC(CC1)NC(=O)NCC2CCCO2'"}, "time": 1746388385.120762}