{"duration": 0.3255429267883301, "input_args": {"smiles": "'C1=CC=C2C(=C1)C(=O)N(C2=O)C(CC3=CNC4=CC=CC=C43)C(=O)O'"}, "time": 1743972781.0440462}