{"duration": 0.35990405082702637, "input_args": {"smiles": "'COC1=NC(=NC2=C1N=CN2C3C(C(C(O3)CO)O)O)N'"}, "time": 1746315738.761548}