{"duration": 0.4017372131347656, "input_args": {"smiles": "'CC(C)C1=CC=C(C=C1)C2=CC(=O)C3=CC=CC=C3O2'"}, "time": 1743972617.90651}