{"duration": 0.5569751262664795, "input_args": {"smiles": "'CNCC1=CC=C(C=C1)C2=C3CCNC(=O)C4=C3C(=CC(=C4)F)N2.OP(=O)(O)O'"}, "time": 1746394943.068619}