{"duration": 0.4767880439758301, "input_args": {"smiles": "'Fc1ccccc1-c1cc(=O)c2cc3OCOc3cc2[nH]1'"}, "time": 1746395094.766936}