{"duration": 0.36498117446899414, "input_args": {"smiles": "'C1=CN(C(=O)N=C1N)C2C(C(C(=C2F)CO)O)O'"}, "time": 1746310294.459221}