{"duration": 0.4245939254760742, "input_args": {"smiles": "'COC(=O)Nc1nc2ccccc2[nH]1'"}, "time": 1746315087.367425}