{"duration": 0.40280795097351074, "input_args": {"smiles": "'COc1cc(ccc1Nc1ncc2N(C)C(=O)c3ccccc3N(C)c2n1)C(=O)N1CCC(CC1)N1CCN(C)CC1'"}, "time": 1746388625.013675}