{"duration": 0.38034701347351074, "input_args": {"smiles": "'CC1COCCN1C2=NC(=NC3=C2C=CC(=N3)C4=CC(=C(C=C4)OC)CO)N5CCOCC5C'"}, "time": 1746315759.614597}