{"duration": 0.3481910228729248, "input_args": {"smiles": "'O=C1NC(=O)\\\\C(S1)=C\\\\c1ccc2nccc(-c3ccncc3)c2c1'"}, "time": 1746309889.05097}