{"duration": 0.5363221168518066, "input_args": {"smiles": "'C1CC1NS(=O)(=O)C2=CC(=C(C=C2)C3=CSC=C3)NC(=O)NC4=CC=CC(=C4)C(F)(F)F'"}, "time": 1746394824.6697621}