{"duration": 0.5211799144744873, "input_args": {"smiles": "'CC1=CN2C(=O)C=C(N=C2C(=C1)C(C)NC3=CC=CC=C3)N4CCOCC4'"}, "time": 1746394956.9479601}