{"duration": 0.5747079849243164, "input_args": {"smiles": "'Cc1cc(C2CCCCC2)n(O)c(=O)c1'"}, "time": 1746395208.8210208}