{"duration": 0.36185693740844727, "input_args": {"smiles": "'CN1C(=CC=N1)NC2=NC=CC(=N2)C3=CC(=O)N(C=C3)C(CO)C4=CC(=C(C=C4)Cl)F'"}, "time": 1743974015.431592}