{"duration": 0.4400961399078369, "input_args": {"smiles": "'CN1C=C(C2=CC=CC=C21)C3=C(C(=O)NC3=O)C4=C5CN(CCN5C6=CC=CC=C64)C(=S)N'"}, "time": 1743973969.403101}