{"duration": 0.43809986114501953, "input_args": {"smiles": "'Fc1ccc(CNc2ncnc3ccc(F)cc23)cc1'"}, "time": 1746310006.994768}