{"duration": 0.5057199001312256, "input_args": {"smiles": "'CC1=CN=C(C(=N1)OC)NS(=O)(=O)C2=C(N=CC=C2)C3=CC=C(C=C3)C4=NN=CO4'"}, "time": 1746394984.175385}