{"duration": 0.3529999256134033, "input_args": {"smiles": "'C1COCCN1C2=CC(=O)C3=C(O2)C(=CC=C3)C4=CC=CC5=C4SC6=CC=CC=C56'"}, "time": 1743973441.118453}