{"duration": 0.5274720191955566, "input_args": {"smiles": "'CCC1(C2=C(COC1=O)C(=O)N3CC4=CC5=CC=CC=C5N=C4C3=C2)OP(=O)(O)O'"}, "time": 1746395389.817167}