{"duration": 0.6155812740325928, "input_args": {"smiles": "'COc1ccc(cc1)C1(CNC(=O)c2ccc(NC(=O)c3ccco3)cc2)CCOCC1'"}, "time": 1746395119.897707}