{"duration": 0.3478047847747803, "input_args": {"smiles": "'C1=CC=C(C=C1)C=CC(=O)NC(C(Cl)(Cl)Cl)NC(=S)NC2=CC=CC3=C2N=CC=C3'"}, "time": 1743973465.277139}