{"duration": 1.4343879222869873, "input_args": {"smiles": "'COCCOC1=C(C=C2C(=C1)C(=NC=N2)NC3=CC=CC(=C3)C#C)OCCOC'"}, "time": 1746308290.8162858}