{"duration": 0.4552140235900879, "input_args": {"smiles": "'ClCCN(CCCl)P1(=O)NCCCO1'"}, "time": 1746395213.109983}