{"duration": 0.4790000915527344, "input_args": {"smiles": "'Nc1ncnc2n([C@@H]3O[C@H](COCc4ccc(cc4)C#N)[C@@H](O)[C@H]3O)c(NCc3ccc(Cl)c(Cl)c3)nc12'"}, "time": 1746309943.918064}