{"duration": 0.486025333404541, "input_args": {"smiles": "'CC(C)C[C@H](NC(=O)[C@H](Cc1ccccc1)NC(=O)c1cnccn1)B(O)O'"}, "time": 1746395202.609994}