{"duration": 0.35082483291625977, "input_args": {"smiles": "'CC1CC2C3CCC4=CC(=O)C=CC4(C)C3(F)C(O)CC2(C)C1(O)C(=O)CO'"}, "time": 1746309967.743427}