{"duration": 0.4083409309387207, "input_args": {"smiles": "'COC1=CC(=CC(=C1OC)OC)C=CC(=O)N2CCC=CC2=O'"}, "time": 1746388471.687639}