{"duration": 0.37096619606018066, "input_args": {"smiles": "'CC(C)n1cnc2c(NCCc3ccc(O)cc3)nc(nc12)-c1csc2ccccc12'"}, "time": 1746309940.097551}