{"duration": 0.4213390350341797, "input_args": {"smiles": "'CC1=C(C(=NO1)C)C2=C(C=C3C(=C2)N=CC4=C3N(C(=O)N4)C(C)C5=CC=CC=N5)OC'"}, "time": 1743972436.238833}