{"duration": 0.3439760208129883, "input_args": {"smiles": "'C1=C2C(=NN=N2)SN=N1'"}, "time": 1743973664.400296}