{"duration": 0.40306520462036133, "input_args": {"smiles": "'C1CN1P(=S)(N2CC2)N3CC3'"}, "time": 1743973776.8777442}