{"duration": 0.3414041996002197, "input_args": {"smiles": "'CCN1C2=NC(=NC(=C2C=C(C1=O)C3=CC=NN3)C)N'"}, "time": 1743973483.53107}