{"duration": 0.4265267848968506, "input_args": {"smiles": "'C1COS(=O)(=O)CS(=O)(=O)O1'"}, "time": 1746395364.708468}