{"duration": 0.40345311164855957, "input_args": {"smiles": "'COC1=CC(=CC(=C1OC)OC)C=CC(=O)N2CCC=CC2=O'"}, "time": 1743973454.831713}