{"duration": 0.36316990852355957, "input_args": {"smiles": "'CC(C)(C)c1ccc(cc1)S(=O)(=O)NCc1ccc(cc1)C(=O)Nc1cccnc1'"}, "time": 1746309938.8608482}