{"duration": 0.47069430351257324, "input_args": {"smiles": "'CC(=O)N[C@@H]1C\\\\C=C\\\\CCC(=O)N[C@@H](COC1=O)c1ccccc1'"}, "time": 1746395076.4224389}