{"duration": 0.42551708221435547, "input_args": {"smiles": "'CC1=C(SC2=C1C(=NC(C3=NN=C(N32)C)CC(=O)NC4=CC=C(C=C4)O)C5=CC=C(C=C5)Cl)C'"}, "time": 1746315889.769564}