{"duration": 0.37738895416259766, "input_args": {"smiles": "'CC1=NC2=CN=C3C(=C2N1C4CCNCC4)C=CN3'"}, "time": 1746388526.095663}