{"duration": 0.33364009857177734, "input_args": {"smiles": "'CCOC1=C(C(=CC(=N1)NC(=O)CC2=C(C=CC(=C2)OC)OC)N)C#N'"}, "time": 1743973426.359089}