{"duration": 0.35061192512512207, "input_args": {"smiles": "'CC(C)n1cnc2c(NCc3ccccc3)nc(NCCO)nc12'"}, "time": 1746309912.930521}