{"duration": 0.4413619041442871, "input_args": {"smiles": "'COc1cc2ncnc(Nc3cccc(Br)c3)c2cc1OC'"}, "time": 1746388643.678268}