{"duration": 0.4940071105957031, "input_args": {"smiles": "'OCC1OC(CC1O)N2C=C(F)C(=O)NC2=O'"}, "time": 1746315244.771822}