{"duration": 0.5685861110687256, "input_args": {"smiles": "'C1=CC(=CC(=C1)Cl)NC2=NC=CC(=N2)C3=CC(=NC=C3)NCCCO'"}, "time": 1746394860.176322}