{"duration": 0.5031511783599854, "input_args": {"smiles": "'CC1=CC(=C(C=C1)NC2=NC(=NC=C2C(F)(F)F)NC3=CC(=NC=C3C)OC)NC(=O)C=C'"}, "time": 1746395683.5935628}