{"duration": 0.41655397415161133, "input_args": {"smiles": "'C1=CC(=CC(=C1)C(=O)C2=C(N(N=C2)C3=C(C=C(C=C3)F)F)N)C4=CC=NC=C4'"}, "time": 1746310239.00326}