{"duration": 0.3610548973083496, "input_args": {"smiles": "'C1CN(CCN1C(=O)CCBr)C(=O)CCBr'"}, "time": 1743973780.122373}