{"duration": 0.4432988166809082, "input_args": {"smiles": "'Cc1ccccc1C(N(C(=O)Cc1ccncc1)c1cccc(F)c1)C(=O)NC1CCCCC1'"}, "time": 1746309842.51019}