{"duration": 0.5118494033813477, "input_args": {"smiles": "'Nc1nc(Cl)nc2c1ncn2C3CC(O)C(CO)O3'"}, "time": 1746315085.334111}