{"duration": 0.5811388492584229, "input_args": {"smiles": "'CC(=C(C#N)C(=O)NC1=C(C=CC(=C1)Br)Br)O'"}, "time": 1746394907.669763}