{"duration": 0.4799230098724365, "input_args": {"smiles": "'C1CC(CCC1C2=CC=C(C=C2)NC3=NN(C(=N3)N)C4=CC=CC=N4)N5CCOCC5'"}, "time": 1746310262.374263}