{"duration": 0.5991430282592773, "input_args": {"smiles": "'C1=NC(=C2N1C(=O)N(N=N2)CCCl)C(=O)N'"}, "time": 1746315644.534205}