{"duration": 0.38941121101379395, "input_args": {"smiles": "'CC(C)CC1C2=C(CC3N1C(=O)C(NC3=O)CCC(=O)OC(C)(C)C)C4=C(N2)C=C(C=C4)OC'"}, "time": 1743973592.4412968}