{"duration": 0.4598710536956787, "input_args": {"smiles": "'C1=CC(=C(C=C1[N+](=O)[O-])Cl)NC(=O)C2=C(C=CC(=C2)Cl)O'"}, "time": 1746395338.875498}