{"duration": 0.45688533782958984, "input_args": {"smiles": "'C1COS(=O)(=O)CS(=O)(=O)O1'"}, "time": 1746310078.871307}