{"duration": 0.3494720458984375, "input_args": {"smiles": "'NC1=NC(=S)c2[nH]cnc2N1'"}, "time": 1746314767.1155992}