{"duration": 0.4978058338165283, "input_args": {"smiles": "'CN1C=C(C2=C(N=CN=C21)N)C3=CC4=C(C=C3)N(CC4)C(=O)CC5=CC(=CC=C5)C(F)(F)F'"}, "time": 1746394999.6820102}