{"duration": 0.36945509910583496, "input_args": {"smiles": "'COC1=C(C=C2C(=C1)C(=NC=N2)NC3=CC(=C(C(=C3)Br)O)Br)OC'"}, "time": 1746308307.9080698}