{"duration": 0.3886990547180176, "input_args": {"smiles": "'CC1=C(SC2=C1N=C(N=C2N3CCOCC3)C4=CN=C(N=C4)N)CN5CCN(CC5)C(=O)C(C)O'"}, "time": 1746388400.219019}