{"duration": 0.44214415550231934, "input_args": {"smiles": "'C1=NC(=NC(=O)N1C2C(C(C(O2)CO)O)O)N'"}, "time": 1746310041.46863}