{"duration": 0.36749696731567383, "input_args": {"smiles": "'CNCC#CC1=C(C=CC2=C1C(=CC3=C(C=CN3)OC)C(=O)N2)F'"}, "time": 1746310229.331928}