{"duration": 0.366060733795166, "input_args": {"smiles": "'CS(=O)(=O)N1CCC2=C(N=C(N=C21)N3CCOCC3)C4=CN=C(N=C4)N'"}, "time": 1746315782.714357}