{"duration": 0.4031500816345215, "input_args": {"smiles": "'C1CCNC(C1)C2(CN(C2)C(=O)C3=C(C(=C(C=C3)F)F)NC4=C(C=C(C=C4)I)F)O'"}, "time": 1746310258.530456}