{"duration": 0.4060218334197998, "input_args": {"smiles": "'CCC1(C2=C(COC1=O)C(=O)N3CC4=CC5=CC=CC=C5N=C4C3=C2)OC(=O)CNCC.Cl'"}, "time": 1743973838.5303721}