{"duration": 0.5544211864471436, "input_args": {"smiles": "'Fc1ccc(Nc2c(cnc3c(Cl)cc(NCc4cnc[nH]4)cc23)C#N)cc1Cl'"}, "time": 1746395212.6521118}