{"duration": 0.38619208335876465, "input_args": {"smiles": "'CC(C)(C(=O)NCC(F)(F)C(F)(F)F)C(=O)N[C@H]1c2ccccc2-c2ccccc2NC1=O'"}, "time": 1746309931.019149}