{"duration": 0.40774106979370117, "input_args": {"smiles": "'CN(C)CC1=C(OC2=CC=CC=C21)C(=O)NCCOC3=CC=C(C=C3)C(=O)NO'"}, "time": 1746315790.834861}