{"duration": 0.5157730579376221, "input_args": {"smiles": "'C1CCC(C1)C2=C(C=CC(=C2)C3=CNC4=C3C=C(C=N4)C5=CC=CC=C5)C(=O)O'"}, "time": 1746394883.529854}