{"duration": 0.40982913970947266, "input_args": {"smiles": "'COC(=O)C1=CC(=CC(=C1)C(=O)N2CCN(CC2)C(=O)C3=CC=C(C=C3)C(=N)N)CN4CCN(CC4)C(=N)N'"}, "time": 1743973572.387985}