{"duration": 0.34572386741638184, "input_args": {"smiles": "'CCC1C2=C(COC1=O)C(=O)N3CC4=CC5=CC=CC=C5N=C4C3=C2'"}, "time": 1743973792.906616}