{"duration": 0.39841413497924805, "input_args": {"smiles": "'C1=CC=C2C(=C1)C=CC(=C2SSC3=C(C=CC4=CC=CC=C43)O)O'"}, "time": 1743973424.515558}