{"duration": 0.4012742042541504, "input_args": {"smiles": "'CC[C@@]1(O)C(=O)OCC2=C1C=C3N(Cc4cc5cc(OC)ccc5nc34)C2=O'"}, "time": 1746314792.018655}