{"duration": 0.39407896995544434, "input_args": {"smiles": "'CN1CCN(CC1)C2=CC=C(C=C2)C(=O)NC3=NNC(=C3)C4=CC(=CC=C4)NS(=O)(=O)C5=CC=CC=C5'"}, "time": 1743973992.9484391}