{"duration": 0.35144805908203125, "input_args": {"smiles": "'CN(C(=O)N1C(SC(=N1)C2=C(C=CC(=C2)F)F)(CCCN)C3=CC=CC=C3)OC'"}, "time": 1743972406.303931}