{"duration": 0.37697362899780273, "input_args": {"smiles": "'CC1=C(C(=O)NC(=O)N1)N(CCF)CCCl'"}, "time": 1746310035.447965}