{"duration": 0.3407478332519531, "input_args": {"smiles": "'ClCCN(N=O)C(=O)NC1CCCCC1'"}, "time": 1746314783.401622}