{"duration": 0.39310693740844727, "input_args": {"smiles": "'CC1=NN(C(=N1)C2=CN3CCOC4=C(C3=N2)C=CC(=C4)C5=CN(N=C5)C(C)(C)C(=O)N)C(C)C'"}, "time": 1743973530.707385}