{"duration": 0.6471002101898193, "input_args": {"smiles": "'CCNC1=CC(=NC(=N1)NC2=CC3=C(C=C2)N(C=C3)CC4=CC=CC=C4)NC5CCC(CC5)O'"}, "time": 1746394859.604455}