{"duration": 0.4119880199432373, "input_args": {"smiles": "'CC(C1=CC=CC=C1)NC(=O)CC2CCC(C(O2)CO)NC(=O)CN3CCOCC3'"}, "time": 1743972687.636168}