{"duration": 0.36152219772338867, "input_args": {"smiles": "'C1=C(C(=O)NC(=O)N1)F'"}, "time": 1746315580.118902}