{"duration": 0.4022707939147949, "input_args": {"smiles": "'C[C@H]1CC2=CC(=O)CC[C@]2(C)[C@H]3CC[C@@]4(C)[C@@H](CC[C@]4(C)O)[C@H]13'"}, "time": 1746315254.909622}