{"duration": 0.3864450454711914, "input_args": {"smiles": "'C1=CC(=C(C=C1[N+](=O)[O-])Cl)NC(=O)C2=C(C=CC(=C2)Cl)O'"}, "time": 1743972720.931502}