{"duration": 0.3579592704772949, "input_args": {"smiles": "'CC(C)C(C1=CC=CC=C1)C(=O)NC2=CC=C(C=C2)C(=O)NO'"}, "time": 1743972378.377127}