{"duration": 0.3743298053741455, "input_args": {"smiles": "'CC(C(=C)C1=CC=C(C=C1)C(=O)N(C)C2=CC=CC=C2N)N3C4=CC=CC=C4C(=O)N5CCCC5C3=O'"}, "time": 1746310144.137783}