{"duration": 0.5414249897003174, "input_args": {"smiles": "'CC1=C(C(=O)NC(=O)N1)N(CCF)CCCl'"}, "time": 1746395309.307038}