{"duration": 0.5193960666656494, "input_args": {"smiles": "'CC(C)C1=C2C(=NN1)NC3=C(C=C(C=C3)[N+](=O)[O-])C(=N2)C4=CC=CC=C4Cl'"}, "time": 1746395556.639581}