{"duration": 0.38039708137512207, "input_args": {"smiles": "'C1CN(CCC1(CC2=CC=C(C=C2)Cl)N)C3=NC=NC4=C3C=CN4'"}, "time": 1746315776.689538}