{"duration": 0.559074878692627, "input_args": {"smiles": "'CNCC1CCN2C(=C(C3=CC=CC=C32)C4=C(C(=O)NC4=O)C5=CN(C6=CC=CC=C65)C)C1'"}, "time": 1746395554.029602}