{"duration": 0.6572458744049072, "input_args": {"smiles": "'CN1CCN(CC1)C2=CC=C(C=C2)C(=O)NC3=NNC(=C3)C4=CC(=CC=C4)NS(=O)(=O)C5=CC=CC=C5'"}, "time": 1746395595.441678}