{"duration": 0.39507603645324707, "input_args": {"smiles": "'C1CN2CCC1C(=O)C2(CO)CO'"}, "time": 1743972693.666938}