{"duration": 0.40815091133117676, "input_args": {"smiles": "'C1=CN(C(=O)N=C1N)C2C(C(C(O2)CO)O)O.Cl'"}, "time": 1743973633.409153}