{"duration": 0.342681884765625, "input_args": {"smiles": "'CNC(=O)CN1CCC(CC1)OC2=C(C=C3C(=C2)C(=NC=N3)NC4=C(C(=CC=C4)Cl)F)OC'"}, "time": 1743973383.0856252}