{"duration": 0.4216468334197998, "input_args": {"smiles": "'CCCCCCCCCCCC1=C(C(=O)C=C(C1=O)O)O'"}, "time": 1746309713.978991}