{"duration": 0.5098989009857178, "input_args": {"smiles": "'CC1CN(CC(N1)C)C2=CC=C(C=C2)C(=O)NC3=NNC(=C3)CCC4=CC(=CC(=C4)OC)OC'"}, "time": 1746394845.8813372}