{"duration": 0.3604600429534912, "input_args": {"smiles": "'CN1CC2CC(CC2C1)COC3=C(C=C4C(=C3)N=CN=C4NC5=C(C(=C(C=C5)Cl)Cl)F)OC'"}, "time": 1746310272.14924}