{"duration": 0.5731279850006104, "input_args": {"smiles": "'C1COCCN1C2=NC(=NC(=C2)C3=CN=C(C=C3C(F)(F)F)N)N4CCOCC4'"}, "time": 1746394993.685536}