{"duration": 0.3973512649536133, "input_args": {"smiles": "'Cn1cnc2c(F)c(Nc3ccc(Br)cc3Cl)c(cc12)C(=O)NOCCO'"}, "time": 1746388725.591197}