{"duration": 0.3545069694519043, "input_args": {"smiles": "'CN(C)CC=CC(=O)NC1=C(C=C2C(=C1)C(=NC=N2)NC3=CC(=C(C=C3)F)Cl)OC4CCOC4'"}, "time": 1746388397.5372539}