{"duration": 0.38942623138427734, "input_args": {"smiles": "'CCCCCCCCCC(=O)NC(CN1CCOCC1)C(C2=CC=CC=C2)O'"}, "time": 1743973607.615978}