{"duration": 0.44238805770874023, "input_args": {"smiles": "'CC1CC(C2=C(N1C(=O)C)C=CC(=C2)C3=CC=C(C=C3)C(=O)O)NC4=CC=C(C=C4)Cl'"}, "time": 1746315904.023347}