{"duration": 0.3600947856903076, "input_args": {"smiles": "'CC1=C2C3=C(CCCN3C(=N2)N4CCNCC4)C(=C1Br)Br'"}, "time": 1746315947.602535}