{"duration": 0.42065000534057617, "input_args": {"smiles": "'O=C(NC1CC1)c1cc(on1)-c1cccs1'"}, "time": 1746309988.523794}