{"duration": 0.3594019412994385, "input_args": {"smiles": "'CCN1CCC(CC1)N2C=C(N=N2)CNC3=CC4=C(C(=CN=C4C(=C3)Cl)C#N)NC5=CC(=C(C=C5)F)Cl'"}, "time": 1746388444.269414}