{"duration": 0.3849799633026123, "input_args": {"smiles": "'CC1=C(C=C(C=C1)NC2=NC=CC(=N2)N(C)C3=CC4=NN(C(=C4C=C3)C)C)S(=O)(=O)N'"}, "time": 1746308335.5623438}