{"duration": 0.4301598072052002, "input_args": {"smiles": "'COC1=C(C=C(C=N1)C2=CC3=C(C=CN=C3C=C2)C4=CN=NC=C4)NS(=O)(=O)C5=C(C=C(C=C5)F)F'"}, "time": 1746309750.315495}