{"duration": 0.3610060214996338, "input_args": {"smiles": "'CC1=C2C(=CC=C1)C(=CN2C)C3=C(C(=O)NC3=O)C4=CC(=CC=C4)OC'"}, "time": 1746315846.276843}