{"duration": 0.36002492904663086, "input_args": {"smiles": "'CCCCCCCCCCCCCCCC(=O)NC1=NC(=O)N(C=C1)C2C(C(C(O2)CO)O)C#N'"}, "time": 1746315924.708875}