{"duration": 0.36944580078125, "input_args": {"smiles": "'CCC1(C2=C(COC1=O)C(=O)N3CC4=CC5=CC=CC=C5N=C4C3=C2Cl)O'"}, "time": 1743973851.511122}