{"duration": 0.5006258487701416, "input_args": {"smiles": "'CCCS(=O)(=O)NC1=C(C(=C(C=C1)F)C(=O)C2=CNC3=C2C=C(C=N3)C4=CC=C(C=C4)Cl)F'"}, "time": 1743972745.0821161}