{"duration": 0.5140669345855713, "input_args": {"smiles": "'CC1CN(S(=O)(=O)C2=C(C=C(C=C2)C#CCC(C)C)OC1CN(C)C(=O)C3=NC=CN=C3)C(C)CO'"}, "time": 1743973547.7128582}