{"duration": 0.37224507331848145, "input_args": {"smiles": "'CC(C(C(=O)NC(C(C)O)C(=O)NC(CCCCN)C(=O)O)N)O'"}, "time": 1746308355.9755788}