{"duration": 0.4009819030761719, "input_args": {"smiles": "'C1COS(=O)(=O)CS(=O)(=O)O1'"}, "time": 1743973825.6230772}