{"duration": 0.48882389068603516, "input_args": {"smiles": "'CN1CCc2c(C1)c1ccccc1n2Cc1ccc(cc1)C(=O)NO'"}, "time": 1746395287.0737238}