{"duration": 0.49209094047546387, "input_args": {"smiles": "'CC(=O)OC1CC2(C(CCC2=O)C3=C1C4(C(OC(=O)C5=COC(=C54)C3=O)COC)C)C'"}, "time": 1746395341.997545}