{"duration": 0.4796180725097656, "input_args": {"smiles": "'CC(C)N1CCN(CC1)C2=CC=C(C=C2)NC3=NC(=C(S3)C(=O)C4=CC(=CC=C4)OC)N'"}, "time": 1746395567.373296}