{"duration": 0.4897041320800781, "input_args": {"smiles": "'CCNC(=O)NC1=CC=C(C=C1)C2=NC3=C(CCN(C3)C4COC4)C(=N2)N5CCOCC5C'"}, "time": 1746395601.113062}