{"duration": 0.4259510040283203, "input_args": {"smiles": "'C1=NC2=C(C(=O)N1)N=CN2C(C=O)OC(CO)C=O'"}, "time": 1746315602.4486809}