{"duration": 0.48643970489501953, "input_args": {"smiles": "'CC1=CN=C(N=C1NCC2=CC=C(C=C2)N3C=CN=N3)C4=CC=CC=C4C(C)C'"}, "time": 1746395004.683757}