{"duration": 0.39502716064453125, "input_args": {"smiles": "'C1=CC(=CC(=C1)C(=O)C2=C(N(N=C2)C3=CC=C(C=C3)F)N)C4=CC=NC=C4'"}, "time": 1746315843.183648}