{"duration": 0.41423702239990234, "input_args": {"smiles": "'CC1CN(C(=O)C2=C(C=CC(=C2)NC(=O)NC3=C(ON=C3C)C)OC1CN(C)CC4CCCCC4)C(C)CO'"}, "time": 1743972681.498521}