{"duration": 0.46829891204833984, "input_args": {"smiles": "'CCN1C2=C(C(=O)N(C1=O)CC)N(C(=N2)C=CC3=CC(=C(C=C3)OC)OC)C'"}, "time": 1743973641.1002188}