{"duration": 0.3691070079803467, "input_args": {"smiles": "'C1CC(=O)NC(=O)C1N2CC3=C(C2=O)C=CC=C3N'"}, "time": 1746388448.930707}