{"duration": 0.42260313034057617, "input_args": {"smiles": "'CC1=C(SC(=N1)N)C2=NC(=NC=C2)NC3=CC=C(C=C3)N4CCOCC4'"}, "time": 1743973915.386642}