{"duration": 0.5682852268218994, "input_args": {"smiles": "'OCCn1cc(c(n1)-c1ccncc1)-c1ccc2c(CC\\\\C2=N/O)c1'"}, "time": 1746395107.784768}