{"duration": 0.37085795402526855, "input_args": {"smiles": "'CCCCCCN(CCCCCC)C(=O)CC1=C(NC2=CC=CC=C21)C3=CC=C(C=C3)F'"}, "time": 1743973581.883235}