{"duration": 0.33568286895751953, "input_args": {"smiles": "'CCC1(C2=C(COC1=O)C(=O)N3CC4=CC5=C(C=CC(=C5[N+](=O)[O-])O)N=C4C3=C2)O'"}, "time": 1743973836.427767}