{"duration": 1.2185170650482178, "input_args": {"smiles": "'CC1=C(SC(=N1)NC(=O)C)C2=CC(=C(C=C2)Cl)S(=O)(=O)NCCO'"}, "time": 1746308331.28193}