{"duration": 0.4156820774078369, "input_args": {"smiles": "'CN(C)CC(=O)N[C@@H]1CC[C@@H](CCNC(=O)Nc2ccc(F)cc2)O[C@H]1CO'"}, "time": 1746308428.025553}