{"duration": 0.34495115280151367, "input_args": {"smiles": "'CCOC(=O)NC(=O)C(=CC1=CC(=C(C=C1)Cl)Cl)C#N'"}, "time": 1743972705.9162922}