{"duration": 0.3627040386199951, "input_args": {"smiles": "'CCCCCCCCCCCCCCCCCCOCC(COP(=O)(O)OC1C(CC(C(C1O)O)O)O)OC'"}, "time": 1746315695.087178}