{"duration": 0.36243319511413574, "input_args": {"smiles": "'CCC1(C2=C(COC1=O)C(=O)N3CC4=CC5=CC=CC=C5N=C4C3=C2)OC(=O)CNC.Cl'"}, "time": 1746315658.4627352}