{"duration": 0.42581796646118164, "input_args": {"smiles": "'CC1CC=CC(=O)C(C(CC=CC2=C(C(=CC(=C2)OC)O)C(=O)O1)O)O'"}, "time": 1746388384.186583}