{"duration": 0.7780921459197998, "input_args": {"smiles": "'Oc1ccccc1C(=O)c1[nH]c(Cl)c(Cl)c1-n1c(cc(Cl)c1Cl)C(=O)c1ccccc1O'"}, "time": 1746395240.990849}