{"duration": 0.3657681941986084, "input_args": {"smiles": "'CN(C)CCCN1C2=C3C(=C(C=C2)[N+](=O)[O-])NC4=C(C3=N1)C=C(C=C4)OC.CS(=O)(=O)O'"}, "time": 1746310084.9918149}