{"duration": 0.32964015007019043, "input_args": {"smiles": "'CN1CCN(CC1)C2=CC=C(C=C2)NC3=NC=C(C(=N3)SC4=CC=CC(=C4)NC(=O)C=C)Cl'"}, "time": 1743972773.6819189}