{"duration": 0.41245293617248535, "input_args": {"smiles": "'OC(=O)c1ccc2cc(ccc2c1)-c1ccc(O)c(c1)C12CC3CC(CC(C3)C1)C2'"}, "time": 1746309877.6482592}