{"duration": 0.3968207836151123, "input_args": {"smiles": "'OC[C@@H]1O[C@@H](CC(=O)NCc2ccncn2)CC[C@H]1NC(=O)c1ccc(F)cc1'"}, "time": 1746388577.122804}