{"duration": 0.8147141933441162, "input_args": {"smiles": "'CC(C(C(C#CC1=C(C=CC2=C1C(=CC3=C(C=CN3)OC)C(=O)N2)F)O)N)O'"}, "time": 1743973967.546697}