{"duration": 0.36580801010131836, "input_args": {"smiles": "'C1CC(CNC1)C2=CC=C(C=C2)N3C=C4C=CC=C(C4=N3)C(=O)N'"}, "time": 1746309817.220743}