{"duration": 0.48666906356811523, "input_args": {"smiles": "'O1[As]2O[As]3O[As]1O[As](O2)O3'"}, "time": 1746395492.7974231}