{"duration": 0.38393712043762207, "input_args": {"smiles": "'C1=CC2=NC=CN=C2C=C1C=C3C(=O)NC(=O)S3'"}, "time": 1746308252.081161}