{"duration": 0.4883890151977539, "input_args": {"smiles": "'C1=NC2=C(C(=O)N1)N=CN2C(C=O)OC(CO)C=O'"}, "time": 1746395323.0912158}