{"duration": 0.3488030433654785, "input_args": {"smiles": "'C1=CC=C(C=C1)COC2=C(C=C(C=C2)C3=CC(=NC=C3)F)C(=O)NC4=CN=CC=C4'"}, "time": 1743973508.2052438}