{"duration": 0.509835958480835, "input_args": {"smiles": "'CNC(=O)C1=CC=CC=C1SC2=CC3=C(C=C2)C(=NN3)C=CC4=CC=CC=N4'"}, "time": 1743972416.882486}