{"duration": 0.41652679443359375, "input_args": {"smiles": "'C1COCCN1C(=O)C2=CC=C(C=C2)NC3=C(N=C(O3)C4=C(C=CC=C4Cl)F)C(=O)N'"}, "time": 1743974045.5829692}