{"duration": 0.3638288974761963, "input_args": {"smiles": "'CC1CC(=O)N(C2=CN=C(N=C2N1C3CCCC3)NC4=C(C=C(C=C4)C(=O)NC5CCN(CC5)C)OC)C'"}, "time": 1746309745.478271}