{"duration": 0.3730170726776123, "input_args": {"smiles": "'C=C(CN1C2=CC=CC=C2C(=O)C3=CC=CC=C31)C4=CC=C(C=C4)C(=O)NC5=CC=CC=C5N'"}, "time": 1746310143.373277}