{"duration": 0.45232415199279785, "input_args": {"smiles": "'CCCCc1ccc2[nH]c(NC(=O)OC)nc2c1'"}, "time": 1746395257.0250082}