{"duration": 0.3991379737854004, "input_args": {"smiles": "'C#CCC(CC1=CN=C2C(=N1)C(=NC(=N2)N)N)C3=CC=C(C=C3)C(=O)NC(CCC(=O)O)C(=O)O'"}, "time": 1743973895.6677172}