{"duration": 0.3689401149749756, "input_args": {"smiles": "'COc1cc(c(Cl)cc1Cl)-n1c(=S)[nH]c2ccccc2c1=O'"}, "time": 1746388636.3017862}