{"duration": 0.6134381294250488, "input_args": {"smiles": "'COc1cc(Nc2nc3ccccc3nc2NS(=O)(=O)c2ccc(NC(=O)c3ccc(C)c(OC)c3)cc2)cc(OC)c1'"}, "time": 1746395189.015263}