{"duration": 0.40596890449523926, "input_args": {"smiles": "'C1CC1C(=O)NC2=NC3=C(S2)C(=C(C=C3)OC4=CC(=C(C=C4)F)NC(=O)CC5=CC(=CC=C5)C(F)(F)F)C#N'"}, "time": 1746310276.548424}