{"duration": 0.35393476486206055, "input_args": {"smiles": "'OCc1ccc(s1)-c1ccc(o1)-c1ccc(CO)s1'"}, "time": 1746309930.627289}