{"duration": 0.4539768695831299, "input_args": {"smiles": "'CC(C1=CC=CC=C1)C(=O)NC2=CC(=CC=C2)N=CC3=C(C=CC4=CC=CC=C43)O'"}, "time": 1743972690.396874}