{"duration": 0.31743311882019043, "input_args": {"smiles": "'CN1C(=O)C(NC1=S)CC2=CNC3=CC=CC=C32'"}, "time": 1743973647.022929}