{"duration": 0.3309791088104248, "input_args": {"smiles": "'CC(=O)NC1CC=CCCC(=O)NC(COC1=O)C2=CC=CC=C2'"}, "time": 1743972782.108882}