{"duration": 0.3296830654144287, "input_args": {"smiles": "'S=C1N=CNc2nc[nH]c12'"}, "time": 1746315061.788789}