{"duration": 0.4749588966369629, "input_args": {"smiles": "'COC1=CC=CC=C1C(=O)C2=CN=C(N=C2N)NC3CCN(CC3)S(=O)(=O)C'"}, "time": 1746315855.8022149}