{"duration": 0.4794940948486328, "input_args": {"smiles": "'CC1=CC(=NC2=C1C3=C(S2)C(=NC=N3)N)C'"}, "time": 1746395577.5367858}