{"duration": 0.3665659427642822, "input_args": {"smiles": "'COC1=CC2=C(C=CN=C2C=C1OCCCN3CCOCC3)OC4=C(C=C(C=C4)NC(=O)C5(CC5)C(=O)NC6=CC=C(C=C6)F)F'"}, "time": 1746309718.6565351}