{"duration": 0.39742398262023926, "input_args": {"smiles": "'CC1(CCCN1C2=NN3C=CC=C3C(=N2)NC4=NNC(=C4)C5CC5)C(=O)NC6=CN=C(C=C6)F'"}, "time": 1746388409.108316}