{"duration": 0.49839305877685547, "input_args": {"smiles": "'CC1=C(C=C(C=C1)C(=O)NC2=CC=C(C=C2)S(=O)(=O)NC3=NC4=CC=CC=C4N=C3NC5=CC(=CC(=C5)OC)OC)OC'"}, "time": 1746394976.8407521}