{"duration": 0.40898799896240234, "input_args": {"smiles": "'CC1=CC=C(C=C1)N2C(=CC(=N2)C(C)(C)C)NC(=O)NC3=CC=C(C4=CC=CC=C43)OCCN5CCOCC5'"}, "time": 1743972422.995193}