{"duration": 0.6593179702758789, "input_args": {"smiles": "'COC1=CC(=C(C(=C1C(=O)C2=CN=C(N=C2N)NC3CCN(CC3)S(=O)(=O)C)F)F)F'"}, "time": 1743973989.5486028}