{"duration": 0.5235710144042969, "input_args": {"smiles": "'COC1=CC=CC(=C1)NC2=NC=NN3C2=C(C=C3)CN4CCC(C(C4)O)N'"}, "time": 1746395499.800374}