{"duration": 1.7277603149414062, "input_args": {"smiles": "'O=C(NCCN1CCC(CC1)n1c2ccccc2[nH]c1=O)c1ccc2ccccc2c1'"}, "time": 1746309945.6513128}