{"duration": 1.3581428527832031, "input_args": {"smiles": "'CCN(CCCOC1=CC2=C(C=C1)C(=NC=N2)NC3=NNC(=C3)CC(=O)NC4=CC(=CC=C4)F)CCOP(=O)(O)O'"}, "time": 1743972754.033443}