{"duration": 0.5624799728393555, "input_args": {"smiles": "'Nc1ncnc2n([C@@H]3O[C@H](COCc4ccc(cc4)C#N)[C@@H](O)[C@H]3O)c(NCc3ccc(Cl)c(Cl)c3)nc12'"}, "time": 1746395185.779285}