{"duration": 0.3313472270965576, "input_args": {"smiles": "'CN1C2=CN=C3C=CC(=CC3=C2N(C1=O)C4CCOCC4)C5=CN=C(C=C5)OCCCN(C)C'"}, "time": 1743974037.841001}