{"duration": 0.3598611354827881, "input_args": {"smiles": "'CCC1(OC(=O)C)C(=O)OCC2=C1C=C3N(Cc4cc5ccccc5nc34)C2=O'"}, "time": 1746314786.981317}