{"duration": 0.37256622314453125, "input_args": {"smiles": "'Oc1ccc(Nc2nc(cs2)-c2ccc(Cl)cc2)cc1'"}, "time": 1746388658.9756851}