{"duration": 0.5171611309051514, "input_args": {"smiles": "'NC(=O)[C@H]1CCCc2c1[nH]c1ccc(Cl)cc21'"}, "time": 1746395104.437315}