{"duration": 0.3907339572906494, "input_args": {"smiles": "'CC1CN(C(=O)CC2=C(C=CC(=C2)NC(=O)CCN3CCOCC3)OC1CNC)C(C)CO'"}, "time": 1743973553.92197}