{"duration": 0.396496057510376, "input_args": {"smiles": "'COC1=CC=C(C=C1)CN2C=CC3=C2C=C(C=C3)C(=O)NO'"}, "time": 1743972602.671507}