{"duration": 0.5397698879241943, "input_args": {"smiles": "'COC1=C(C=C(C=C1)C2=CC3=NC=CN3C(=N2)NC4=C(C=CC=N4)C(=O)N)OC'"}, "time": 1743973943.5906281}