{"duration": 0.34883713722229004, "input_args": {"smiles": "'Cc1cnc2c(NCCN)nc3ccc(C)cc3n12'"}, "time": 1746308420.1516879}