{"duration": 0.5090591907501221, "input_args": {"smiles": "'CC(C)N1C2=NC=NC(=C2C(=N1)C3=CC4=C(N3)C=CC(=C4)O)N'"}, "time": 1746395520.5543702}