{"duration": 0.5036077499389648, "input_args": {"smiles": "'OC(=O)[C@@H]1CCCC[C@@H]1C(=O)N1CCc2ccccc2[C@H]1CN1C(=O)c2ccccc2C1=O'"}, "time": 1746395140.884969}