{"duration": 0.42121291160583496, "input_args": {"smiles": "'CNC(=O)C1=CC=CC=C1NC2=CC(=NC=C2C(F)(F)F)NC3=C(C=C(C=C3)N4CCOCC4)OC'"}, "time": 1746310287.696227}