{"duration": 0.41109514236450195, "input_args": {"smiles": "'CCN(CC)CCNC(=O)c1c(C)[nH]c(\\\\C=C2/C(=O)Nc3ccc(F)cc23)c1C'"}, "time": 1746310007.792567}