{"duration": 0.44272613525390625, "input_args": {"smiles": "'N=C(NOC(=O)C12CC3CC(CC(C3)C1)C2)c1ccccc1'"}, "time": 1746309879.583723}