{"duration": 0.4005413055419922, "input_args": {"smiles": "'CCOC(=O)c1c(C(=CN)C#N)c2ccc(Cl)c(Cl)c2n1C'"}, "time": 1746388619.822919}