{"duration": 0.4743192195892334, "input_args": {"smiles": "'CC(C)N(CC1C(C(C(O1)N2C=NC3=C(N=CN=C32)N)O)O)C4CC(C4)CCC5=NC6=C(N5)C=C(C=C6)C(C)(C)C'"}, "time": 1743973504.5239959}