{"duration": 0.38007187843322754, "input_args": {"smiles": "'CC1=CC=C(C=C1)S(=O)(=O)NC2=NC3=CC=CC=C3N=C2NC4=CC5=NSN=C5C=C4'"}, "time": 1746315727.3989692}