{"duration": 0.40935778617858887, "input_args": {"smiles": "'C=CC(=O)N1CCCC(C1)N2C3=NC=NC(=C3C(=N2)C4=CC=C(C=C4)OC5=CC=CC=C5)N'"}, "time": 1746315780.320915}