{"duration": 0.5049700736999512, "input_args": {"smiles": "'CCCS(=O)(=O)NC1=C(C(=C(C=C1)F)C(=O)C2=CNC3=C2C=C(C=N3)C4=CC=C(C=C4)Cl)F'"}, "time": 1746395160.80388}