{"duration": 0.3583390712738037, "input_args": {"smiles": "'CC1=C(C=C(C=C1)NC(=O)C2=CC(=NC=C2)C(F)(F)F)C3=CC(=NC(=C3)OCCO)N4CCOCC4'"}, "time": 1746310328.380081}