{"duration": 0.41405797004699707, "input_args": {"smiles": "'CC1=CC(=C(C2=C1NC(=O)C3=C2C=CS3)C4=CC=C(C=C4)C(C)CN(C)C)O'"}, "time": 1746315915.5696929}