{"duration": 0.3636748790740967, "input_args": {"smiles": "'CC1(CN=C(S1)N2CCN(CC2)C3=C4C5=C(CCCC5)SC4=NC=N3)C'"}, "time": 1743973595.1811998}