{"duration": 0.49021005630493164, "input_args": {"smiles": "'CC(C)S(=O)(=O)C1=CC=CC=C1NC2=NC(=NC=C2Cl)NC3=CC(=CC=C3)NC(=O)CN'"}, "time": 1746395624.1954181}