{"duration": 0.368502140045166, "input_args": {"smiles": "'CC1=C(C=NN1)C2=CC3=C(S2)C(=O)NC(=N3)C4CC5CCN4CC5'"}, "time": 1746310318.0522282}