{"duration": 0.4162592887878418, "input_args": {"smiles": "'C1COCCN1CCN2C3=C(C(=C2C4=CC=NC=C4)C5=CC=C(C=C5)F)N=CC=C3'"}, "time": 1743973973.186906}