{"duration": 0.43978404998779297, "input_args": {"smiles": "'CN1CCN(CC1)C2=CC=C(C3=NO[N+](=C23)[O-])[N+](=O)[O-]'"}, "time": 1746315618.852181}