{"duration": 0.3716161251068115, "input_args": {"smiles": "'CC1=NC2=C(O1)C=C(C=C2)C3=CNC4=C3C(=NC(=N4)NC5=C(C=C(C=C5)C(=O)NC)OC)OC6CCCC6'"}, "time": 1746310322.944695}