{"duration": 0.4984140396118164, "input_args": {"smiles": "'COC1=CC=C(C=C1)CN2C(=O)C3=C(C4=CC=CC=C4CC35CCCC5)N6C2=NN=N6'"}, "time": 1743972681.07785}