{"duration": 0.3398008346557617, "input_args": {"smiles": "'CN1CCN(CC1)CCCN2C3=CC=CC=C3SC4=C2C=C(C=C4)C(F)(F)F'"}, "time": 1743972781.774633}