{"duration": 0.3629729747772217, "input_args": {"smiles": "'C[C@H](CO)N1C[C@H](C)[C@@H](CN(C)C(=O)NC2CCCCC2)Oc2ccc(NC(=O)Cc3cn(C)c4ccccc34)cc2C1=O'"}, "time": 1746388576.2669408}