{"duration": 0.4118649959564209, "input_args": {"smiles": "'CCOC1=CC=CC=C1CCN=C2NC(=O)C(=CC3=CC4=C(C=C3)N=CC=C4)S2'"}, "time": 1746310247.326268}