{"duration": 0.4794459342956543, "input_args": {"smiles": "'CCN1C2=C(C(=NC=C2OCC3CCCNC3)C#CC(C)(C)O)N=C1C4=NON=C4N'"}, "time": 1746394888.195348}