{"duration": 0.4457359313964844, "input_args": {"smiles": "'CCCC1=CC2=C(N=CN=C2S1)N3CCN(CC3)C4=NCC(S4)(C)C'"}, "time": 1743973595.6310558}