{"duration": 0.3222641944885254, "input_args": {"smiles": "'CCCCCCCCC1=CC=C(C=C1)CCC(CO)(CO)N'"}, "time": 1743972779.55849}