{"duration": 0.5728919506072998, "input_args": {"smiles": "'CC1=C2C(=CC=C1)C(=CN2C)C3=C(C(=O)NC3=O)C4=CC(=CC=C4)OC'"}, "time": 1746395574.537334}