{"duration": 0.37990593910217285, "input_args": {"smiles": "'C1COCCN1CC2=CC(=O)C(=CO2)OCCCCCSC3=C4C=CC(=CC4=NC=C3)C(F)(F)F.Cl.Cl'"}, "time": 1746309712.3099442}