{"duration": 0.8813869953155518, "input_args": {"smiles": "'CC1CN(C(=O)C2=C(C(=CC=C2)NC(=O)C3=CC=NC=C3)OC1CN(C)C(=O)NC4=CC=CC5=CC=CC=C54)C(C)CO'"}, "time": 1743973561.8393059}