{"duration": 0.40595293045043945, "input_args": {"smiles": "'C1=CC(=CC(=C1)NC(=O)C2=C(C(=CC=C2)O)O)NC(=O)C3=C(C(=CC=C3)O)O'"}, "time": 1743972623.428277}