{"duration": 0.37149786949157715, "input_args": {"smiles": "'C1=CNC(=C1)C=NNC(=O)COC2=C(C=C(C=C2Cl)Cl)Cl'"}, "time": 1743972677.186578}