{"duration": 0.36902403831481934, "input_args": {"smiles": "'C1=CN(C(=O)N=C1N)C2C(C(C(O2)CO)O)(F)F'"}, "time": 1746388434.867237}