{"duration": 0.47644495964050293, "input_args": {"smiles": "'Oc1cc(O)c2c(c1)oc(-c1cc(O)c(O)c(O)c1)c(O)c2=O'"}, "time": 1746395244.205877}