{"duration": 0.3553588390350342, "input_args": {"smiles": "'CC(C)N1C(\\\\C=C\\\\C(O)CC(O)CC(O)=O)C(c2ccccc12)c1ccc(F)cc1'"}, "time": 1746309972.5321522}