{"duration": 0.4961988925933838, "input_args": {"smiles": "'C1=CC2=C(C(=C1)NS(=O)(=O)C3=CC=C(C=C3)S(=O)(=O)N)NC=C2Cl'"}, "time": 1743972697.766168}