{"duration": 0.538855791091919, "input_args": {"smiles": "'CCOC1=CC2=C(C=C1)C3=C(C2=O)C4=C(C=C(C=C4)[N+](=O)[O-])C(=O)N3CCCN.Cl'"}, "time": 1746395455.766068}