{"duration": 0.3654930591583252, "input_args": {"smiles": "'C1=NC2=C(N=C(N=C2N1C3C(C(C(O3)CO)O)O)F)N'"}, "time": 1746388512.3993301}