{"duration": 0.5055248737335205, "input_args": {"smiles": "'C1CC(CCC1C2=CC=C(C=C2)NC3=NN(C(=N3)N)C4=CC=CC=N4)N5CCOCC5'"}, "time": 1746395601.623971}