{"duration": 0.4177882671356201, "input_args": {"smiles": "'COc1cc(Nc2cc(nc3cc(OCCCN4CCN(C)CC4)c(OC)cc23)C#N)c(Cl)cc1Cl'"}, "time": 1746388680.231157}