{"duration": 0.45171308517456055, "input_args": {"smiles": "'O\\\\N=C1/C(Nc2ccccc12)=C1/C(=O)Nc2cc(Br)ccc12'"}, "time": 1746309888.3136718}