{"duration": 0.5076942443847656, "input_args": {"smiles": "'CC1CCCC2(C(O2)CC(NC(=O)CC(C(C(=O)C(C1O)C)(C)C)O)C(=CC3=CSC(=N3)C)C)C'"}, "time": 1746310151.287518}