{"duration": 0.36287999153137207, "input_args": {"smiles": "'C1CN2CCC1C(=O)C2(CO)CO'"}, "time": 1743973610.426112}