{"duration": 0.4461679458618164, "input_args": {"smiles": "'COc1cc2ncn(-c3cc(OCc4ccccc4S(C)(=O)=O)c(s3)C#N)c2cc1OC'"}, "time": 1746388597.3941498}