{"duration": 0.3658428192138672, "input_args": {"smiles": "'COC1=C(C=CC(=C1)C=CC(=O)CC(=O)C=CC2=CC(=C(C=C2)O)OC)O'"}, "time": 1743973632.557328}