{"duration": 0.35036182403564453, "input_args": {"smiles": "'CC1=CC=C(C=C1)C2=CC(=NN2C3=CC=C(C=C3)S(=O)(=O)N)C(F)(F)F'"}, "time": 1743973873.186744}