{"duration": 0.3747289180755615, "input_args": {"smiles": "'CC(=O)OC1=CC=C(C=C1)C2(C3=CC=CC=C3NC2=O)C4=CC=C(C=C4)OC(=O)C'"}, "time": 1746388516.680678}