{"duration": 0.3961751461029053, "input_args": {"smiles": "'C=C(CN1CCC2=C(C1)C3=C(N2)C=CC(=C3)F)C4=CC=C(C=C4)C(=O)NC5=CC=CC=C5N'"}, "time": 1746315704.450641}