{"duration": 0.46491217613220215, "input_args": {"smiles": "'CN1C=C(C2=CC=CC=C21)C3=C(C(=O)NC3=O)C4=C5CCCCCN5C6=CC=CC=C64'"}, "time": 1746315837.3326259}