{"duration": 0.5038199424743652, "input_args": {"smiles": "'CC(CN1CC(=O)NC(=O)C1)N2CC(=O)NC(=O)C2'"}, "time": 1743973803.815425}