{"duration": 0.40436816215515137, "input_args": {"smiles": "'B(C(CC(C)C)NC(=O)C(CC1=CC=CC=C1)NC(=O)C2=NC=CN=C2)(O)O'"}, "time": 1743972347.352265}