{"duration": 0.44672584533691406, "input_args": {"smiles": "'CCOC(=O)c1c(NC(=O)c2ccc(s2)[N+]([O-])=O)sc2c1CC(C)(C)NC2(C)C'"}, "time": 1746309913.382541}