{"duration": 0.37649989128112793, "input_args": {"smiles": "'Cn1cc(cn1)-c1ccc2nnc(Sc3ccc4ncccc4c3)n2n1'"}, "time": 1746309934.066942}