{"duration": 0.38802385330200195, "input_args": {"smiles": "'C1CC(C1)NC2=NC=CC(=C2)C(=O)NCC(CN3CCC4=CC=CC=C4C3)O'"}, "time": 1746388523.893496}