{"duration": 0.5144519805908203, "input_args": {"smiles": "'COc1cc2nccc(Oc3ccc(NC(=O)NC4CC4)c(Cl)c3)c2cc1C(N)=O'"}, "time": 1746395237.036605}