{"duration": 0.39937901496887207, "input_args": {"smiles": "'COC1=CC=CC=C1N2CCN(CC2)C(=O)C3=CC=C(C=C3)NS(=O)(=O)C4=CC=CC5=C4N=CC=C5'"}, "time": 1746315874.403489}