{"duration": 0.3794128894805908, "input_args": {"smiles": "'CCN(CCO)CCCOc1ccc2c(Nc3cc(CC(=O)Nc4cccc(F)c4)[nH]n3)ncnc2c1'"}, "time": 1746309952.946669}