{"duration": 0.4693460464477539, "input_args": {"smiles": "'C1=NC2=C(N=C(N=C2N1C3C(C(C(O3)COP(=O)(O)O)O)O)F)N'"}, "time": 1746395356.584696}