{"duration": 0.4012463092803955, "input_args": {"smiles": "'C1CCC(C(C1)[NH-])[NH-].C(=O)(C(=O)O)O.[Pt+2]'"}, "time": 1746388532.160375}