{"duration": 0.36208224296569824, "input_args": {"smiles": "'CCCCCCCCc1ccc(cc1)-c1ccc(cc1)C(O)=O'"}, "time": 1746309832.0188968}