{"duration": 0.4181032180786133, "input_args": {"smiles": "'C1=CC=C2C(=C1)C=CC=C2S(=O)(=O)N=C3NC(=O)C(=CC4=CC=C(C=C4)Br)S3'"}, "time": 1743972782.5310662}