{"duration": 0.3319661617279053, "input_args": {"smiles": "'CC(C)OC(=O)C1=CN(CC(C2=C1NC3=CC=CC=C32)(C)C)C(=O)C4=CC(=C(C=C4)F)F'"}, "time": 1743972742.399987}