{"duration": 0.5384511947631836, "input_args": {"smiles": "'CN1C2=NC(=NC=C2C=C(C1=O)OC3=C(C=C(C=C3)F)F)NC4CCOCC4'"}, "time": 1746395576.567828}