{"duration": 0.3139228820800781, "input_args": {"smiles": "'CC1CC2C3CCC4=CC(=O)C=CC4(C3(C(CC2(C1(C(=O)CO)O)C)O)F)C'"}, "time": 1743973634.766179}