{"duration": 0.3801288604736328, "input_args": {"smiles": "'CC12CCC3C4CCC(CC4CCC3C1CC=C2C5=CC6=C(C=C5)C=NC=C6)N(C)C'"}, "time": 1743972758.274699}