{"duration": 0.36663818359375, "input_args": {"smiles": "'CN(C)N=NC1=C(NC=N1)C(=O)N'"}, "time": 1743973502.523304}