{"duration": 0.39203476905822754, "input_args": {"smiles": "'CN(C)N=Nc1[nH]cnc1C(=O)N'"}, "time": 1746315072.962795}