{"duration": 0.33713531494140625, "input_args": {"smiles": "'CCC1=CC2=C(C=C1N3CCC(CC3)N4CCOCC4)C(C5=C(C2=O)C6=C(N5)C=C(C=C6)C#N)(C)C'"}, "time": 1743973383.900488}