{"duration": 0.3352229595184326, "input_args": {"smiles": "'C1=NC2=C(N1)C(=S)N=C(N2)N'"}, "time": 1746310021.505656}