{"duration": 0.36183595657348633, "input_args": {"smiles": "'C1=CC(=CC=C1NC(=O)CCCCCCC(=O)NO)N(CCCl)CCCl'"}, "time": 1746315744.690037}