{"duration": 0.4534029960632324, "input_args": {"smiles": "'Oc1c(CC=C)cccc1\\\\C=N\\\\NC(=O)CN1CCN(Cc2ccccc2)CC1'"}, "time": 1746309919.7573388}