{"duration": 0.5169980525970459, "input_args": {"smiles": "'Oc1ccc(Nc2nc(cs2)-c2ccc(Cl)cc2)cc1'"}, "time": 1746395174.179924}