{"duration": 0.46220922470092773, "input_args": {"smiles": "'O[C@H]1C=C2[C@@H](NC(=O)c3c(O)c4OCOc4cc23)[C@H](O)[C@@H]1O'"}, "time": 1746395245.673005}