{"duration": 0.3704819679260254, "input_args": {"smiles": "'C1CC(OC1)N2C=C(C(=O)NC2=O)F'"}, "time": 1743973801.026402}