{"duration": 0.4544191360473633, "input_args": {"smiles": "'C1CCN(C1)C(=O)NC2=CC=CC(=C2)NC3=NC=C(C(=N3)NCCCNC(=O)C4=CC=CS4)I'"}, "time": 1743972421.393918}