{"duration": 0.3554863929748535, "input_args": {"smiles": "'NC1=NC(=S)c2ncn(C3CC(O)C(CO)O3)c2N1'"}, "time": 1746315076.2748768}