{"duration": 0.41304683685302734, "input_args": {"smiles": "'CN1CCN(CC1)C2CCN(CC2)C(=O)C3=CC(=C(C=C3)NC4=NC=C5C(=N4)N(C6=CC=CC=C6C(=O)N5C)C)OC'"}, "time": 1743972677.602575}