{"duration": 0.3471560478210449, "input_args": {"smiles": "'Fc1c[nH]c(=O)[nH]c1=O'"}, "time": 1746309972.170134}