{"duration": 0.340648889541626, "input_args": {"smiles": "'COC1=C(C=CC(=C1)C=CC(=O)CC(=O)C=CC2=CC(=C(C=C2)O)OC)O'"}, "time": 1746310029.13797}