{"duration": 0.4143187999725342, "input_args": {"smiles": "'CC(C)(O)CCc1ccc(O)c2c1oc1cc3O[C@H]4OC=C[C@@]4(O)c3c(O)c1c2=O'"}, "time": 1746309950.890638}