{"duration": 0.38304901123046875, "input_args": {"smiles": "'CC(C1=C(N=C2C=C(C=CC2=C1)F)C3=CC=CC=N3)NC4=NC=NC5=C4NC=N5'"}, "time": 1746309801.427986}