{"duration": 0.5246379375457764, "input_args": {"smiles": "'C1=CN(C=N1)CC(O)(P(=O)(O)O)P(=O)(O)O'"}, "time": 1743972608.2678301}