{"duration": 0.3248729705810547, "input_args": {"smiles": "'C1=CC(=CC=C1CCC(=O)C2=C(C=C(C=C2O)O)O)O'"}, "time": 1743973653.157148}