{"duration": 0.3898639678955078, "input_args": {"smiles": "'CCN1C=C(C2=C(C1=O)C=C(S2)C(=NC3CCS(=O)(=O)CC3)N)C4=CC(=CC=C4)C(F)(F)F'"}, "time": 1746309811.7016718}