{"duration": 0.3889610767364502, "input_args": {"smiles": "'CC(C1=CC2=C(C(=CC=C2)Cl)C(=O)N1C3=CC=CC=C3)NC4=NC=NC5=C4NC=N5'"}, "time": 1746310263.9152682}