{"duration": 0.39075517654418945, "input_args": {"smiles": "'C1=CC(=CC=C1S(=O)(=O)N(CC2=C(C=C(C=C2)C3=NOC=N3)F)C(CCC(F)(F)F)C(=O)N)Cl'"}, "time": 1746308264.472221}