{"duration": 0.4488489627838135, "input_args": {"smiles": "'C(C(C(=O)O)N)[N+](=NO)[O-]'"}, "time": 1743974284.071998}