{"duration": 0.4379549026489258, "input_args": {"smiles": "'COC1=CC2=C(C=CN=C2C=C1OC)OC3=CC=C(C=C3)NC(=O)C4(CC4)C(=O)NC5=CC=C(C=C5)F'"}, "time": 1746309705.5776231}