{"duration": 0.5002567768096924, "input_args": {"smiles": "'CC1=CC(=NN1)NC2=CC(=NC(=N2)C#CC3=CC=CC=C3)N4CCN(CC4)C'"}, "time": 1746395492.303209}