{"duration": 0.3402230739593506, "input_args": {"smiles": "'CC(C1=C(C=C(C=C1Cl)F)Cl)OC2=C(N=CC(=C2)C3=CN(N=C3)C4CCNCC4)N'"}, "time": 1743973902.9863229}