{"duration": 0.46776914596557617, "input_args": {"smiles": "'CC1CC2=CC(=O)CCC2(C3C1C4CCC(C4(CC3)C)(C)O)C'"}, "time": 1746395312.3393779}