{"duration": 0.41326093673706055, "input_args": {"smiles": "'C1=CC=C2C(=C1)C3=NNC4=CC=CC(=C43)C2=O'"}, "time": 1746315591.610539}