{"duration": 0.3888571262359619, "input_args": {"smiles": "'CN1CCCN(CC1)C2=NC3=CC(=C(C=C3C(=N2)NC4CCN(CC4)CC5=CC=CC=C5)OC)OC'"}, "time": 1746315884.421213}