{"duration": 0.40684080123901367, "input_args": {"smiles": "'C1CN(C1)CC2CC(C2)N3C=C(C4=C(N=CN=C43)N)C5=CC(=CC=C5)OCC6=CC=CC=C6'"}, "time": 1743973944.0020401}