{"duration": 0.34664297103881836, "input_args": {"smiles": "'CN1CCN(CC1)C(=O)CC2CCC(C(O2)CO)NC(=O)C3=CC4=C(C=C3)OCO4'"}, "time": 1743973565.2130728}