{"duration": 0.3770580291748047, "input_args": {"smiles": "'ClC(Cl)C(c1ccc(Cl)cc1)c2ccccc2Cl'"}, "time": 1746314778.118885}