{"duration": 0.3820919990539551, "input_args": {"smiles": "'CCN(CC)c1ccc(cc1)C1=NNC(=O)C[C@H]1C'"}, "time": 1746308448.999369}