{"duration": 0.4130730628967285, "input_args": {"smiles": "'CC1C(CN(C(=O)C2=CC=CC(=C2OCC3C(CCC(O3)CCN(C1=O)C)OC)C#N)C)OC'"}, "time": 1743972793.616262}