{"duration": 0.44232177734375, "input_args": {"smiles": "'C1=CC(=C(C=C1C2=C(C(=O)C3=C(C=C(C=C3O2)O)O)O)O)O'"}, "time": 1743973903.447236}