{"duration": 0.3697199821472168, "input_args": {"smiles": "'C1CC1N2C3=NC(=NC=C3C=C(C2=O)OC4=C(C=C(C=C4)F)F)NC5CCOCC5'"}, "time": 1743973981.263531}