{"duration": 0.35306286811828613, "input_args": {"smiles": "'CN1C=C(C2=CC=CC=C21)C3=C(C(=O)NC3=O)C4=C5CC(CCN5C6=CC=CC=C64)CN(C)C'"}, "time": 1746310234.947605}