{"duration": 0.36585092544555664, "input_args": {"smiles": "'CN(C)C(=O)n1nnnc1Cc1ccc(cc1)-c1ccccc1'"}, "time": 1746309902.2781818}