{"duration": 0.5243778228759766, "input_args": {"smiles": "'C[C@H](Nc1ncc(Cl)c(Nc2cc(C)[nH]n2)n1)c1ncc(F)cn1'"}, "time": 1746395030.774593}