{"duration": 0.3595747947692871, "input_args": {"smiles": "'Brc1ccc(cc1)\\\\C=C1/SC(NS(=O)(=O)c2cccc3ccccc23)=NC1=O'"}, "time": 1746309997.031809}