{"duration": 0.4015929698944092, "input_args": {"smiles": "'C1=CC(=CC(=C1)Cl)NC2=NC=CC(=N2)C3=CC(=NC=C3)NCCCO'"}, "time": 1743972340.694916}