{"duration": 0.39604806900024414, "input_args": {"smiles": "'CC1=C(SC(=N1)NC(=O)N2CCCC2C(=O)N)C3=CC(=NC=C3)C(C)(C)C(F)(F)F'"}, "time": 1746308384.250389}