{"duration": 0.40630674362182617, "input_args": {"smiles": "'COC1=C(C=C(C=C1)CS(=O)(=O)C=CC2=C(C=C(C=C2OC)OC)OC)NCC(=O)O'"}, "time": 1743973657.2815082}