{"duration": 0.4907190799713135, "input_args": {"smiles": "'C1=CC=C2C(=C1)C3=NNC4=CC=CC(=C43)C2=O'"}, "time": 1746395309.800691}