{"duration": 0.40463900566101074, "input_args": {"smiles": "'C1=CC(=CC(=C1)Cl)CCN=C2NC(=O)C(=CC3=CC4=C(C=C3)N=CC=C4)S2'"}, "time": 1743973986.5968041}