{"duration": 0.5058786869049072, "input_args": {"smiles": "'CN1CCN(C(=O)C1)CC2=C(N=C3C(=C2)CCCN3C(=O)NC4=NC=C(C(=C4)NCCOC)C#N)C=O'"}, "time": 1743974051.933536}