{"duration": 0.44008708000183105, "input_args": {"smiles": "'C\\\\C(=C/C(=O)Nc1ccccc1C(O)=O)c1ccc2ccccc2c1'"}, "time": 1746309838.539776}