{"duration": 0.318493127822876, "input_args": {"smiles": "'COC1=CC(=CC(=C1)C2=CC3=C4C(=CN=C3C=C2)C=CC(=O)N4C5=CC(=C(C=C5)N6CCNCC6)C(F)(F)F)OC'"}, "time": 1743973427.0061681}