{"duration": 0.506371259689331, "input_args": {"smiles": "'Brc1ccc(OCc2ccccc2Br)c(\\\\C=C2\\\\SC(=S)NC2=O)c1'"}, "time": 1746395162.883994}