{"duration": 0.5018789768218994, "input_args": {"smiles": "'CC1=C2C(C3=C(CC(CC3=O)(C)C)NC2=NN1)C4=CC=CC=C4'"}, "time": 1743973557.229438}