{"duration": 0.5516140460968018, "input_args": {"smiles": "'Oc1ccc(cc1)\\\\C=C\\\\C(=O)c1ccc(O)cc1O'"}, "time": 1746395234.47665}