{"duration": 0.40085887908935547, "input_args": {"smiles": "'C1=NC2=C(N=C(N=C2N1C3C(C(C(O3)CO)O)F)Cl)N'"}, "time": 1743973631.775569}