{"duration": 0.3599410057067871, "input_args": {"smiles": "'C\\\\C=C\\\\C\\\\C=C\\\\CCC(=O)[C@H]1O[C@H]1C(N)=O'"}, "time": 1746388683.401561}