{"duration": 0.48970794677734375, "input_args": {"smiles": "'CN1N=Nc2c(ncn2C1=O)C(=O)N'"}, "time": 1746395277.746872}