{"duration": 0.5404441356658936, "input_args": {"smiles": "'CCOc1cc(cc(Cl)c1OCC(=O)OC)\\\\C=C1C(=O)N(N=C/1C)c1ccccc1'"}, "time": 1746395173.659018}