{"duration": 0.39965295791625977, "input_args": {"smiles": "'CCCCC1=CC2=C(C=C1)N=C(N2)NC(=O)OC'"}, "time": 1743972678.826297}