{"duration": 0.4241971969604492, "input_args": {"smiles": "'CC1=NC2=CN=C3C(=C2N1C4CCNCC4)C=CN3'"}, "time": 1746309813.2995589}