{"duration": 0.5846400260925293, "input_args": {"smiles": "'CCN(CCO)CCCOc1ccc2c(Nc3cc(CC(=O)Nc4cccc(F)c4)[nH]n3)ncnc2c1'"}, "time": 1746395197.412715}