{"duration": 0.36510205268859863, "input_args": {"smiles": "'BrCCC(=O)N1CCN(CC1)C(=O)CCBr'"}, "time": 1746314774.437205}