{"duration": 0.35649728775024414, "input_args": {"smiles": "'CC(C)(C)C1=CN=C(O1)CSC2=CN=C(S2)NC(=O)C3CCNCC3'"}, "time": 1743972727.3108008}