{"duration": 0.49399590492248535, "input_args": {"smiles": "'CN(CCc1cc(Br)c(OCCCNc2ncnc3n(C)cnc23)c(Br)c1)C(=O)c1ccc(C)cc1'"}, "time": 1746388589.9109461}