{"duration": 0.5070099830627441, "input_args": {"smiles": "'Clc1ccc(CC(=N)NOC(=O)c2cccc3ccccc23)cc1'"}, "time": 1746395098.56622}