{"duration": 0.4038209915161133, "input_args": {"smiles": "'C[C@H](CO)N1C[C@H](C)[C@@H](CN(C)C(=O)Nc2cccc3ccccc23)Oc2ccc(NC(=O)c3ccncc3)cc2CC1=O'"}, "time": 1746308434.76778}