{"duration": 0.3470489978790283, "input_args": {"smiles": "'CCCCC1=CC2=C(C=C1)N=C(N2)NC(=O)OC'"}, "time": 1743973652.8205671}