{"duration": 0.4917759895324707, "input_args": {"smiles": "'Oc1ccc(CCC(=O)c2c(O)cc(O)cc2O)cc1'"}, "time": 1746395259.12918}