{"duration": 0.37858104705810547, "input_args": {"smiles": "'CC1=C(C2=CC=CC=C2N1)CCNCC3=CC=C(C=C3)C=CC(=O)NO'"}, "time": 1746315773.804255}