{"duration": 0.40494799613952637, "input_args": {"smiles": "'CCOC(=O)C1=CC=C(C=C1)N2C(=O)C(=CC3=CC=C(O3)[N+](=O)[O-])C(=O)N2'"}, "time": 1743972748.052685}