{"duration": 0.402911901473999, "input_args": {"smiles": "'CC1=C(C=CC(=C1)Br)S(=O)(=O)NC2=CC3=C(C=C2OC)N(C(=O)N3C)C'"}, "time": 1743973521.598164}