{"duration": 0.3475840091705322, "input_args": {"smiles": "'CCCCCCCCC1=CC=C(C=C1)C2=CC=C(C=C2)C(=O)O'"}, "time": 1743972785.628725}