{"duration": 0.4747450351715088, "input_args": {"smiles": "'CC1=C2C=CN=CC2=C(C3=C1NC4=CC=CC=C43)C'"}, "time": 1746395308.763417}