{"duration": 0.5034351348876953, "input_args": {"smiles": "'CC1=C(C(N2C(=O)C(=CC3=CN(C4=CC=CC=C43)CC5=CC=CC=C5)SC2=N1)C6=CC=C(C=C6)OC)C(=O)NC7=CC=CC=C7'"}, "time": 1743972680.161288}