{"duration": 0.41533517837524414, "input_args": {"smiles": "'CCC1(C2=C(COC1=O)C(=O)N3CC4=CC5=CC=CC=C5N=C4C3=C2)OC(=O)CN6CCN(CC6)CCO'"}, "time": 1743973832.90047}