{"duration": 0.43781495094299316, "input_args": {"smiles": "'CC(=O)N1CCN(CC1)C2CCC(CC2)N3C4=NC=NC(=C4C(=N3)C5=CC(=C(C=C5)NC(=O)C6=CC7=CC=CC=C7N6C)OC)N'"}, "time": 1746388386.3456829}