{"duration": 0.5268189907073975, "input_args": {"smiles": "'CC(C)c1cc(C(=O)N2Cc3ccc(CN4CCN(C)CC4)cc3C2)c(O)cc1O'"}, "time": 1746395029.042279}