{"duration": 0.3888578414916992, "input_args": {"smiles": "'CN(C)CC(=O)N[C@@H]1CC[C@@H](CCNC(=O)Nc2ccc(F)cc2)O[C@H]1CO'"}, "time": 1746388565.1221461}