{"duration": 0.39685773849487305, "input_args": {"smiles": "'CC1=C(N=CN1)CSCCNC(=NC)NC#N'"}, "time": 1743973631.370307}