{"duration": 0.44556117057800293, "input_args": {"smiles": "'C1=NC2=C(N=C(N=C2N1C3C(C(C(O3)CO)O)F)Cl)N'"}, "time": 1746310093.875063}