{"duration": 0.3831608295440674, "input_args": {"smiles": "'NC(=O)Nc1cc(sc1C(=O)N[C@H]1CCCNC1)-c1cccc(F)c1'"}, "time": 1746388550.933582}