{"duration": 0.36888718605041504, "input_args": {"smiles": "'C1=CC=C(C=C1)C2=C(C=CC=N2)C(=O)O'"}, "time": 1746308346.704592}