{"duration": 0.5460281372070312, "input_args": {"smiles": "'FC(F)(F)c1ccc(Nc2nccc(n2)-c2cccc(Cl)c2)cc1'"}, "time": 1746395185.2129018}