{"duration": 0.39069485664367676, "input_args": {"smiles": "'C1COCCN1C2=CC=C(C=C2)NC3=NC=CC(=N3)C4=CC=C(C=C4)C(=O)NCC#N'"}, "time": 1746315861.1891809}