{"duration": 0.5349769592285156, "input_args": {"smiles": "'Cc1ccc(cc1)C(NC(=O)c1ccccc1)c1ccc2cccnc2c1O'"}, "time": 1746395042.387706}