{"duration": 0.3435382843017578, "input_args": {"smiles": "'C1CCN(CC1)S(=O)(=O)C2=CC3=C(C=C2)C4=C(C3=NO)C=C(C=C4)S(=O)(=O)N5CCCCC5'"}, "time": 1743973576.39924}