{"duration": 0.500359058380127, "input_args": {"smiles": "'C1CC=C(C1)C(=O)NC2=C(C=CC(=C2)C3=CC=CS3)N'"}, "time": 1743972757.472639}