{"duration": 0.41793084144592285, "input_args": {"smiles": "'ONC(=O)\\\\C=C\\\\c1cccc(c1)S(=O)(=O)Nc1ccccc1'"}, "time": 1746309953.7570822}