{"duration": 0.550955057144165, "input_args": {"smiles": "'CC(C)c1c(O)c(O)c(C=O)c2c(O)c(c(C)cc12)-c1c(C)cc2c(C(C)C)c(O)c(O)c(C=O)c2c1O'"}, "time": 1746395230.149806}