{"duration": 0.5095729827880859, "input_args": {"smiles": "'O=c1n(Cc2ccccc2)c(\\\\C=C\\\\c2cccnc2)nc2ccccc12'"}, "time": 1746395033.870689}