{"duration": 0.3985450267791748, "input_args": {"smiles": "'CC1=CC=C(C=C1)C2=C(N(C3=NC=NC(=C23)N)CCCO)C(=O)CF'"}, "time": 1743973412.4739652}