{"duration": 0.3995342254638672, "input_args": {"smiles": "'C1=CC2=C(C=C1CNC3=CC(=C(C=C3)C(=O)NC(CC(=O)O)C(=O)O)Cl)C(=NC(=N2)N)N'"}, "time": 1746315608.287804}