{"duration": 0.39827775955200195, "input_args": {"smiles": "'C1C2=C(C=CC(=C2)N)N=C3N1C(=O)C4=CC=CC=C43'"}, "time": 1743973820.6079261}