{"duration": 0.5171358585357666, "input_args": {"smiles": "'CC1=CC=C(C=C1)C(=O)N(CCCN)C(C2=C(C(=O)C3=C(O2)C=C(C=C3)Cl)CC4=CC=CC=C4)C(C)C'"}, "time": 1746395607.219125}