{"duration": 0.4063529968261719, "input_args": {"smiles": "'O=C(Nc1ccccc1)N1CCC(Cc2cnc3ccccc3c2)CC1'"}, "time": 1746309923.2702231}