{"duration": 0.4003419876098633, "input_args": {"smiles": "'C1=CC(=CC(=C1)F)CCN=C2NC(=O)C(=CC3=CC4=C(C=C3)N=CC=C4)S2'"}, "time": 1746315854.155338}