{"duration": 0.42476916313171387, "input_args": {"smiles": "'CNC(=O)CN1CCC(CC1)OC2=C(C=C3C(=C2)C(=NC=N3)NC4=C(C(=CC=C4)Cl)F)OC'"}, "time": 1746309771.06747}