{"duration": 0.3846168518066406, "input_args": {"smiles": "'CC1=CN2C(=O)C=C(N=C2C(=C1)C(C)NC3=CC=CC=C3)N4CCOCC4'"}, "time": 1746309777.015948}