{"duration": 0.37767815589904785, "input_args": {"smiles": "'CC1=NC2=C(C=C(C=C2)CN(C)C3=CC=C(S3)C(=O)NC(CCC(=O)O)C(=O)O)C(=O)N1'"}, "time": 1743973850.786818}