{"duration": 0.4914968013763428, "input_args": {"smiles": "'CC1(C)Cc2c(c(nn2-c2ccc(C(N)=O)c(N[C@H]3CC[C@H](O)CC3)c2)C(F)(F)F)C(=O)C1'"}, "time": 1746395176.492012}