{"duration": 0.34726881980895996, "input_args": {"smiles": "'CN1C=C(C2=CC=CC=C21)C3=C(C(=O)NC3=O)C4=CN(C5=CC=CC=C54)CCO'"}, "time": 1743973955.353497}