{"duration": 0.4748718738555908, "input_args": {"smiles": "'CC(=O)NC1CCN(CC1)C(=O)Nc1cc(ccc1N)-c1cccs1'"}, "time": 1746395047.1423428}