{"duration": 0.608903169631958, "input_args": {"smiles": "'CC1=C2C(=NN1C)CSCC3=NN(C(=C3)CSC4=CC5=CC=CC=C5C(=C4)OCCCC6=C(N(C7=C6C=CC(=C27)Cl)C)C(=O)O)C'"}, "time": 1743973497.836402}