{"duration": 0.4467458724975586, "input_args": {"smiles": "'C1CC(OC1CO)N2C=CC(=NC2=O)N'"}, "time": 1746395379.0891762}