{"duration": 0.47498488426208496, "input_args": {"smiles": "'CCC(=O)N(C)C1=CC=C(C=C1)NC2=NC3=C(C(=N2)NC4CCCN(C4)C(=O)C=C)NC=N3'"}, "time": 1743972342.741318}