{"duration": 0.42792606353759766, "input_args": {"smiles": "'COC1=C(C=CC(=C1)NS(=O)(=O)C)NC2=C3C=CC=CC3=NC4=CC=CC=C42'"}, "time": 1746315624.489185}