{"duration": 0.4406559467315674, "input_args": {"smiles": "'CC1=NN=C(O1)C2=NN=C(C=C2)N3CCC(CC3)OC4=C(C=CC(=C4)F)Cl'"}, "time": 1743973395.880026}