{"duration": 0.41765308380126953, "input_args": {"smiles": "'COC(=O)[C@H]1Cc2c([nH]c3ccccc23)[C@@H](N1C(=O)CCl)c1ccc(cc1)C(=O)OC'"}, "time": 1746388543.332289}