{"duration": 0.3477210998535156, "input_args": {"smiles": "'CN1CCN(CC1)C2=CC(=C(C=C2)NC3=NC=C(C(=N3)OC4=CC=CC(=C4)NC(=O)C=C)Cl)OC'"}, "time": 1743972764.331525}