{"duration": 0.45282697677612305, "input_args": {"smiles": "'COc1cc(Nc2ncc(F)c(Nc3ccc4OC(C)(C)C(=O)Nc4n3)n2)cc(OC)c1OC'"}, "time": 1746395275.681222}