{"duration": 0.47967982292175293, "input_args": {"smiles": "'COc1ccc(cc1)S(=O)(=O)N(C(=O)C)c2ccccc2C=Cc3cc[n+]([O-])cc3'"}, "time": 1746395070.2212548}