{"duration": 0.3808138370513916, "input_args": {"smiles": "'CN(C)CC(=O)N[C@@H]1CC[C@@H](CCNC(=O)Nc2ccc(F)cc2)O[C@H]1CO'"}, "time": 1746309848.6883461}