{"duration": 0.49746108055114746, "input_args": {"smiles": "'CC1=CC(=C(C(=O)N1)CNC(=O)C2=C3C=NN(C3=CC(=C2)Br)C(C)C)C'"}, "time": 1743972738.525894}