{"duration": 0.36773014068603516, "input_args": {"smiles": "'CC(C)c1ccccc1OC(=O)NCCc1ccc2ccccc2c1'"}, "time": 1746309895.145149}