{"duration": 0.362713098526001, "input_args": {"smiles": "'NS(=O)(=O)C#Cc1ccccc1'"}, "time": 1746388720.4913101}