{"duration": 0.4795420169830322, "input_args": {"smiles": "'C[C@@H](CO)N1C[C@H](C)[C@@H](CN(C)C(=O)C2CCOCC2)Oc2ncc(cc2C1=O)C#CC1(O)CCCC1'"}, "time": 1746395051.898582}