{"duration": 0.5679450035095215, "input_args": {"smiles": "'ClC1=C(NCC=C)C(=O)c2ccccc2C1=O'"}, "time": 1746395061.979271}