{"duration": 0.3665902614593506, "input_args": {"smiles": "'CCC(=O)OCN1C(=O)C=CC1=O'"}, "time": 1746309816.043446}