{"duration": 0.5497138500213623, "input_args": {"smiles": "'C(C(C(C(C(CBr)O)O)O)O)Br'"}, "time": 1746395318.965688}