{"duration": 0.3405747413635254, "input_args": {"smiles": "'CC1=CC2=C(C=C1)N=C3C(C2=O)(CCN3C4=CC=CC=C4)O'"}, "time": 1743972672.304401}