{"duration": 0.44524097442626953, "input_args": {"smiles": "'Nc1nc(F)nc2c1ncn2C3OC(CO)C(O)C3O'"}, "time": 1746314792.4696698}