{"duration": 0.503648042678833, "input_args": {"smiles": "'NC1=NC=C(C=N1)C1=CC=C2N=CC3=C(N(C(=O)C=C3)C3=CC(Cl)=C(C=C3)N3CCNCC3)C2=C1'"}, "time": 1746394937.750378}