{"duration": 0.48877882957458496, "input_args": {"smiles": "'Cc1cc(CS(=O)(=O)c2ccccc2)cc(OCc2ccc(CN3CCC[C@@H]3CO)cc2)c1'"}, "time": 1746395157.1724129}