{"duration": 0.3342461585998535, "input_args": {"smiles": "'CCC(C)CNCC(=O)N1CCC2=C(C1COC3=CC=CC(=C3)C)C=CS2'"}, "time": 1743973458.7470138}