{"duration": 0.41748595237731934, "input_args": {"smiles": "'C1Cn2nccc2N1'"}, "time": 1746315073.853653}