{"duration": 0.5175409317016602, "input_args": {"smiles": "'CC(C)C1CC2=C(O1)C=CC3=C2OC4COC5=CC(=C(C=C5C4C3=O)OC)OC'"}, "time": 1746394995.864128}