{"duration": 0.5298659801483154, "input_args": {"smiles": "'CC1=CC(=NC(=N1)N)NC2=CC=C(C=C2)NC(=O)C3=CC=C(C=C3)NC4=CC=NC5=CC=CC=C54'"}, "time": 1746395636.688614}