{"duration": 0.4586181640625, "input_args": {"smiles": "'OCC1(CO)N2CCC(CC2)C1=O'"}, "time": 1746395161.819436}