{"duration": 0.404400110244751, "input_args": {"smiles": "'CC(C(=O)NC(CCCCN)C(=O)O)NC(=O)C1CCCN1'"}, "time": 1746308397.9474308}