{"duration": 0.367872953414917, "input_args": {"smiles": "'C1=CC(=CC=C1C2=CC(=C(S2)NC(=O)N)C(=O)N)F'"}, "time": 1746308355.600589}