{"duration": 0.3694899082183838, "input_args": {"smiles": "'CC1=CC2=C(N1)C=CC(=C2)OC3=NC(=NC=C3)NC4=CC=CC(=C4)CS(=O)(=O)NCCN(C)C'"}, "time": 1746315934.413175}