{"duration": 0.3435230255126953, "input_args": {"smiles": "'CN1C=C(C2=CC=CC=C21)C=C3C4=C(C=CC=N4)NC3=O'"}, "time": 1743973419.440634}