{"duration": 0.3535149097442627, "input_args": {"smiles": "'OC(=O)CC[C@H]1CC[C@@](CC1)(c1cc(F)ccc1F)S(=O)(=O)c1ccc(Cl)cc1'"}, "time": 1746309904.324517}