{"duration": 0.43785595893859863, "input_args": {"smiles": "'C1CN1c2nc(nc(n2)N3CC3)N4CC4'"}, "time": 1746314770.74694}