{"duration": 0.38365602493286133, "input_args": {"smiles": "'C1CN(P(=O)(OC1)NCCCl)CCCl'"}, "time": 1746310043.8846688}