{"duration": 0.39017200469970703, "input_args": {"smiles": "'C1COCCN1C2=NC(=NC3=C2OC4=C3C=CC=N4)C5=CC(=CC=C5)O'"}, "time": 1746309754.3057191}