{"duration": 0.3492910861968994, "input_args": {"smiles": "'COC1=C(C=C(C=C1)CS(=O)(=O)C=CC2=C(C=C(C=C2OC)OC)OC)NCC(=O)[O-]'"}, "time": 1746310154.753037}