{"duration": 0.8054540157318115, "input_args": {"smiles": "'C1CC1NS(=O)(=O)C2=CC(=C(C=C2)C3=CSC=C3)NC(=O)NC4=CC=CC(=C4)C(F)(F)F'"}, "time": 1746388387.986569}