{"duration": 0.3420569896697998, "input_args": {"smiles": "'C1Cn2nccc2N1'"}, "time": 1746315248.7357519}