{"duration": 0.3553957939147949, "input_args": {"smiles": "'COC1=CC(=C(C(=C1C(=O)C2=CN=C(N=C2N)NC3CCN(CC3)S(=O)(=O)C)F)F)F'"}, "time": 1746310252.6140501}