{"duration": 0.6078341007232666, "input_args": {"smiles": "'CC1C=CC2C(O2)(C(CC(OC(=O)C3C(O3)CC4CC1OC(=O)C4)C(C)C(C(=CC=CC(=CC5=COC(=N5)C)C)C)OC)O)C'"}, "time": 1743973823.277597}