{"duration": 0.4016149044036865, "input_args": {"smiles": "'CN1C=C(C2=CC=CC=C21)C3=C(C(=O)NC3=O)C4=CC(=CC=C4)Br'"}, "time": 1746315821.933932}