{"duration": 0.38110995292663574, "input_args": {"smiles": "'COC1=CC(=C(C(=C1F)COC2=CN=C(N=C2)NC3=CN(N=C3)CCO)F)OC'"}, "time": 1743974041.761803}