{"duration": 0.48751282691955566, "input_args": {"smiles": "'COC1=CC=CC(=C1N)C2=CC(=O)C3=CC=CC=C3O2'"}, "time": 1746395410.0297139}