{"duration": 0.39121103286743164, "input_args": {"smiles": "'ClCCN(CCCl)C1=CNC(=O)NC1=O'"}, "time": 1746314776.864022}