{"duration": 0.3830831050872803, "input_args": {"smiles": "'CN(CCc1cc(Br)c(OCCCNc2ncnc3n(C)cnc23)c(Br)c1)C(=O)c1ccc(C)cc1'"}, "time": 1746309868.651691}