{"duration": 0.35604119300842285, "input_args": {"smiles": "'CS(=O)(=O)N1CCC(CC1)NC2=NC=C(C(=N2)N)C(=O)C3=C(C=CC=C3F)F'"}, "time": 1743973990.99379}