{"duration": 0.3625199794769287, "input_args": {"smiles": "'CN1C2N(CCc3c2[nH]c2ccccc32)C(=O)c2ccccc12'"}, "time": 1746388700.377944}