{"duration": 0.47886013984680176, "input_args": {"smiles": "'CC(C)CC(=O)Nc1n[nH]c2c1CN(C(=O)C1CCN(C)CC1)C2(C)C'"}, "time": 1746395158.655263}