{"duration": 0.35552525520324707, "input_args": {"smiles": "'C1COCCN1C2=CC=C(C=C2)NC3=NC=CC(=N3)C4=CC=C(C=C4)C(=O)NCC#N'"}, "time": 1746310256.4528692}