{"duration": 0.34604883193969727, "input_args": {"smiles": "'CC1=C(C=CC(=C1)NC2=NC=C(C(=N2)NC3C4CC(C3C(=O)N)C=C4)F)N5CCN(CC5)C'"}, "time": 1743973930.2181098}