{"duration": 0.3557898998260498, "input_args": {"smiles": "'CC1CN(C(=O)C2=C(C=CC(=C2)NC(=O)C3CCCCC3)OC1CNC)C(C)CO'"}, "time": 1743972729.667525}