{"duration": 0.4406850337982178, "input_args": {"smiles": "'CC(C)N1C=NC2=C(N=C(N=C21)C3=CSC4=CC=CC=C43)NCCC5=CC=C(C=C5)O'"}, "time": 1743972721.734878}