{"duration": 0.33110809326171875, "input_args": {"smiles": "'CN1C=C(C=N1)C2=NN3C(=NN=C3SC4=CC5=C(C=C4)N=CC=C5)C=C2'"}, "time": 1743973616.239125}