{"duration": 0.3838460445404053, "input_args": {"smiles": "'CC1=CSC(=NC2CCCCC2)N1N=CC3=C(C(=C(C=C3)O)O)O'"}, "time": 1746388451.4824371}