{"duration": 0.433574914932251, "input_args": {"smiles": "'C1=CC(=C(C=C1NC2=C3C=C(C=C(C3=NC=C2C#N)Cl)NCC4=CN=CN4)Cl)F'"}, "time": 1743973632.993589}