{"duration": 0.3954591751098633, "input_args": {"smiles": "'CC(C1=CC=CC=C1)C(C(=O)NC2=C(C=C(C=C2)I)F)N3C(=O)C(NC3=O)C4=CC=C(C=C4)OCC(CO)O'"}, "time": 1743973992.156398}