{"duration": 0.3900177478790283, "input_args": {"smiles": "'CN(C(=S)C1=CC=CC=C1)NC(=O)CC(=O)NN(C)C(=S)C2=CC=CC=C2'"}, "time": 1746388424.300954}