{"duration": 0.34986424446105957, "input_args": {"smiles": "'CN(C)C(=O)N1C(=NN=N1)CC2=CC=C(C=C2)C3=CC=CC=C3'"}, "time": 1743973594.387392}