{"duration": 0.4359450340270996, "input_args": {"smiles": "'CN1C=NC2=C1C=C(C(=C2F)NC3=C(C=C(C=C3)Br)Cl)C(=O)NOCCO'"}, "time": 1746388485.4740071}