{"duration": 0.4140641689300537, "input_args": {"smiles": "'C1=CC=C(C=C1)CCN=C(N)N=C(N)N'"}, "time": 1746309759.6442611}