{"duration": 0.38900089263916016, "input_args": {"smiles": "'CC(=O)Nc1ccc(cc1)C(=O)Nc1cc(ccc1N)-c1cccs1'"}, "time": 1746388636.695701}