{"duration": 0.4116830825805664, "input_args": {"smiles": "'CC1=C(N(CCF)CCCl)C(=O)NC(=O)N1'"}, "time": 1746315077.4571352}