{"duration": 0.34024500846862793, "input_args": {"smiles": "'CCC1(C2=C(COC1=O)C(=O)N3CC4=CC5=CC=CC=C5N=C4C3=C2)O'"}, "time": 1743972594.592198}