{"duration": 0.36883997917175293, "input_args": {"smiles": "'CCC1(C2=C(COC1=O)C(=O)N3CC4=CC5=CC=CC=C5N=C4C3=C2)N'"}, "time": 1746315663.863225}