{"duration": 0.4266819953918457, "input_args": {"smiles": "'CC1CN(C(=O)C2=C(C=CC(=C2)NS(=O)(=O)C3=CN(C=N3)C)OC1CN(C)CC4CC4)C(C)CO'"}, "time": 1743972791.290211}