{"duration": 0.520927906036377, "input_args": {"smiles": "'Fc1ccc(cc1)-c1n[nH]cc1C=C1SC(=N)N(C1=O)c1nccs1'"}, "time": 1746395247.283861}