{"duration": 0.42382001876831055, "input_args": {"smiles": "'C[C@H](CO)N1C[C@@H](C)[C@H](CN(C)C(=O)Nc2ccc3OCOc3c2)Oc2cc(ccc2S1(=O)=O)C#Cc1ccncc1'"}, "time": 1746309853.494964}