{"duration": 0.36461591720581055, "input_args": {"smiles": "'CCC1(C2=C(COC1=O)C(=O)N3CC4=C(C5=CC=CC=C5N=C4C3=C2)C=NC6=CC=CC=C6NC7C8COC(=O)C8C(C9=CC1=C(C=C79)OCO1)C1=CC(=C(C(=C1)OC)O)OC)O.Cl'"}, "time": 1743973865.905061}