{"duration": 0.3325660228729248, "input_args": {"smiles": "'CC1=NC(=CC=C1)C2=C(N=C(N2)C(C)(C)C)C3=CC4=NC=CN=C4C=C3'"}, "time": 1743972723.3998668}