{"duration": 0.44328927993774414, "input_args": {"smiles": "'C\\\\C(=C/C(=O)Nc1ccccc1C(O)=O)c1ccc2ccccc2c1'"}, "time": 1746308418.247757}