{"duration": 0.3929762840270996, "input_args": {"smiles": "'COc1ccc(cc1)C1(CNC(=O)c2ccc(NC(=O)c3ccco3)cc2)CCOCC1'"}, "time": 1746388619.0481029}