{"duration": 0.522223949432373, "input_args": {"smiles": "'C1=CC(=C(C=C1I)F)NC2=C(C=CC3=CN=CN32)C(=O)NOCCO'"}, "time": 1746395619.668316}