{"duration": 0.35955309867858887, "input_args": {"smiles": "'CCOc1ccccc1-c1cc(=O)[nH]c2cc3OCOc3cc12'"}, "time": 1746309885.881265}