{"duration": 0.3723630905151367, "input_args": {"smiles": "'CC1=C(C=C(N1CCCN2CCOCC2)C3=CC=CC=C3)C(=O)NC4=CC=CC(=C4)C(F)(F)F'"}, "time": 1743973586.929319}