{"duration": 0.36850476264953613, "input_args": {"smiles": "'CCC1=C2CN3C(=CC4=C(C3=O)COC(=O)C4(CC)O)C2=NC5=C1C=C(C=C5)O'"}, "time": 1746315677.043801}