{"duration": 0.35770606994628906, "input_args": {"smiles": "'Clc1ccc-2c(c1)C(=O)c1nc(C#N)c(nc-21)C#N'"}, "time": 1746388615.087181}