{"duration": 0.37969088554382324, "input_args": {"smiles": "'CN1CCN(CC1)C2=CC=C(C=C2)NC3=NC=C4C=C(C(=O)N(C4=N3)C5CCCC5)C#N'"}, "time": 1746310318.4362729}