{"duration": 0.35994696617126465, "input_args": {"smiles": "'NC(CSC(c1ccccc1)(c2ccccc2)c3ccccc3)C(=O)O'"}, "time": 1746315253.713865}