{"duration": 0.4835686683654785, "input_args": {"smiles": "'C1CN(CCN1CCCCl)CCCl.Cl'"}, "time": 1746395364.2798002}