{"duration": 0.3830251693725586, "input_args": {"smiles": "'CC(C)c1c(O)c(O)c(C=O)c2c(O)c(c(C)cc12)-c1c(C)cc2c(C(C)C)c(O)c(O)c(C=O)c2c1O'"}, "time": 1746309974.4110599}