{"duration": 0.37975311279296875, "input_args": {"smiles": "'C=C(CN(CCN1CCOCC1)CC(=C)C2=CC=C(C=C2)C(=O)NC3=CC=CC=C3N)C4=CC=C(C=C4)C(=O)NC5=CC=CC=C5N'"}, "time": 1746310135.052279}