{"duration": 0.4647190570831299, "input_args": {"smiles": "'CN1C2=NC=NC3=C2C(=CN3C4C(C(C(O4)COP(=O)(O)O)O)O)C(=N1)N'"}, "time": 1746395351.173165}