{"duration": 0.4363420009613037, "input_args": {"smiles": "'CC1=C2C(=NN1)NC3=C(C=C(C=C3)[N+](=O)[O-])C(=N2)C4=CC=CC=C4Cl'"}, "time": 1743973962.8558872}