{"duration": 0.44438767433166504, "input_args": {"smiles": "'COCCOC1=C(C=C2C(=C1)C(=NC=N2)NC3=CC=CC(=C3)C#C)OCCOC.Cl'"}, "time": 1746395431.473866}