{"duration": 0.3987467288970947, "input_args": {"smiles": "'C[C@H](\\\\N=C(\\\\NC#N)Nc1cccc2ncccc12)c1ccccc1'"}, "time": 1746308408.370162}