{"duration": 0.37148213386535645, "input_args": {"smiles": "'C1=CC(=CC=C1NC(=O)CCCCCCC(=O)NO)N(CCCl)CCCl'"}, "time": 1746310164.152912}