{"duration": 0.3503258228302002, "input_args": {"smiles": "'CC(=O)NC1CCC2=CC(=C(C(=C2C3=CC=C(C(=O)C=C13)SC)OC)OC)OC'"}, "time": 1746315620.380702}