{"duration": 0.36672186851501465, "input_args": {"smiles": "'C1CSCC2=C1N=C(NC2=O)C3=CC=C(C=C3)C(F)(F)F'"}, "time": 1746309793.260907}