{"duration": 0.3546457290649414, "input_args": {"smiles": "'C1CN(CCN1C2=NC=NC3=C2OC4=CC=CC=C43)C(=S)NCC5=CC6=C(C=C5)OCO6'"}, "time": 1746388399.82176}