{"duration": 0.3696780204772949, "input_args": {"smiles": "'CCOC(=O)NC1=CC(=NN2C1=NN=C2C)C3=CC(=C(C=C3)C)NS(=O)(=O)C'"}, "time": 1743972600.040857}