{"duration": 0.38643980026245117, "input_args": {"smiles": "'CC1=C(C(CC(=O)N1)C2=CC=C(C=C2)C(F)(F)F)C(=O)NC3=C(C=C4C(=C3)C=NN4)F'"}, "time": 1746308297.5725079}