{"duration": 0.4064791202545166, "input_args": {"smiles": "'C(C(C1C(=C(C(=O)O1)O)O)O)O'"}, "time": 1743973536.745298}