{"duration": 0.4223909378051758, "input_args": {"smiles": "'CN1C=C(C2=CC=CC=C21)C3=C(C(=O)NC3=O)C4=CN(C5=C4C=CC=N5)C'"}, "time": 1746315836.8650491}