{"duration": 0.4981577396392822, "input_args": {"smiles": "'CCOC1=C(C(=CC(=N1)NC(=O)CC2=C(C=CC(=C2)OC)OC)N)C#N'"}, "time": 1746394895.888642}