{"duration": 0.3438708782196045, "input_args": {"smiles": "'CN1CCCN(CC1)C2=NC3=CC(=C(C=C3C(=N2)NC4CCN(CC4)C)OC)OCCOCCN(C)C'"}, "time": 1743973621.2322922}