{"duration": 0.36765599250793457, "input_args": {"smiles": "'C1=CC(=C(C=C1I)F)NC2=C(C=CC3=CN=CN32)C(=O)NOCCO'"}, "time": 1746315889.3422148}