{"duration": 0.3385927677154541, "input_args": {"smiles": "'CC1(C)Cc2c(c(nn2-c2ccc(C(N)=O)c(N[C@H]3CC[C@H](O)CC3)c2)C(F)(F)F)C(=O)C1'"}, "time": 1746388660.5667388}