{"duration": 0.40366220474243164, "input_args": {"smiles": "'C1CC(C(OC1CC(=O)NCC2=NC=NC=C2)CO)NC(=O)C3=CC=C(C=C3)F'"}, "time": 1743972735.455303}