{"duration": 0.3623981475830078, "input_args": {"smiles": "'CN(C)C\\\\C=C\\\\C(=O)Nc1cc2c(Nc3ccc(F)c(Cl)c3)ncnc2cc1O[C@H]1CCOC1'"}, "time": 1746388671.794505}