{"duration": 0.5540909767150879, "input_args": {"smiles": "'C1CC(=O)NC(=O)C1N2CC3=C(C2=O)C=CC=C3N'"}, "time": 1746309738.143745}