{"duration": 0.5262978076934814, "input_args": {"smiles": "'CC1(CCCN1)C2=NC3=C(C=CC=C3N2)C(=O)N.Cl.Cl'"}, "time": 1746394971.741138}