{"duration": 0.5000450611114502, "input_args": {"smiles": "'CC(C)[NH-].CC(C)[NH-].O.O.Cl[Pt+2]Cl'"}, "time": 1746395345.754077}