{"duration": 0.4037599563598633, "input_args": {"smiles": "'CC(=O)NC1=CC2=C(C=C1)N(C=C2C3=C(C(=O)NC3=O)C4=CN(C5=CC=CC=C54)C)C'"}, "time": 1743973948.305779}