{"duration": 0.5860011577606201, "input_args": {"smiles": "'CN(C)CCCNc1c2ccccc2n(C)c2nc(=O)n(C)c(=O)c12'"}, "time": 1746395115.3845959}