{"duration": 0.40013909339904785, "input_args": {"smiles": "'C1=CNC(=C1)C=C2C3=C(C=CC(=C3)F)NC2=O'"}, "time": 1746310227.0386791}