{"duration": 0.44376683235168457, "input_args": {"smiles": "'CC1CN(C(=O)C2=C(C=CC(=C2)NC(=O)NC3=C(ON=C3C)C)OC1CN(C)CC4CCCCC4)C(C)CO'"}, "time": 1743973545.5619462}