{"duration": 0.5117278099060059, "input_args": {"smiles": "'CC1=C(C(=O)C(=C(C1=O)N2CC2)CO)N3CC3'"}, "time": 1746395423.597257}