{"duration": 0.3524820804595947, "input_args": {"smiles": "'COC1=CC=C(C=C1)CN2C=CC3=C2C=C(C=C3)C(=O)NO'"}, "time": 1746309820.919511}