{"duration": 0.42818284034729004, "input_args": {"smiles": "'Nc1nc(Cl)nc2n(cnc12)[C@@H]1O[C@H](CO)[C@@H](O)[C@@H]1F'"}, "time": 1746309962.3694332}