{"duration": 0.348585844039917, "input_args": {"smiles": "'C1COCCN1C2=NC(=NC(=C2)C3=CN=C(C=C3C(F)(F)F)N)N4CCOCC4'"}, "time": 1743973500.335839}