{"duration": 0.6197280883789062, "input_args": {"smiles": "'COc1cc(Nc2cc(nc3cc(OCCCN4CCN(C)CC4)c(OC)cc23)C#N)c(Cl)cc1Cl'"}, "time": 1746395203.232511}