{"duration": 0.3854498863220215, "input_args": {"smiles": "'CN1C2=NC(=NC=C2C=C(C1=O)OC3=CC=CC=C3F)NC4CCOCC4'"}, "time": 1743973979.121996}