{"duration": 0.35834312438964844, "input_args": {"smiles": "'COc1cc(C=CC(=O)CC(=O)C=Cc2ccc(O)c(OC)c2)ccc1O'"}, "time": 1746309963.483999}