{"duration": 0.4153459072113037, "input_args": {"smiles": "'C1CSC2=C(C(=O)N1)SC3=C2C=C(C=C3)O'"}, "time": 1746308377.552014}