{"duration": 0.43552494049072266, "input_args": {"smiles": "'Cc1cs\\\\c(=N/C2CCCCC2)n1\\\\N=C\\\\c1ccc(O)c(O)c1O'"}, "time": 1746388573.328971}