{"duration": 0.38432979583740234, "input_args": {"smiles": "'CC1=CN=CC2=C1C(=CC=C2)S(=O)(=O)NC3CC(NC3)CNC(=O)C'"}, "time": 1743973569.5216582}