{"duration": 0.4995598793029785, "input_args": {"smiles": "'C1CC(NCC1Cl)C2C(=O)NC(C(=O)N2)C3CCC(CN3)Cl.Cl'"}, "time": 1746395329.0286279}