{"duration": 0.945688009262085, "input_args": {"smiles": "'CC1=NC=C(C=C1)OC2=C(C=C(C=C2)NC3=NC=NC4=C3C=C(C=C4)C=CCNC(=O)COC)C'"}, "time": 1743972377.287015}