{"duration": 0.5212931632995605, "input_args": {"smiles": "'CC1(CCCN1)C2=NC3=C(C=CC=C3N2)C(=O)N'"}, "time": 1746395463.327562}