{"duration": 0.49088120460510254, "input_args": {"smiles": "'C1=NC(=NC(=O)N1C2C(C(C(O2)CO)O)O)N'"}, "time": 1746315598.5709078}