{"duration": 0.32715916633605957, "input_args": {"smiles": "'CC1C2=C(C=CC(=C2)F)C(=O)N(CC3=NN(C(=C3C4=CC(=C(N=C4)N)O1)C#N)C)C'"}, "time": 1743974013.2225878}