{"duration": 0.5331509113311768, "input_args": {"smiles": "'CCN1C(=O)CCCC2=C1C=CC(=C2OC)NC3=NC=C(C(=N3)NC4C5CC(C4C(=O)N)C=C5)Cl'"}, "time": 1746395530.874751}