{"duration": 0.5200080871582031, "input_args": {"smiles": "'C1COCCN1CC#CC2=CC(=CC=C2)C(=O)C3=C(N(N=C3)C4=CC=C(C=C4)F)N'"}, "time": 1746395567.895586}