{"duration": 0.4407329559326172, "input_args": {"smiles": "'CCC1(C2=C(COC1=O)C(=O)N3CC4=C(C5=CC=CC=C5N=C4C3=C2)C=NNC(=O)C6=CC=C(C=C6)N)O.Cl'"}, "time": 1746315681.716081}