{"duration": 0.36049699783325195, "input_args": {"smiles": "'CC(C)CC(C=O)NC(=O)C(CC(C)C)NC(=O)C(CC(C)C)NC(=O)OCC1=CC=CC=C1'"}, "time": 1743973435.0237298}