{"duration": 0.4181089401245117, "input_args": {"smiles": "'C1=CC=C2C(=C1)C(=CC(=N2)NC(=O)C3=CC(=CC(=N3)C(=O)NC4=NC5=CC=CC=C5C(=C4)OCCN)OCCN)OCCN'"}, "time": 1743972625.9003541}