{"duration": 0.33050990104675293, "input_args": {"smiles": "'CC1=C(C=C(C=C1)NC(=O)C2=CC(=C(C=C2)CN3CCC(C3)N(C)C)C(F)(F)F)NC4=NC=CC(=N4)C5=CN=CN=C5'"}, "time": 1743974030.1543198}