{"duration": 0.45704197883605957, "input_args": {"smiles": "'CC12CCC3C(C1CCC2O)CCC4=C3C=CC(=C4)OC(=O)N(CCCl)CCCl'"}, "time": 1746315594.981492}