{"duration": 0.3375427722930908, "input_args": {"smiles": "'OC(=O)c1cc2cc(OCc3ccccc3)ccc2[nH]1'"}, "time": 1746388638.5573099}