{"duration": 0.3287837505340576, "input_args": {"smiles": "'ONC(=O)c1ccncc1'"}, "time": 1746309978.110889}