{"duration": 0.48386216163635254, "input_args": {"smiles": "'CC(C)S(=O)(=O)C1=CC=C(C=C1)C2=CN=C(C(=N2)C3=CC(=NO3)C4=CC=C(C=C4)CNC)N'"}, "time": 1746395019.453747}