{"duration": 0.4005589485168457, "input_args": {"smiles": "'C1=CC=C2C(=C1)C(C(=O)N2)(C3=CC(=C(C=C3)O)F)C4=CC(=C(C=C4)O)F'"}, "time": 1743974018.196515}