{"duration": 0.5545330047607422, "input_args": {"smiles": "'C1=CC(=C(C=C1Cl)C(=O)NC2=CC(=CC(=C2)C(F)(F)F)C(F)(F)F)O'"}, "time": 1746394891.8994958}