{"duration": 0.3626229763031006, "input_args": {"smiles": "'C(CC(=O)NC(CS)C(=O)NCC(=O)O)C(C(=O)O)N'"}, "time": 1743972633.2580428}