{"duration": 0.40292787551879883, "input_args": {"smiles": "'CC1=CC2=C(C=C1)N=C(C3=NC=C(N23)C)NCCN.Cl'"}, "time": 1743972364.147813}