{"duration": 0.3439810276031494, "input_args": {"smiles": "'CC1=C2C(=NN1)NC3=C(C=C(C=C3)NC(=O)C)C(=N2)C4=CC=CC=C4Cl'"}, "time": 1743973965.155484}