{"duration": 0.35591602325439453, "input_args": {"smiles": "'CN(C(=O)NC(C=O)C(C(C(CO)O)O)O)N=O'"}, "time": 1746310037.3773792}