{"duration": 0.5058012008666992, "input_args": {"smiles": "'COC1=CC(=C(C(=C1C(=O)C2=CN=C(N=C2N)NC3CCN(CC3)S(=O)(=O)C)F)F)F'"}, "time": 1746395589.6139379}