{"duration": 0.44130921363830566, "input_args": {"smiles": "'NC(CSC(c1ccccc1)(c2ccccc2)c3ccccc3)C(=O)O'"}, "time": 1746315079.085384}