{"duration": 0.3560030460357666, "input_args": {"smiles": "'CN1CCN(CC1)C2=CC=C(C=C2)NC3=NC(=C(S3)C(=O)C4=CC5=C(C=C4)OCCO5)N'"}, "time": 1743973971.6548312}