{"duration": 0.398543119430542, "input_args": {"smiles": "'CC1=C(C(CC(=O)N1)C2=CC=C(C=C2)C(F)(F)F)C(=O)NC3=C(C=C4C(=C3)C=NN4)F'"}, "time": 1746388432.847462}