{"duration": 0.35131001472473145, "input_args": {"smiles": "'CC1=CC2=C(N1)C=CC(=C2)OC3=NC(=NC=C3)NC4=CC=CC(=C4)CS(=O)(=O)NCCN(C)C'"}, "time": 1743974044.8151932}