{"duration": 0.42934608459472656, "input_args": {"smiles": "'C[C@@H](CO)N1C[C@H](C)[C@@H](CN(C)Cc2ccc(cc2)C(O)=O)Oc2cc(ccc2S1(=O)=O)C#CCC1CCCC1'"}, "time": 1746388592.688833}