{"duration": 0.47774696350097656, "input_args": {"smiles": "'COc1cc(OC)c(\\\\C=C\\\\S(=O)(=O)Cc2ccc(OC)c(NCC(O)=O)c2)c(OC)c1'"}, "time": 1746395264.959371}