{"duration": 0.4012758731842041, "input_args": {"smiles": "'CC1=C(N(CCF)CCCl)C(=O)NC(=O)N1'"}, "time": 1746314783.053309}