{"duration": 0.4571571350097656, "input_args": {"smiles": "'COc1ccc(cc1)C1C(C(=O)Nc2ccccc2)=C(C)N=c2s\\\\c(=C/c3cn(Cc4ccccc4)c4ccccc34)c(=O)n12'"}, "time": 1746388552.2219589}