{"duration": 0.35576605796813965, "input_args": {"smiles": "'C[C@H](\\\\N=C(\\\\NC#N)Nc1cccc2ncccc12)c1ccccc1'"}, "time": 1746388544.611053}