{"duration": 0.37369394302368164, "input_args": {"smiles": "'CC(=O)NC1CCN(CC1)C(=O)Nc1cc(ccc1N)-c1cccs1'"}, "time": 1746309847.037198}