{"duration": 0.35794878005981445, "input_args": {"smiles": "'CC(C)c1ccccc1OC(=O)NCCc1ccc2ccccc2c1'"}, "time": 1746388618.650306}