{"duration": 0.33643603324890137, "input_args": {"smiles": "'CCCCCCCCC1=CC=C(C=C1)CCC(CO)(CO)N'"}, "time": 1746309718.2812958}