{"duration": 0.36402201652526855, "input_args": {"smiles": "'CC1=C(N=CN1)CSCCNC(=NC)NC#N'"}, "time": 1743972718.5695329}