{"duration": 0.4953138828277588, "input_args": {"smiles": "'CN1C2N(CCc3c2[nH]c2ccccc32)C(=O)c2ccccc12'"}, "time": 1746395233.9232728}