{"duration": 0.506173849105835, "input_args": {"smiles": "'C1CCC(C(C1)[NH-])[NH-].Cl[Pt+2](Cl)(Cl)Cl'"}, "time": 1746395371.1753442}