{"duration": 0.3782541751861572, "input_args": {"smiles": "'COc1ccc(OC)c(c1)-c1nnc2SCC(=Nn12)c1ccc(OC)c(OC)c1'"}, "time": 1746310016.745152}