{"duration": 0.3521769046783447, "input_args": {"smiles": "'CC1=C(C=NO1)C(=O)NC2=CC=C(C=C2)C(F)(F)F'"}, "time": 1746315677.401046}