{"duration": 0.3708491325378418, "input_args": {"smiles": "'CCNC(=O)CC1C2=NN=C(N2C3=C(C=C(C=C3)OC)C(=N1)C4=CC=C(C=C4)Cl)C'"}, "time": 1743973422.5433059}