{"duration": 0.3792729377746582, "input_args": {"smiles": "'C=C(CN1C2=CC=CC=C2C3=CC=CC=C3C1=O)C4=CC=C(C=C4)C(=O)NC5=CC=CC=C5N'"}, "time": 1746310142.996496}