{"duration": 0.467242956161499, "input_args": {"smiles": "'CC(C)C(C(=O)NC(C)C(=O)NC1C2=CC=CC=C2CCN(C1=O)C)O'"}, "time": 1743973658.169834}