{"duration": 0.3870999813079834, "input_args": {"smiles": "'CN1CCCCCOC2=C(C=C3C(=C2)C(=NC=N3)NC4=C(C1)C=CC(=C4)Br)OC'"}, "time": 1746310288.462948}