{"duration": 0.3602721691131592, "input_args": {"smiles": "'COC1=C(C=C2C(=C1)N=CN=C2NC3=C(C(=C(C=C3)Cl)Cl)F)OC4CCN(CC4)C(=O)C=C'"}, "time": 1743974021.780892}