{"duration": 0.3808169364929199, "input_args": {"smiles": "'CC1=CC(=NC2=C1C3=C(S2)C(=NC=N3)N)C'"}, "time": 1746315848.660942}