{"duration": 0.478468656539917, "input_args": {"smiles": "'C1=CC=C(C=C1)C(=O)NC2=CC=CC=C2C=CC3=NNC4=CC=CC=C43'"}, "time": 1746395508.7082062}