{"duration": 0.3970952033996582, "input_args": {"smiles": "'CCC1=C(C(=NC(=N1)N)N)C2=CC=C(C=C2)Cl'"}, "time": 1743973455.7526631}