{"duration": 0.4073970317840576, "input_args": {"smiles": "'CC(=O)O.CNCCN=C1C=CC2=C3C1=C(C4=C(C=CC(=O)C4=C3NN2CCNCCO)O)O'"}, "time": 1746310082.574673}