{"duration": 0.4732389450073242, "input_args": {"smiles": "'CCC(C)SSc1ncc[nH]1'"}, "time": 1746309927.295129}