{"duration": 0.3564720153808594, "input_args": {"smiles": "'CCCC(=O)OCC1=CC=C(C=C1)OC(=O)C=C(C)C=CC=C(C)C=CC2=C(CCCC2(C)C)C'"}, "time": 1746388500.269484}