{"duration": 0.5677120685577393, "input_args": {"smiles": "'C1=CC(=NCCCN)C2=C(C3=C(C=CC(=O)C3=C4C2=C1N(N4)CCNCCO)O)O.Cl'"}, "time": 1746395365.27984}