{"duration": 0.3241562843322754, "input_args": {"smiles": "'CC(C)[NH-].CC(C)[NH-].O.O.Cl[Pt+2]Cl'"}, "time": 1743973811.523083}