{"duration": 0.35060977935791016, "input_args": {"smiles": "'C1CNCCC1(C2=CC=C(C=C2)C3=CNN=C3)C4=CC=C(C=C4)Cl'"}, "time": 1743973375.3644722}