{"duration": 0.3763711452484131, "input_args": {"smiles": "'C1=CC=C(C=C1)C(C2=CC=CC=C2)(C3=CC=CC=C3)SCC(C(=O)O)N'"}, "time": 1746309766.9501598}