{"duration": 0.4436757564544678, "input_args": {"smiles": "'C1=CC2=C(C=C1[N+](=O)[O-])C(=O)N(C3=C2C(=O)C4=C3C=CC(=C4)Cl)CCCBr'"}, "time": 1746315713.3523352}