{"duration": 0.3408970832824707, "input_args": {"smiles": "'FC1=CNC(=O)NC1=O'"}, "time": 1746315241.834257}