{"duration": 0.36328911781311035, "input_args": {"smiles": "'CC1=C(C=CC2=C1C=C(N2CC3=CNN=C3)C#N)CN4CCC(CC4)NC5=C6C=C(SC6=NC=N5)CC(F)(F)F'"}, "time": 1743974026.530097}