{"duration": 0.3918781280517578, "input_args": {"smiles": "'CC1=C(C=C(C=C1)C(=O)NC2=CC(=C(C=C2)CN3CCN(CC3)C)C(F)(F)F)C#CC4=CN=C5N4N=CC=C5'"}, "time": 1743972351.80017}