{"duration": 0.37139201164245605, "input_args": {"smiles": "'Oc1cccc2cc(C(=O)Nc3cccc(c3)-c3cn4ccccc4n3)c(=O)oc12'"}, "time": 1746309882.442951}