{"duration": 0.45126914978027344, "input_args": {"smiles": "'CN1CC2=C(C=CC(=C2)NS(=O)(=O)C3=CC=CC=C3OC)NC1=O'"}, "time": 1746309753.9059289}