{"duration": 0.40383315086364746, "input_args": {"smiles": "'CCCCCCC(=O)CCCCCCC=CCC(C(C(CO)(C(=O)O)N)O)O'"}, "time": 1743972671.9615202}