{"duration": 0.34181785583496094, "input_args": {"smiles": "'CN1C=C(C2=CC=CC=C21)C3=C(C(=O)NC3=O)C4=CN(C5=C4C=CC(=C5)N)C'"}, "time": 1743973950.172686}