{"duration": 0.3625049591064453, "input_args": {"smiles": "'CC(C)CN1C=NC2=C1C3=CC=CC=C3N=C2N'"}, "time": 1746315649.263526}