{"duration": 0.3659629821777344, "input_args": {"smiles": "'CC1=C(C=CC(=C1)[N+](=O)[O-])NS(=O)(=O)C2=C(C=CC(=C2)Cl)Cl'"}, "time": 1746388427.114985}