{"duration": 0.5378758907318115, "input_args": {"smiles": "'CC(C)c1ccccc1Cc1cc(C(=O)Nc2ccc(cc2)S(=O)(=O)c2ccccc2C(C)(C)C)c(O)c(O)c1O'"}, "time": 1746395183.581473}