{"duration": 0.4405548572540283, "input_args": {"smiles": "'C1=CC(=C(C=C1C=CC2=CC(=CC(=C2)O)O)O)O'"}, "time": 1746310084.621034}