{"duration": 0.3370168209075928, "input_args": {"smiles": "'C1=CC(=CC(=C1)NC(=O)NCC(F)(F)F)C2=CN=C3N2C=CC(=C3)C4=CC=C(C=C4)F'"}, "time": 1743973898.874134}