{"duration": 0.33400678634643555, "input_args": {"smiles": "'ClCCN(N=O)C(=O)NC1CCCCC1'"}, "time": 1746315252.972298}