{"duration": 0.3879580497741699, "input_args": {"smiles": "'CN1C2=C(C3=CC(=C(C=C3C1=O)OC)OC)C(=O)C4=CC5=C(C=C42)OCO5'"}, "time": 1746315635.739413}