{"duration": 0.4903738498687744, "input_args": {"smiles": "'CCC1(C2=C(COC1=O)C(=O)N3CC4=C(C5=CC=CC=C5N=C4C3=C2)C=NNC(=O)C(C)N)O.Cl'"}, "time": 1746395412.7197251}