{"duration": 0.33574604988098145, "input_args": {"smiles": "'CC=CCC=CCCC(=O)C1C(O1)C(=O)N'"}, "time": 1743972741.700269}