{"duration": 0.4511868953704834, "input_args": {"smiles": "'CC(C(=O)NC(CCCCN)C(=O)O)NC(=O)C1CCCN1'"}, "time": 1746388533.0483341}