{"duration": 0.35809993743896484, "input_args": {"smiles": "'CC1CN(S(=O)(=O)C2=C(C=C(C=C2)C#CC3=CC=NC=C3)OC1CN(C)C(=O)NC4=CC5=C(C=C4)OCO5)C(C)CO'"}, "time": 1743972717.083619}