{"duration": 0.5844860076904297, "input_args": {"smiles": "'CC(C)(C)c1cnc(CSc2cnc(NC(=O)C3CCNCC3)s2)o1'"}, "time": 1746395175.9969192}