{"duration": 0.6596200466156006, "input_args": {"smiles": "'CCC1(C2=C(COC1=O)C(=O)N3CC4=C(C5=CC=CC=C5N=C4C3=C2)C=NNC(=O)C[N+]6=CC=CC=C6)O.[Cl-]'"}, "time": 1746395418.3847392}