{"duration": 0.38604092597961426, "input_args": {"smiles": "'CN1C2=C(C=C(C=C2)N(CCCl)CCCl)N=C1CCCC(=O)O.Cl'"}, "time": 1746310050.033657}