{"duration": 0.411470890045166, "input_args": {"smiles": "'CN1C=C(C2=C1C=CC=C2OC)C3=C(C(=O)NC3=O)C4=CC(=CC=C4)OC'"}, "time": 1743973977.3841002}