{"duration": 0.3738880157470703, "input_args": {"smiles": "'C=C(CN1CCC2=CC=CC=C2C1)C3=CC=C(C=C3)C=CC(=O)NC4=CC=CC=C4N'"}, "time": 1746315705.209045}