{"duration": 0.47919392585754395, "input_args": {"smiles": "'CCC1(C2=C(COC1=O)C(=O)N3CC4=C(C3=C2)N=C5C=C(C(=CC5=C4)OC)OC)O'"}, "time": 1746310074.872284}