{"duration": 0.3033568859100342, "input_args": {"smiles": "'C1=NNC2=C1C(=O)NC=N2'"}, "time": 1743973776.061621}