{"duration": 0.3990910053253174, "input_args": {"smiles": "'CC1=NC=CC(=C1)C2=CC=C(C=C2)CC(=O)NC3=CC=C(C=C3)C4=CN=CC=C4'"}, "time": 1746308370.1022332}