{"duration": 0.5086851119995117, "input_args": {"smiles": "'C[C@H](Nc1ncc(Cl)c(Nc2cc(C)[nH]n2)n1)c1ncc(F)cn1'"}, "time": 1746388549.2645912}