{"duration": 0.448627233505249, "input_args": {"smiles": "'COC1=CC2=C(C=CN=C2C=C1OC)OC3=CC=C(C=C3)NC(=O)C4(CC4)C(=O)NC5=CC=C(C=C5)F'"}, "time": 1746308279.77631}