{"duration": 0.37020277976989746, "input_args": {"smiles": "'CC(C)C[C@H](NC(=O)CNC(=O)c1cc(Cl)ccc1Cl)B(O)O'"}, "time": 1746309911.0891562}