{"duration": 0.45537805557250977, "input_args": {"smiles": "'C1CC1NC(=O)NC2=C(NN=C2)C3=NC4=C(N3)C=C(C=C4)CN5CCOCC5'"}, "time": 1743973917.986794}