{"duration": 0.508713960647583, "input_args": {"smiles": "'C1CC(C2=C(C1)C3=C(N2)C=CC(=C3)Cl)C(=O)N'"}, "time": 1743973466.606571}