{"duration": 0.9654390811920166, "input_args": {"smiles": "'CN1CCN(CC1)c1nc(C2=C(C(=O)NC2=O)c2c[nH]c3ccccc23)c2ccccc2n1'"}, "time": 1746388730.7247438}