{"duration": 0.35092616081237793, "input_args": {"smiles": "'CC1(O)CC(C1)c2nc(c3ccc4ccc(nc4c3)c5ccccc5)c6c(N)nccn26'"}, "time": 1746309981.143899}