{"duration": 0.40221285820007324, "input_args": {"smiles": "'C[C@H](CO)N1C[C@H](C)[C@H](CN(C)Cc2ccc3OCCOc3c2)OCc2cn(CCCC1=O)nn2'"}, "time": 1746388567.893007}