{"duration": 0.408250093460083, "input_args": {"smiles": "'O=C(N1CCNCC1)c1ccc(cc1)\\\\C=C\\\\c1n[nH]c2ccccc12'"}, "time": 1746309899.0988119}