{"duration": 0.35614013671875, "input_args": {"smiles": "'CC(=C(C#N)C(=O)NC1=C(C=CC(=C1)Br)Br)O'"}, "time": 1746308314.14368}