{"duration": 0.3700242042541504, "input_args": {"smiles": "'CN1C=C(C2=CC=CC=C21)C3=C(C(=O)NC3=O)C4=CC=C(C=C4)OCC(CO)O'"}, "time": 1746315845.520875}