{"duration": 0.5064787864685059, "input_args": {"smiles": "'CC1=CC(=C(N1)C=C2C(=CC(=C3C=C4C=CC=CC4=N3)N2)OC)C.CS(=O)(=O)O'"}, "time": 1743972358.310827}