{"duration": 0.3642299175262451, "input_args": {"smiles": "'C[C@@H](CO)N1C[C@@H](C)[C@H](CN(C)C(=O)Nc2cccc3ccccc23)Oc2c(NC(=O)c3ccncc3)cccc2C1=O'"}, "time": 1746309864.03349}