{"duration": 0.49637699127197266, "input_args": {"smiles": "'CCc1c2Cn3c(cc4c(COC(=O)C4(O)CC)c3=O)-c2nc2ccc(O)cc12'"}, "time": 1746388659.859793}