{"duration": 0.4352078437805176, "input_args": {"smiles": "'C1=CC2=NC=CN=C2C=C1C=C3C(=O)NC(=O)S3'"}, "time": 1746388389.355972}