{"duration": 0.3501570224761963, "input_args": {"smiles": "'CC(C)c1ccc(Cn2ccc3c2ccc2nc(NC4CC4)nc(N)c32)cc1'"}, "time": 1746309933.6872041}