{"duration": 0.530311107635498, "input_args": {"smiles": "'C(CCCOS(=O)(=O)N)CCCOS(=O)(=O)N'"}, "time": 1746395360.191398}