{"duration": 0.3860971927642822, "input_args": {"smiles": "'Brc1ccc(OCc2ccccc2Br)c(\\\\C=C2\\\\SC(=S)NC2=O)c1'"}, "time": 1746388650.22823}