{"duration": 0.3899199962615967, "input_args": {"smiles": "'CC(=O)N[C@@H]1C\\\\C=C\\\\CCC(=O)N[C@@H](COC1=O)c1ccccc1'"}, "time": 1746388587.757225}