{"duration": 0.5732190608978271, "input_args": {"smiles": "'CCn1c2nc(\\\\C=C\\\\c3ccc(OC)c(OC)c3)n(C)c2c(=O)n(CC)c1=O'"}, "time": 1746395235.5158389}