{"duration": 0.5054047107696533, "input_args": {"smiles": "'COc1ccc(Cn2ccc3ccc(cc23)C(=O)NO)cc1'"}, "time": 1746388587.3617349}