{"duration": 0.3818778991699219, "input_args": {"smiles": "'C1=CC2=C(C=CC(=C2)C=C3C(=O)NC(=NCCC4=CC=CS4)S3)N=C1'"}, "time": 1746315854.9128902}