{"duration": 0.5316340923309326, "input_args": {"smiles": "'CC1(CC2=CN=C(N=C2C3=C1C(=NN3C)C(=O)NC)NC4=CC(=CC=C4)N5CCN(CC5)C)C'"}, "time": 1746310269.352382}