{"duration": 0.380810022354126, "input_args": {"smiles": "'COC1=C(C=C2C(=C1)C(=NC=N2)NC3=CC(=CC=C3)Cl)OC'"}, "time": 1746315688.242624}