{"duration": 0.38872718811035156, "input_args": {"smiles": "'C1=CC=C(C=C1)CN2C3=CC=CC=C3C(=C(C2=O)C(=O)NCC(=O)O)O'"}, "time": 1743973424.110843}