{"duration": 0.378446102142334, "input_args": {"smiles": "'CN1CC(=O)N(C1=O)CC(=C)C2=CC=C(C=C2)C(=O)NC3=CC=CC=C3N'"}, "time": 1746310143.756768}