{"duration": 0.39921998977661133, "input_args": {"smiles": "'CC1=C(C(=O)N(N1)C2=CC=CC=C2)C(=O)C3=CC=CC=C3'"}, "time": 1743973973.594066}