{"duration": 0.38745808601379395, "input_args": {"smiles": "'CCN(CC)CCCC(C)NC1=NC(=CC(=N1)NC2=CC3=C(C=C(N=C3C=C2)C)N)C'"}, "time": 1743972673.096383}