{"duration": 0.39151692390441895, "input_args": {"smiles": "'C1CNP(=O)(OC1)N(CCCl)CCCl'"}, "time": 1746315582.26669}