{"duration": 0.3976459503173828, "input_args": {"smiles": "'C1=CC=C2C(=C1)C(=CC(=C2O)SCC(=O)O)NS(=O)(=O)C3=CC=C(C=C3)Br'"}, "time": 1743973532.203637}