{"duration": 0.33356308937072754, "input_args": {"smiles": "'[Pt]'"}, "time": 1746309928.099872}