{"duration": 0.5183427333831787, "input_args": {"smiles": "'COc1ccc(cc1)S(=O)(=O)N1CCN(CC1)S(=O)(=O)c1ccc2OCCOc2c1'"}, "time": 1746395135.569601}