{"duration": 0.5034081935882568, "input_args": {"smiles": "'CCC1(C2=C(COC1=O)C(=O)N3CC4=C(C5=CC=CC=C5N=C4C3=C2)C=NNC(=O)C(CC6=CC=C(C=C6)O)N)O.Cl'"}, "time": 1743973859.213824}