{"duration": 0.33025598526000977, "input_args": {"smiles": "'CC1CC(=O)NC2=CC=CC(=C2N1)C3=CC4=C(C=C3)N(N=C4C5=CN(N=C5)C)C'"}, "time": 1743972632.8889081}