{"duration": 0.43666505813598633, "input_args": {"smiles": "'CC1=C(SC(=O)N1C)C2=NC(=NC=C2)NC3=CC=C(C=C3)N4CCNCC4'"}, "time": 1743973551.911089}