{"duration": 0.3991420269012451, "input_args": {"smiles": "'CC(C)(C)NS(=O)(=O)C1=CN=CC(=C1)C2=CN3C(=NC(=N3)N)C(=C2)F'"}, "time": 1743973501.108025}