{"duration": 0.5689198970794678, "input_args": {"smiles": "'C[C@@]1(CCCN1)c1nc2c(cccc2[nH]1)C(N)=O'"}, "time": 1746395288.723964}