{"duration": 0.35647106170654297, "input_args": {"smiles": "'C(C(C(C(C(CBr)O)O)O)O)Br'"}, "time": 1743973792.1374998}