{"duration": 0.403120756149292, "input_args": {"smiles": "'CCN1C2=C(C(=NC=C2OCC3CCCNC3)C#CC(C)(C)O)N=C1C4=NON=C4N'"}, "time": 1743972390.3613892}