{"duration": 0.3560349941253662, "input_args": {"smiles": "'CN1CC[C@H]([C@H](O)C1)c1c(O)cc(O)c2c1oc(cc2=O)-c1ccccc1Cl'"}, "time": 1746309950.071893}