{"duration": 0.4929211139678955, "input_args": {"smiles": "'CC1=NC2=CC=CC=C2C(=N1)N(C)C3=CC=C(C=C3)OC'"}, "time": 1746395491.23021}