{"duration": 0.45084095001220703, "input_args": {"smiles": "'CN1C2N(CCc3c2[nH]c2ccccc32)C(=O)c2ccccc12'"}, "time": 1746309977.1355462}