{"duration": 0.38715100288391113, "input_args": {"smiles": "'Nc1ccc(cc1NC(=O)c1ccc(cc1)C(=O)NCCc1ccncc1)-c1cccs1'"}, "time": 1746388580.350026}