{"duration": 0.3647289276123047, "input_args": {"smiles": "'CCCC1CC(CC(CC2CC(CC(O2)CC(=O)O1)OC(=O)C=CCCC3=COC(=N3)C=CCNC(=O)OC)C)OC'"}, "time": 1743973648.3330612}