{"duration": 0.5735759735107422, "input_args": {"smiles": "'CC(C)c1ccccc1OC(=O)NCCc1ccc2ccccc2c1'"}, "time": 1746395119.277906}