{"duration": 0.3923070430755615, "input_args": {"smiles": "'COc1cc2c(Oc3ccc(NC(=O)C4(CC4)C(=O)Nc4ccc(F)cc4)cc3F)ccnc2cc1OCCCN1CCOCC1'"}, "time": 1746388696.2031648}