{"duration": 0.426361083984375, "input_args": {"smiles": "'CN1C2=C(C(=C(C1=O)F)NC3=C(C=C(C=C3)I)F)C(=O)N(C=N2)CC(CO)O'"}, "time": 1746310186.995158}