{"duration": 0.36928391456604004, "input_args": {"smiles": "'Nc1nc(N)c2nc(-c3cccc(O)c3)c(nc2n1)-c1cccc(O)c1'"}, "time": 1746388664.146415}