{"duration": 0.3255143165588379, "input_args": {"smiles": "'CCC(CC)(C=CCC(C)C1=CCC2C1(CCCC2=CC=C3CC(CC(C3=C)F)O)C)O'"}, "time": 1743973635.101175}