{"duration": 0.3562510013580322, "input_args": {"smiles": "'CC1=C(C=CC(=C1)N(CCOS(=O)(=O)C)CCOS(=O)(=O)C)C=O'"}, "time": 1746310068.996814}