{"duration": 0.40497684478759766, "input_args": {"smiles": "'CC12CCC3C(C1CCC(=O)O2)CCC4=CC(=O)C=CC34C'"}, "time": 1743973779.240482}