{"duration": 0.5340359210968018, "input_args": {"smiles": "'CC(Nc1nc(nc2ccccc12)N1CCCC1)c1ccccc1'"}, "time": 1746395232.951231}