{"duration": 0.4884657859802246, "input_args": {"smiles": "'CNC(=O)N1C=CC2=CC(=C(C=C21)OCCOC)OC3=CC(=NC=C3)NC(=O)C4=CC=C(C=C4)C5CCN(CC5)CCO'"}, "time": 1746395682.0865269}