{"duration": 0.35812902450561523, "input_args": {"smiles": "'CC1CC2=CC=CC=C2N1C(=O)CC3=NC(=CC(=O)N3)N4CCOCC4'"}, "time": 1743974014.368169}