{"duration": 0.5163271427154541, "input_args": {"smiles": "'Cc1cnc(Nc2ccc(OCCN3CCCC3)cc2)nc1Nc1cccc(c1)S(=O)(=O)NC(C)(C)C'"}, "time": 1746395182.050921}