{"duration": 0.45932888984680176, "input_args": {"smiles": "'CC(C)C1=CC=C(C=C1)C2=CC(=O)C3=CC=CC=C3O2'"}, "time": 1746395005.145767}