{"duration": 0.4062349796295166, "input_args": {"smiles": "'COC1=C(C(=C2C(=C1)C(=O)NC(N2)(NC(=O)OC)NC(=O)OC)OC)OC'"}, "time": 1743972612.9834712}