{"duration": 0.44684290885925293, "input_args": {"smiles": "'C1=CC=C(C=C1)C(C2=CC=CC=C2)(C3=CC=CC=C3)SCC(C(=O)O)N'"}, "time": 1746308345.515753}