{"duration": 0.40564703941345215, "input_args": {"smiles": "'Clc1ccc(cc1)C1(CCNCC1)c1ccc(cc1)-c1cn[nH]c1'"}, "time": 1746388548.199117}