{"duration": 0.3321201801300049, "input_args": {"smiles": "'C1=CC=C2C(=C1)C(C(=O)N2)(C3=CC=C(C=C3)O)C4=CC=C(C=C4)O'"}, "time": 1743973784.036028}