{"duration": 0.4626610279083252, "input_args": {"smiles": "'CN1C=C(C2=CC=CC=C21)C3=C(C(=O)NC3=O)C4=CN(C5=CC=CC=C54)CCCCN'"}, "time": 1746395547.030199}