{"duration": 0.5273740291595459, "input_args": {"smiles": "'O=C(N1CCNCC1)c1ccc(cc1)\\\\C=C\\\\c1n[nH]c2ccccc12'"}, "time": 1746395124.924968}