{"duration": 0.3882160186767578, "input_args": {"smiles": "'CCC1(C2=C(COC1=O)C(=O)N3CC4=CC5=CC=CC=C5N=C4C3=C2)OC(=O)CNCC.Cl'"}, "time": 1746315654.984412}