{"duration": 0.4434330463409424, "input_args": {"smiles": "'C1=NC2=C(C(=O)N1)N=CN2C(C=O)OC(CO)C=O'"}, "time": 1746310045.0896199}