{"duration": 0.3497960567474365, "input_args": {"smiles": "'C1COCCN1C2=CC=C(C=C2)NC3=NC=CC(=N3)C4=CC=C(C=C4)C(=O)NCC#N'"}, "time": 1743972778.8740249}