{"duration": 0.3676490783691406, "input_args": {"smiles": "'C1C(C(OC1N2C=NC(=NC2=O)N)CO)O'"}, "time": 1746315606.600446}