{"duration": 0.3501589298248291, "input_args": {"smiles": "'CC1=CC(=C(N1)C=C2C(=CC(=C3C=C4C=CC=CC4=N3)N2)OC)C'"}, "time": 1746315743.564585}