{"duration": 0.4059131145477295, "input_args": {"smiles": "'CC(=C(C#N)C(=O)NC1=C(C=CC(=C1)Br)Br)O'"}, "time": 1746388449.822855}