{"duration": 0.516624927520752, "input_args": {"smiles": "'CC1=C2C=C[N+](=CC2=C(C3=C1NC4=CC=CC=C43)C)C.CS(=O)(=O)[O-]'"}, "time": 1746395366.744816}