{"duration": 0.3971529006958008, "input_args": {"smiles": "'CC(=O)OC1CC2(C(CCC2=O)C3=C1C4(C(OC(=O)C5=COC(=C54)C3=O)COC)C)C'"}, "time": 1746310060.989527}