{"duration": 0.43526601791381836, "input_args": {"smiles": "'CC(Nc1nc(nc2ccccc12)N1CCCC1)c1ccccc1'"}, "time": 1746309976.318039}