{"duration": 0.3673362731933594, "input_args": {"smiles": "'CN(C)CCOC1=CC=C(C=C1)C2=NC(=C(N2)C3=CC=NC=C3)C4=CC5=C(C=C4)C(=NO)CC5'"}, "time": 1746309768.533599}