{"duration": 0.3602478504180908, "input_args": {"smiles": "'Cc1cn(cn1)-c1cc(NC(=O)c2ccc(C)c(Nc3nccc(n3)-c3cccnc3)c2)cc(c1)C(F)(F)F'"}, "time": 1746388713.057939}