{"duration": 0.38251805305480957, "input_args": {"smiles": "'CN1C(=C(C=N1)Cl)C2=C(SC(=C2)C(=O)NC(CC3=CC(=CC=C3)F)CN)Cl'"}, "time": 1746315887.4256792}