{"duration": 0.374035120010376, "input_args": {"smiles": "'C1=CC(=C(C=C1I)F)NC2=C(C=CC(=C2F)F)C(=O)NOCC(CO)O'"}, "time": 1746315736.4299579}