{"duration": 0.5967369079589844, "input_args": {"smiles": "'CC1(C)CC=C(c2cnc3ccccc3c2)c2cc(ccc12)C(=O)Nc1ccc(cc1)C(O)=O'"}, "time": 1746395037.652686}