{"duration": 0.3897058963775635, "input_args": {"smiles": "'CC1=CC(=C(N1)C=C2C(=CC(=C3C=C4C=CC=CC4=N3)N2)OC)C.C(C(C(=O)O)O)(C(=O)O)O'"}, "time": 1743973892.494838}