{"duration": 0.36246418952941895, "input_args": {"smiles": "'CCOC(=O)C(CC(C)C)NC(=O)C(CC1=CC=C(C=C1)N(CCCl)CCCl)NC(=O)C'"}, "time": 1746310055.3065972}