{"duration": 0.33755970001220703, "input_args": {"smiles": "'CC(C)C1=CC=CC=C1OC(=O)NCCC2=CC3=CC=CC=C3C=C2'"}, "time": 1743973588.4015732}