{"duration": 0.44606614112854004, "input_args": {"smiles": "'COc1ccc(cc1CO)-c1ccc2c(nc(nc2n1)N1CCOC[C@@H]1C)N1CCOC[C@@H]1C'"}, "time": 1746309836.713459}