{"duration": 0.4647488594055176, "input_args": {"smiles": "'C1CN(CCN1C(=O)CCBr)C(=O)CCBr'"}, "time": 1746395299.066425}