{"duration": 0.3658111095428467, "input_args": {"smiles": "'CC12CCC3C(C1CCC2OP(=O)(O)O)CCC4=C3C=CC(=C4)OC(=O)N(CCCl)CCCl.[Na+]'"}, "time": 1746310124.778059}