{"duration": 0.33780884742736816, "input_args": {"smiles": "'CN(C)CCN1C(=O)C2=CC=CC3=CC(=CC(=C32)C1=O)N'"}, "time": 1746310071.994998}