{"duration": 0.47698307037353516, "input_args": {"smiles": "'CC(C)NC(=O)C1=CC=C(C=C1)CNNC.Cl'"}, "time": 1746395310.2817862}