{"duration": 0.424407958984375, "input_args": {"smiles": "'CCN(CC)CCCC(C)NC1=C2C=C(C=CC2=NC3=C1C=CC(=C3)Cl)OC.Cl'"}, "time": 1746315579.748482}