{"duration": 0.5343830585479736, "input_args": {"smiles": "'CN1CCN(CC1)C2=CC=C(C3=NO[N+](=C23)[O-])[N+](=O)[O-]'"}, "time": 1743972376.335478}