{"duration": 0.4059619903564453, "input_args": {"smiles": "'C(CCCOS(=O)(=O)N)CCCOS(=O)(=O)N'"}, "time": 1746315638.187361}