{"duration": 0.396557092666626, "input_args": {"smiles": "'Cn1c(CCCC(O)=O)nc2cc(ccc12)N(CCCl)CCCl'"}, "time": 1746309954.15777}