{"duration": 0.4354221820831299, "input_args": {"smiles": "'C1CNCCC1(C2=CC=C(C=C2)C3=CNN=C3)C4=CC=C(C=C4)Cl'"}, "time": 1746308253.392201}