{"duration": 0.36855292320251465, "input_args": {"smiles": "'[Pt]'"}, "time": 1746388651.568934}