{"duration": 0.4916238784790039, "input_args": {"smiles": "'C=C(CN1CCC2=CC=CC=C2C1)C3=CC=C(C=C3)C=CC(=O)NC4=CC=CC=C4N'"}, "time": 1746395440.527754}