{"duration": 0.3449521064758301, "input_args": {"smiles": "'CN(C)N=NC1=C(NC=N1)C(=O)N'"}, "time": 1746310031.454574}