{"duration": 0.4131162166595459, "input_args": {"smiles": "'CC1=CCCC2(C(O2)C3C(CC1)C(=C)C(=O)O3)C'"}, "time": 1743973451.157506}