{"duration": 0.47032618522644043, "input_args": {"smiles": "'CCOC(=O)\\\\C=C/n1nnc(n1)-c1cccc(Cl)c1'"}, "time": 1746395101.689179}