{"duration": 0.36676883697509766, "input_args": {"smiles": "'C1COCCN1C(=O)C2=CC=C(C=C2)NC3=C(N=C(O3)C4=C(C=CC=C4Cl)F)C(=O)N'"}, "time": 1746315936.714429}