{"duration": 0.36679601669311523, "input_args": {"smiles": "'CC(C)[C@H](N(CCCN)C(=O)c1ccc(C)cc1)c1oc2cc(Cl)ccc2c(=O)c1Cc1ccccc1'"}, "time": 1746309932.9685361}