{"duration": 0.4047112464904785, "input_args": {"smiles": "'C1CC(C1)NC2=NC=CC(=C2)C(=O)NCC(CN3CCC4=CC=CC=C4C3)O'"}, "time": 1743972628.548813}