{"duration": 0.38654613494873047, "input_args": {"smiles": "'CC1=CSC(=NC2CCCCC2)N1N=CC3=C(C(=C(C=C3)O)O)O'"}, "time": 1746308316.112349}