{"duration": 0.31665992736816406, "input_args": {"smiles": "'CN1C=C(C2=CC=CC=C21)C3=C(C(=O)NC3=O)C4=C(C=C(C=C4)Cl)Cl'"}, "time": 1743973461.423978}