{"duration": 0.4115147590637207, "input_args": {"smiles": "'CCC1(C2=C(COC1=O)C(=O)N3CC4=CC5=CC=CC=C5N=C4C3=C2)OC(=O)C'"}, "time": 1746310038.983746}