{"duration": 0.5365498065948486, "input_args": {"smiles": "'CCCC(C(=O)NC1=CN(C=N1)C(C)(C)CNCC(C)(C)C)NC2CCC3=C(C2)C(=CC(=C3)F)F'"}, "time": 1746395465.3762481}