{"duration": 0.3665919303894043, "input_args": {"smiles": "'CN(C)CC(=O)NC1CCC(OC1CO)CCNC(=O)NC2=CC=C(C=C2)F'"}, "time": 1743973548.4386492}