{"duration": 0.5473661422729492, "input_args": {"smiles": "'CC(C)C1=C(C=C(C(=C1)C2=NNC(=O)N2C3=CC4=C(C=C3)N(C=C4)C)O)O'"}, "time": 1746395524.6701372}