{"duration": 0.3660550117492676, "input_args": {"smiles": "'CC(C)(C#N)c1ccc(cc1)N1C(=O)OCc2cnc3ccc(cc3c12)-c1cnc2ccccc2c1'"}, "time": 1746309884.36046}