{"duration": 0.34462738037109375, "input_args": {"smiles": "'CN1C=C(C=N1)C2=NN3C(=NN=C3SC4=CC5=C(C=C4)N=CC=C5)C=C2'"}, "time": 1746315757.732605}