{"duration": 0.3975396156311035, "input_args": {"smiles": "'CC(=O)C1=CC(=C(S1)SC2=C(C=C(C=C2)F)F)[N+](=O)[O-]'"}, "time": 1743973523.233087}