{"duration": 0.41654515266418457, "input_args": {"smiles": "'CCOc1cc2ncc(C#N)c(Nc3ccc(OCc4ccccn4)c(Cl)c3)c2cc1NC(=O)\\\\C=C\\\\CN(C)C'"}, "time": 1746388711.8269372}