{"duration": 0.37511587142944336, "input_args": {"smiles": "'CN1C2=NC=NC3=C2C(=CN3C4C(C(C(O4)COP(=O)(O)O)O)O)C(=N1)N'"}, "time": 1746310068.6351092}