{"duration": 0.3622767925262451, "input_args": {"smiles": "'C1=CC2=C(C=C1[N+](=O)[O-])C(=O)N(C3=C2C(=O)C4=C3C=CC(=C4)I)CCCN.Cl'"}, "time": 1746310146.391767}