{"duration": 0.3267247676849365, "input_args": {"smiles": "'C1=CC2=C(C=C(C(=C2N=C1)O)N=NC3=CC4=C(C=C3)C=C(C=C4)S(=O)(=O)O)S(=O)(=O)O'"}, "time": 1743973440.315609}