{"duration": 0.404310941696167, "input_args": {"smiles": "'CC(C1=C(C=NC=C1Cl)Cl)OC2=CC3=C(C=C2)NN=C3C=CC4=CN(N=C4)CCO'"}, "time": 1746315870.944475}