{"duration": 0.34328293800354004, "input_args": {"smiles": "'COC1=C(C=C(C=C1)CS(=O)(=O)C=CC2=C(C=C(C=C2OC)OC)OC)NCC(=O)O'"}, "time": 1743972743.471562}