{"duration": 0.536668062210083, "input_args": {"smiles": "'CC1=C(C=CC=C1O)C(=O)NC(CSC2=CC=CC=C2)C(CN3CC4CCCCC4CC3C(=O)NC(C)(C)C)O'"}, "time": 1746395458.5050602}