{"duration": 0.5012381076812744, "input_args": {"smiles": "'C1COCCN1C(=O)C2=CC=C(C=C2)NC3=C(N=C(O3)C4=C(C=CC=C4Cl)F)C(=O)N'"}, "time": 1746395670.497252}