{"duration": 0.46446990966796875, "input_args": {"smiles": "'CCN1C(=CC2=C3C(=C(N=C21)NC4=NN(C(=C4)C)C)N=CN3C)C(=O)N(C5CC5)C6CC6'"}, "time": 1746310207.29779}