{"duration": 0.39863133430480957, "input_args": {"smiles": "'CC1=CN=C(N1)C2=CN=C(N=C2C3=C(C=C(C=C3)Cl)Cl)NCCNC4=NC=C(C=C4)C#N'"}, "time": 1746309707.1278179}