{"duration": 0.40902280807495117, "input_args": {"smiles": "'COC(=O)C[C@](O)(CCCC(C)(C)O)C(=O)O[C@H]1[C@H]2c3cc4OCOc4cc3CCN3CCC[C@]23C=C1OC'"}, "time": 1746388715.66781}