{"duration": 0.3880808353424072, "input_args": {"smiles": "'CC1CN(C(=O)C2=C(C(=CC=C2)NC(=O)C3=CC=NC=C3)OC1CN(C)CC4=CC5=C(C=C4)OCO5)C(C)CO'"}, "time": 1743973545.9561641}