{"duration": 0.40448522567749023, "input_args": {"smiles": "'COC1=C(C=C(C(=C1)N2C(=O)C3=CC=CC=C3NC2=S)Cl)Cl'"}, "time": 1743972748.87164}