{"duration": 0.33103370666503906, "input_args": {"smiles": "'CNC(=O)c1ccccc1Sc1ccc2c(\\\\C=C\\\\c3ccccn3)n[nH]c2c1'"}, "time": 1746309952.176162}