{"duration": 0.5006749629974365, "input_args": {"smiles": "'COC1=C(C(=C(C=C1)F)F)C(=O)C2=CN=C(N=C2N)NC3CCN(CC3)S(=O)(=O)C'"}, "time": 1746395606.6983511}