{"duration": 0.5067169666290283, "input_args": {"smiles": "'CC(C)n1ncc2c(cc(Br)cc12)C(=O)NCc1c(C)cc(C)[nH]c1=O'"}, "time": 1746388578.43203}