{"duration": 0.5042569637298584, "input_args": {"smiles": "'CC(C)(C)c1ccc(cc1)S(=O)(=O)NCc1ccc(cc1)C(=O)Nc1cccnc1'"}, "time": 1746395179.296291}