{"duration": 0.3676290512084961, "input_args": {"smiles": "'CC(C)C1CC2=C(O1)C=CC3=C2OC4COC5=CC(=C(C=C5C4C3=O)OC)OC'"}, "time": 1746309808.0731578}