{"duration": 0.35822510719299316, "input_args": {"smiles": "'CNC(=O)CN1CCC(CC1)OC2=C(C=C3C(=C2)C(=NC=N3)NC4=C(C(=CC=C4)Cl)F)OC'"}, "time": 1743972445.249376}