{"duration": 0.48956918716430664, "input_args": {"smiles": "'FC(F)(F)Oc1ccc(NC(=O)c2sccc2NCc2ccnc3ccccc23)cc1'"}, "time": 1746395152.10743}