{"duration": 0.35300707817077637, "input_args": {"smiles": "'C1CN(CCN1CCCCl)CCCl.Cl'"}, "time": 1746315641.98145}