{"duration": 0.3288109302520752, "input_args": {"smiles": "'C1=CC=C(C=C1)C2=C(C=CC=N2)C(=O)O'"}, "time": 1743972387.198411}