{"duration": 0.5284647941589355, "input_args": {"smiles": "'CNC(=O)C1=NC=CC(=C1)OC2=CC=C(C=C2)NC(=O)NC3=CC(=C(C=C3)Cl)C(F)(F)F'"}, "time": 1746394955.431917}