{"duration": 0.3333148956298828, "input_args": {"smiles": "'Cc1nc(Nc2ncc(s2)C(=O)Nc2c(C)cccc2Cl)cc(n1)N1CCN(CCO)CC1'"}, "time": 1746388689.721662}