{"duration": 0.5097322463989258, "input_args": {"smiles": "'CC1CN(S(=O)(=O)C2=C(C=C(C=C2)C#CCC3CCCC3)OC1CN(C)CC4=CC=C(C=C4)C(=O)O)C(C)CO'"}, "time": 1743973567.9857888}