{"duration": 0.40952014923095703, "input_args": {"smiles": "'Nc1cccc(c1)S(=O)(=O)N1CCCN(CC1)S(=O)(=O)c1ccc2OCCOc2c1'"}, "time": 1746388631.3941529}