{"duration": 0.4436190128326416, "input_args": {"smiles": "'C1CN2C(=CC=N2)N1'"}, "time": 1746310032.285378}