{"duration": 1.0430679321289062, "input_args": {"smiles": "'COC1=C(C=C(C=C1)F)C(=O)C2=CN=C(N=C2N)NC3CCN(CC3)S(=O)(=O)C'"}, "time": 1746395587.575395}