{"duration": 0.5723421573638916, "input_args": {"smiles": "'CN1C=C(C2=CC=CC=C21)C3=C(C(=O)NC3=O)C4=CC5=CC=CC=C5C=C4'"}, "time": 1746395534.596488}