{"duration": 0.36626625061035156, "input_args": {"smiles": "'CN1CC2=C(C=CC(=C2)NS(=O)(=O)C3=CC=CC=C3OC)NC1=O'"}, "time": 1743972435.4034638}