{"duration": 0.5128588676452637, "input_args": {"smiles": "'CN1C=NC=C1C(C2=CC=C(C=C2)Cl)(C3=CC4=C(C=C3)N(C(=O)C=C4C5=CC(=CC=C5)Cl)C)N'"}, "time": 1746394964.516271}