{"duration": 0.36005401611328125, "input_args": {"smiles": "'C1=CC=C2C(=C1)C(=C(C(=O)C2=O)CC=C(Cl)Cl)O'"}, "time": 1746310046.5961359}