{"duration": 0.3786611557006836, "input_args": {"smiles": "'C=C(CN1CCC2=CC=CC=C2C1)C3=CC=C(C=C3)C(=O)NC4=NC=CN=C4'"}, "time": 1746310140.582239}