{"duration": 0.5194339752197266, "input_args": {"smiles": "'CC1(CN(C2=NC(=NC=C2N(C1=O)C)NC3=C(C=C(C=C3)C(=O)NC4CCCN(C4)C)OC)C5CCCC5)C'"}, "time": 1743973924.864036}