{"duration": 0.41660284996032715, "input_args": {"smiles": "'C=C(CN1CCN(CC1)C2=CC=CC(=C2)C(F)(F)F)C3=CC=C(C=C3)C(=O)NC4=CC=CC=C4N'"}, "time": 1746310134.303133}