{"duration": 0.44490599632263184, "input_args": {"smiles": "'CC(C)S(=O)(=O)C1=CC=CC=C1NC2=NC(=NC=C2Cl)NC3=CC(=CC=C3)NC(=O)CN'"}, "time": 1746310279.279501}