{"duration": 0.36305904388427734, "input_args": {"smiles": "'COC1=C(C=CC(=C1)N2CCC(CC2)N)NC3=NC=C(C(=N3)C4=CNC5=CC=CC=C54)Cl'"}, "time": 1743974007.681949}