{"duration": 0.5188450813293457, "input_args": {"smiles": "'COC1=CC=CC=C1CCN=C2NC(=O)C(=CC3=CC4=C(C=C3)N=CC=C4)S2'"}, "time": 1746395582.8223228}