{"duration": 0.5939829349517822, "input_args": {"smiles": "'CCCCCCCCCCCCCCCC(=O)NC1=NC(=O)N(C=C1)C2C(C(C(O2)CO)O)C#N'"}, "time": 1746395656.8327591}