{"duration": 0.4073171615600586, "input_args": {"smiles": "'CCC1=CN=CN=C1N2CCN(CC2)CC3=NC4=C(N3)C=C(C=C4)C(F)(F)F'"}, "time": 1746388464.274962}