{"duration": 0.4420740604400635, "input_args": {"smiles": "'CNC(=O)N1C=CC2=CC(=C(C=C21)OCCOC)OC3=CC(=NC=C3)NC(=O)C4=CC=C(C=C4)C5CCN(CC5)CCO'"}, "time": 1746315948.876839}