{"duration": 0.4936361312866211, "input_args": {"smiles": "'NC(CSC(c1ccccc1)(c2ccccc2)c3ccccc3)C(=O)O'"}, "time": 1746314784.276429}