{"duration": 0.36694908142089844, "input_args": {"smiles": "'CN1C=C(C2=CC=CC=C21)C3=C(C(=O)NC3=O)C4=CC=C(C=C4)OC'"}, "time": 1746310210.712296}