{"duration": 0.4335300922393799, "input_args": {"smiles": "'CNC(=O)c1cc(Oc2ccc(NC(=O)Nc3ccc(Cl)c(c3)C(F)(F)F)c(F)c2)ccn1'"}, "time": 1746309999.8263412}