{"duration": 0.37694597244262695, "input_args": {"smiles": "'CC1=CC=C(C=C1)C2=CC(=NN2C3=CC=C(C=C3)S(=O)(=O)N)C(F)(F)F'"}, "time": 1746315697.476782}