{"duration": 0.32713770866394043, "input_args": {"smiles": "'CCCCCCCCCCCC1=C(C(=O)C=C(C1=O)O)O'"}, "time": 1743973409.894133}