{"duration": 0.567802906036377, "input_args": {"smiles": "'C=C(CN1CCC2=CC=CC=C2C1)C3=CC=C(C=C3)CCC(=O)NC4=CC=CC=C4N'"}, "time": 1746395440.0327702}