{"duration": 0.5272557735443115, "input_args": {"smiles": "'Nc1ncn([C@@H]2O[C@H](CO)[C@@H](O)[C@H]2O)c(=O)n1'"}, "time": 1746395196.279946}