{"duration": 0.4375312328338623, "input_args": {"smiles": "'COC1=NC(=NC2=C1N=CN2C3C(C(C(O3)CO)O)O)N'"}, "time": 1743972610.689383}