{"duration": 0.32679104804992676, "input_args": {"smiles": "'CC1C(C(CC(O1)OC2CC(CC3=C2C(=C4C(=C3O)C(=O)C5=C(C4=O)C(=CC=C5)OC)O)(C(=O)CO)O)N)O'"}, "time": 1743972328.065025}