{"duration": 0.3735959529876709, "input_args": {"smiles": "'CC1=CC(=C(C=C1)F)NC(=O)NC2=CC=C(C=C2)C3=C4C(=CC=C3)NN=C4N'"}, "time": 1746309739.2800891}