{"duration": 0.3752267360687256, "input_args": {"smiles": "'CN1C=C(C=N1)NC2=NC3=C(C(=CN3)Cl)C(=N2)OCC4CN(CC4OC)C(=O)C=C'"}, "time": 1746315950.492804}