{"duration": 0.44252610206604004, "input_args": {"smiles": "'CCC(=O)OC1CCC2C1(CCC3C2CCC4C3(CC(C(=O)C4)C)C)C'"}, "time": 1743973777.983649}