{"duration": 0.5757639408111572, "input_args": {"smiles": "'C1=CC=C(C(=C1)C(C2=CC=C(C=C2)Cl)C(Cl)Cl)Cl'"}, "time": 1746395303.482232}