{"duration": 0.4850599765777588, "input_args": {"smiles": "'C1COCCN1C2=NC(=NC(=N2)N3C4=CC=CC=C4N=C3C(F)F)N5CCOCC5'"}, "time": 1746309798.95917}