{"duration": 0.31214213371276855, "input_args": {"smiles": "'C1=CN=CC=C1C(=O)NO'"}, "time": 1743972743.787499}