{"duration": 0.3741109371185303, "input_args": {"smiles": "'COC1=C(C(=C(C=C1)F)F)C(=O)C2=CN=C(N=C2N)NC3CCN(CC3)S(=O)(=O)C'"}, "time": 1746315875.1590421}