{"duration": 0.37672996520996094, "input_args": {"smiles": "'CC1CN(CC(N1)C)C(=O)C2=CC=C(C=C2)NC(=O)C3=NN=C(C(=C3)OC(C)C4=C(C=CC(=C4Cl)F)Cl)N'"}, "time": 1746315929.0429099}