{"duration": 0.3418269157409668, "input_args": {"smiles": "'CC(C)S(=O)(=O)C1=CC=CC=C1NC2=CC(=NC3=C2C=CN3)NC4=NC=C(C=C4)C(=O)NC'"}, "time": 1743973420.987434}