{"duration": 0.3386111259460449, "input_args": {"smiles": "'COC1=CC=CC=C1C(=O)C2=CN=C(N=C2N)NC3CCN(CC3)S(=O)(=O)C'"}, "time": 1743973987.2792761}