{"duration": 0.3950979709625244, "input_args": {"smiles": "'CN(C)C(=O)N1C(=NN=N1)CC2=CC=C(C=C2)C3=CC=CC=C3'"}, "time": 1743972724.591016}