{"duration": 0.4001889228820801, "input_args": {"smiles": "'CC(=NNC(=S)N1CCC1)C2=CC=CC=N2'"}, "time": 1746315636.143718}