{"duration": 0.5076251029968262, "input_args": {"smiles": "'Clc1ccc(cc1)C1(CCNCC1)c1ccc(cc1)-c1cn[nH]c1'"}, "time": 1746395029.5537379}