{"duration": 0.34359192848205566, "input_args": {"smiles": "'CCOc1ccccc1C1CC(=O)Nc2cc3OCOc3cc12'"}, "time": 1746388608.7358642}