{"duration": 0.3613271713256836, "input_args": {"smiles": "'CC1=C(C(CCC1)(C)C)C=CC(=CC=CC(=CC(=O)NC2=CC=C(C=C2)O)C)C'"}, "time": 1743973833.2699609}