{"duration": 0.35720181465148926, "input_args": {"smiles": "'C1=CC(=CC=C1C2=CC(=C(S2)NC(=O)N)C(=O)N)F'"}, "time": 1743973471.09889}