{"duration": 0.34856605529785156, "input_args": {"smiles": "'CC(=O)Nc1nc(C)c(s1)-c1ccc(Cl)c(c1)S(=O)(=O)NCCO'"}, "time": 1746388647.9570901}