{"duration": 0.4158799648284912, "input_args": {"smiles": "'CCCCc1ccc2[nH]c(NC(=O)OC)nc2c1'"}, "time": 1746388718.230289}