{"duration": 0.38359594345092773, "input_args": {"smiles": "'C1=CC=C(C=C1)C2=NN3C=CC=CC3=C2C4=CC5=C(NN=C5N=N4)N'"}, "time": 1746388427.924875}