{"duration": 0.36747288703918457, "input_args": {"smiles": "'C1=CC2=C(C=C1CNC3=CC(=C(C=C3)C(=O)NC(CC(=O)O)C(=O)O)Cl)C(=NC(=N2)N)N'"}, "time": 1746310048.447155}