{"duration": 0.41394686698913574, "input_args": {"smiles": "'CC1=C(C=C(C=C1)NC(=O)C2=CC(=C(C=C2)CN3CCC(C3)N(C)C)C(F)(F)F)NC4=NC=C(C=N4)C5=CN=CN=C5'"}, "time": 1746310267.601535}