{"duration": 0.4006218910217285, "input_args": {"smiles": "'CC(C(=O)Nc1cccc(c1)\\\\N=C\\\\c1c(O)ccc2ccccc12)c1ccccc1'"}, "time": 1746310000.9825852}