{"duration": 0.32698917388916016, "input_args": {"smiles": "'C1=CC(=C(C=C1C=CC2=CC(=CC(=C2)O)O)O)O'"}, "time": 1743973831.015209}