{"duration": 0.4224677085876465, "input_args": {"smiles": "'CC1=CC(=NN1)NC2=CC(=NC(=N2)SC3=CC=C(C=C3)NC(=O)C4CC4)N5CCN(CC5)C'"}, "time": 1743972336.778198}