{"duration": 0.43076395988464355, "input_args": {"smiles": "'CC(C=C(C)C=CC(=O)NO)C(=O)C1=CC=C(C=C1)N(C)C'"}, "time": 1743973478.7917252}