{"duration": 0.4338192939758301, "input_args": {"smiles": "'C1=CC(=CC=C1C2=CC(=C(S2)NC(=O)N)C(=O)N)F'"}, "time": 1746309777.45507}