{"duration": 0.36266303062438965, "input_args": {"smiles": "'COC1=C(C(=C2C(=C1)C(=O)NC(N2)(NC(=O)OC)NC(=O)OC)OC)OC'"}, "time": 1743973510.1516318}