{"duration": 0.4591958522796631, "input_args": {"smiles": "'NC(=O)Nc1cc(sc1C(=O)N[C@H]1CCCNC1)-c1cccc(F)c1'"}, "time": 1746309836.262672}