{"duration": 0.357252836227417, "input_args": {"smiles": "'CN(C)CCCNc1c2ccccc2n(C)c2nc(=O)n(C)c(=O)c12'"}, "time": 1746309892.477118}