{"duration": 0.3541240692138672, "input_args": {"smiles": "'CC(=CC(=O)NC1=CC=CC=C1C(=O)O)C2=CC3=CC=CC=C3C=C2'"}, "time": 1746309806.6012852}