{"duration": 0.5094850063323975, "input_args": {"smiles": "'CC1(CC2=C(C(=O)C1)C(=NN2C3=CC(=C(C=C3)C(=O)N)NC4CCC(CC4)O)C(F)(F)F)C'"}, "time": 1746394954.9007769}