{"duration": 0.5072319507598877, "input_args": {"smiles": "'CN1C=C(C2=CC=CC=C21)C3=C(C(=O)NC3=O)C4=CC(=CC=C4)OC'"}, "time": 1746395553.014504}