{"duration": 0.3392179012298584, "input_args": {"smiles": "'CCN1C(=O)C2=CC(=C(N=C2N(C1=O)C3CC3)N)C(=O)N'"}, "time": 1743972333.0474272}