{"duration": 0.5231831073760986, "input_args": {"smiles": "'CCCCCCCCCCCCCCCCCCOP(=O)([O-])OC1CC[N+](CC1)(C)C'"}, "time": 1746395401.6741362}