{"duration": 0.38995909690856934, "input_args": {"smiles": "'CCOC(=O)NC(=O)C(=C\\\\c1ccc(Cl)c(Cl)c1)\\\\C#N'"}, "time": 1746309886.276607}