{"duration": 0.35133910179138184, "input_args": {"smiles": "'COC1=CC=C2C(=CC1=O)[C@H](CCc3cc(OC)c(OC)c(OC)c23)NC(=O)C'"}, "time": 1746314767.8598888}