{"duration": 0.3387160301208496, "input_args": {"smiles": "'CCC(C(=O)NC1=CC=CC=C1OC)SC2=NC3=C(C4=CC=CC=C4N3CC)N=N2'"}, "time": 1743974032.615893}