{"duration": 0.341937780380249, "input_args": {"smiles": "'C1CC(=O)NC2=NC=CC(=C21)OC3=CC4=C(C=C3)OC5C4C5C6=NC7=C(N6)C=C(C=C7)C(F)(F)F'"}, "time": 1743974041.014101}