{"duration": 0.538395881652832, "input_args": {"smiles": "'C1COCCN1C2=CC=C(C=C2)NC3=NC(=CN4C3=NC=C4)C5=CC6=C(C=C5)C=NN6'"}, "time": 1746394997.644202}