{"duration": 0.3979489803314209, "input_args": {"smiles": "'CC1CC(CN(C1)C2=CC(=C3C4=C(C5=CC=CC=C5C3=O)ON=C24)NC6=CC=CC=C6C(=O)O)C'"}, "time": 1743972672.704677}