{"duration": 0.33951497077941895, "input_args": {"smiles": "'C1COCCN1CCOC2=CC=C(C=C2)C3=CN=C(C=C3)CC(=O)NCC4=CC=CC=C4'"}, "time": 1743973591.6363678}