{"duration": 0.412600040435791, "input_args": {"smiles": "'CCN(CC1=NSC(=C1)NC2=NC(=CN3C2=NC=C3C4=CNN=C4)C)C(C)(C)CO'"}, "time": 1746310188.2579572}