{"duration": 0.398043155670166, "input_args": {"smiles": "'CC1=CC(=C(N1)C=C2C(=CC(=C3C=C4C=CC=CC4=N3)N2)OC)C'"}, "time": 1743972705.5687318}