{"duration": 0.6087696552276611, "input_args": {"smiles": "'CC1=NOC2=C1C3=CC=CC=C3C(=NC2CC(=O)N)C4=CC=C(C=C4)Cl'"}, "time": 1746395640.795102}