{"duration": 0.39049696922302246, "input_args": {"smiles": "'CCNC(=O)C1=NOC(=C1C2=CC=C(C=C2)CN3CCOCC3)C4=CC(=C(C=C4O)O)C(C)C'"}, "time": 1746309740.0829818}