{"duration": 0.37433290481567383, "input_args": {"smiles": "'NC1=NC(=O)N(C=C1)C2OC(CO)C(O)C2O'"}, "time": 1746314780.5660841}