{"duration": 0.3598289489746094, "input_args": {"smiles": "'C1CC(NCC1Cl)C2C(=O)NC(C(=O)N2)C3CCC(CN3)Cl.Cl'"}, "time": 1746310049.63975}