{"duration": 0.3366267681121826, "input_args": {"smiles": "'CN1C(=O)N2C=NC(=C2N=N1)C(=O)N'"}, "time": 1743973474.1191308}