{"duration": 0.4018898010253906, "input_args": {"smiles": "'CC1CC(C2=C1C(=NC=N2)N3CCN(CC3)C(=O)C(CNC(C)C)C4=CC=C(C=C4)Cl)O'"}, "time": 1746388525.197907}