{"duration": 0.3542630672454834, "input_args": {"smiles": "'CC1=C(C(CCC1)(C)C)C=CC(=CC=CC(=CC(=O)NC2=CC=C(C=C2)O)C)C'"}, "time": 1746315650.376909}