{"duration": 0.5081560611724854, "input_args": {"smiles": "'CCOC1=CC=CC=C1N=NC2=C(NN(C2=O)C3=NC(=CS3)C4=CC=CC=C4)C'"}, "time": 1746394846.392992}