{"duration": 0.4039597511291504, "input_args": {"smiles": "'CC(C)CC(=O)NC1=NNC2=C1CN(C2(C)C)C(=O)C3CCN(CC3)C'"}, "time": 1743972386.061483}