{"duration": 0.37416672706604004, "input_args": {"smiles": "'CC(C)(C)OC(=O)Nc1ccc(cc1)-c1cc(no1)C(=O)NCCCCCCC(=O)NO'"}, "time": 1746388617.460119}