{"duration": 0.35975003242492676, "input_args": {"smiles": "'CC1=C(C=CC2=C1C(=NC(=N2)N)N)CNC3=CC(=C(C=C3)Cl)C(=O)NC(CC(=O)O)C(=O)O'"}, "time": 1746310048.075679}