{"duration": 0.3713688850402832, "input_args": {"smiles": "'COC1=C(NC=C1)C=C2C3=C(C=CC(=C3C#CC4(CCOCC4)O)F)NC2=O'"}, "time": 1746310230.192398}