{"duration": 0.3924129009246826, "input_args": {"smiles": "'CC(C)CNc1ccnc(NCc2csc(n2)-c2ccccc2)n1'"}, "time": 1746309896.715057}