{"duration": 0.41541504859924316, "input_args": {"smiles": "'COC1=C(C=C(C=C1)N(C(C2=CC=CS2)C(=O)NCCC3=CC=CC=C3)C(=O)CCl)Cl'"}, "time": 1743973598.298143}