{"duration": 0.3699350357055664, "input_args": {"smiles": "'CC1=CC(=CC2=C1N=C(N2)C3=C(C=CNC3=O)NCC(C4=CC(=CC=C4)Cl)O)N5CCOCC5'"}, "time": 1743972325.6446579}