{"duration": 0.34343481063842773, "input_args": {"smiles": "'CC(=O)CCCCCC(C(=O)NC1CCCCN1C)C(=O)NC2=NC(=CS2)C3=CC=CC=C3'"}, "time": 1743973543.8871648}