{"duration": 0.3873319625854492, "input_args": {"smiles": "'CCN(CC)CCNC(=O)C1=C(NC(=C1C)C=C2C3=C(C=CC(=C3)F)NC2=O)C'"}, "time": 1746388489.037266}