{"duration": 0.32614994049072266, "input_args": {"smiles": "'CC1=CN2C(=O)C=C(N=C2C(=C1)C(C)NC3=CC=CC=C3C(=O)O)N4CCOCC4'"}, "time": 1743973380.517358}