{"duration": 0.4605438709259033, "input_args": {"smiles": "'NC(=O)Nc1sc(cc1C(N)=O)-c1ccc(F)cc1'"}, "time": 1746388665.38391}