{"duration": 0.3490769863128662, "input_args": {"smiles": "'CN1C=C(C2=CC=CC=C21)C3=C(C(=O)NC3=O)C4=CN(C5=CC=CC=C54)CCCCC(=N)N'"}, "time": 1743973961.240414}