{"duration": 0.5388901233673096, "input_args": {"smiles": "'O=c1n(Cc2ccccc2)c(\\\\C=C\\\\c2cccnc2)nc2ccccc12'"}, "time": 1746309837.255739}