{"duration": 0.5566878318786621, "input_args": {"smiles": "'CC1CCC\\\\C=C/C2CC(O)CC2C(O)\\\\C=C/C(=O)O1'"}, "time": 1746395203.792984}