{"duration": 0.344012975692749, "input_args": {"smiles": "'C1=CC2=C(C=CC(=C2)C=C3C(=O)NC(=NCC4=CC=CS4)O3)N=C1'"}, "time": 1743973990.633394}