{"duration": 0.39852285385131836, "input_args": {"smiles": "'CC1=C(C=C(C=C1)C(=O)NC2=CC=CC(=C2)C(F)(F)F)NC3=C4C=NN(C4=NC(=N3)C5=CN=CC=C5)C'"}, "time": 1743972384.418537}