{"duration": 0.3375720977783203, "input_args": {"smiles": "'C1=CC=C(C=C1)CC(CO)N=C2NC(=O)C(=CC3=CC4=C(C=C3)N=CC=C4)S2'"}, "time": 1743973986.938242}