{"duration": 0.41739988327026367, "input_args": {"smiles": "'C1=NC2=C(N1)C(=S)N=C(N2)N'"}, "time": 1746315574.489009}