{"duration": 0.3964650630950928, "input_args": {"smiles": "'NC(=S)N\\\\N=C\\\\c1ccc(O)cn1'"}, "time": 1746315260.730303}