{"duration": 0.4034740924835205, "input_args": {"smiles": "'CCC1=CC2=C(C=C1N3CCC(CC3)N4CCOCC4)C(C5=C(C2=O)C6=C(N5)C=C(C=C6)C#N)(C)C'"}, "time": 1743972380.4274518}