{"duration": 0.3553318977355957, "input_args": {"smiles": "'CN1CCC(CC1)NC(=O)C2=CC(=C(C=C2)NC3=NC=C4C(=N3)N(CC(C(=O)N4C)(F)F)C5CCCC5)OC'"}, "time": 1743973927.115562}