{"duration": 0.4448277950286865, "input_args": {"smiles": "'CC(=O)C1=CC(=C(S1)SC2=C(C=C(C=C2)F)F)[N+](=O)[O-]'"}, "time": 1746308397.5393212}