{"duration": 0.4333610534667969, "input_args": {"smiles": "'CCCC(C1=CN=CC=C1)NC2=NC(=NC=C2C)C3=CC(=C(C=C3)NC(=O)NCC)OC'"}, "time": 1746310173.1931489}