{"duration": 0.4063098430633545, "input_args": {"smiles": "'C1=CC2=C(C=CC(=C2)C=C3C(=O)NC(=NCC4=CC=CS4)S3)N=C1'"}, "time": 1746388475.8002229}