{"duration": 0.3835320472717285, "input_args": {"smiles": "'Cc1ccccc1C(N(C(=O)Cc1ccncc1)c1cccc(F)c1)C(=O)NC1CCCCC1'"}, "time": 1746388557.445745}