{"duration": 0.3691987991333008, "input_args": {"smiles": "'CC1CN(C(=O)C2=C(C=CC(=C2)N(C)C)OC1CN(C)C(=O)NC(C)C)C(C)CO'"}, "time": 1743973551.4678552}