{"duration": 0.5417170524597168, "input_args": {"smiles": "'Cc1cnc2c(NCCN)nc3ccc(C)cc3n12'"}, "time": 1746395038.669827}