{"duration": 0.34758615493774414, "input_args": {"smiles": "'CCN(CC)C1=CC=C(C=C1)C2=NNC(=O)CC2C'"}, "time": 1743972790.078887}