{"duration": 0.4703061580657959, "input_args": {"smiles": "'C1CC1C2=NC=C(C=N2)C3=CC4=C(NC=C4C(=O)C5=C(C=CC(=C5F)NS(=O)(=O)N6CCC(C6)F)F)N=C3'"}, "time": 1746310313.918677}