{"duration": 0.40725040435791016, "input_args": {"smiles": "'NC1=NC(=S)c2ncn(C3CC(O)C(CO)O3)c2N1'"}, "time": 1746315251.225705}