{"duration": 0.5846383571624756, "input_args": {"smiles": "'CC1(C)CCN(CC1)c1ccc(cc1)C(=O)NS(=O)(=O)c1ccc(NCCSc2ccccc2)c(c1)[N+]([O-])=O'"}, "time": 1746395180.38751}