{"duration": 0.4041590690612793, "input_args": {"smiles": "'C1=NC2=C(N1)C(=S)N=CN2'"}, "time": 1743973774.940383}