{"duration": 0.3756396770477295, "input_args": {"smiles": "'CN1CCN(CC1)C2=CC=C(C=C2)NC3=NC(=C(S3)C(=O)C4=CC5=C(C=C4)OCCO5)N'"}, "time": 1746310236.083393}