{"duration": 0.4798152446746826, "input_args": {"smiles": "'CC1CCC(CC1)NC(=O)N(CCCl)N=O'"}, "time": 1746395314.310007}