{"duration": 0.5095548629760742, "input_args": {"smiles": "'COC1=CC=CC=C1C(=O)C2=CN=C(N=C2N)NC3CCN(CC3)S(=O)(=O)C'"}, "time": 1746310250.7165408}