{"duration": 0.4489738941192627, "input_args": {"smiles": "'CCCCNCC(=O)OC1(C2=C(COC1=O)C(=O)N3CC4=CC5=CC=CC=C5N=C4C3=C2)CC.Cl'"}, "time": 1743973839.352792}