{"duration": 0.3670787811279297, "input_args": {"smiles": "'C1CC(C1)(C(=O)O)C(=O)O.[NH2-].[NH2-].[Pt+2]'"}, "time": 1746309959.227781}