{"duration": 0.5486793518066406, "input_args": {"smiles": "'CC1(CC2=C(C(=O)C1)C(=NN2C3=CC(=C(C=C3)C(=O)N)NC4CCC(CC4)OC(=O)CN)C(F)(F)F)C'"}, "time": 1746395600.0511649}