{"duration": 0.4925410747528076, "input_args": {"smiles": "'COC1=C(C=C(C=C1)CS(=O)(=O)C=CC2=C(C=C(C=C2OC)OC)OC)NCC(=O)[O-]'"}, "time": 1746395463.823885}