{"duration": 0.394942045211792, "input_args": {"smiles": "'CC(=O)OC1CC2(C(CCC2=O)C3=C1C4(C(OC(=O)C5=COC(=C54)C3=O)COC)C)C'"}, "time": 1746315621.1273081}