{"duration": 0.5644900798797607, "input_args": {"smiles": "'C1COCCN1C2=CC=C(C=C2)NC3=NC=CC(=N3)C4=CC=C(C=C4)C(=O)NCC#N'"}, "time": 1746395594.297488}