{"duration": 0.453812837600708, "input_args": {"smiles": "'CN1CCN(CC1)CCCOC2=C(C=C3C(=C2)N=CC(=C3NC4=CC(=C(C=C4Cl)Cl)OC)C#N)OC'"}, "time": 1746308273.2222679}