{"duration": 0.42904186248779297, "input_args": {"smiles": "'C1=CC(=CC(=C1)N)C2=CC3=C(N2)N=CN=C3OC4=CC=CC(=C4)O'"}, "time": 1743973472.3421838}