{"duration": 0.5072660446166992, "input_args": {"smiles": "'O=c1cc(oc(c1)-c1cccc2Sc3ccccc3Sc12)N1CCOCC1'"}, "time": 1746395123.655593}