{"duration": 0.4621739387512207, "input_args": {"smiles": "'Cc1cc2nc(NCCCO)n(CC(=O)c3cc(c(O)c(c3)C(C)(C)C)C(C)(C)C)c2cc1C'"}, "time": 1746309905.8969421}