{"duration": 0.4112370014190674, "input_args": {"smiles": "'Cc1[nH]c2ccccc2c1C(Nc1ccccn1)c1ccc(Cl)cc1'"}, "time": 1746309876.801887}