{"duration": 0.4597969055175781, "input_args": {"smiles": "'C1=CC=C(C=C1)CNC2=NC(=NC3=CC=CC=C32)NCC4=CC=CC=C4'"}, "time": 1743972746.618172}