{"duration": 0.5030910968780518, "input_args": {"smiles": "'CN(C)C(=O)n1nnnc1Cc1ccc(cc1)-c1ccccc1'"}, "time": 1746395129.122001}