{"duration": 0.35498690605163574, "input_args": {"smiles": "'CC(C)(CCCC(CC(=O)OC)(C(=O)OC1C2C3=CC4=C(C=C3CCN5C2(CCC5)C=C1OC)OCO4)O)O'"}, "time": 1743972767.054317}