{"duration": 0.3747539520263672, "input_args": {"smiles": "'COC1=CC(=C(C(=C1NS(=O)(=O)C2(CC2)CC(CO)O)NC3=C(C=C(C=C3)I)F)F)F'"}, "time": 1746388476.732824}