{"duration": 0.5149309635162354, "input_args": {"smiles": "'CN1CCN(CC1)C(=O)C[C@@H]1O[C@H](CO)[C@@H](NS(=O)(=O)c2cccc(F)c2)C=C1'"}, "time": 1746395044.513566}