{"duration": 0.40873098373413086, "input_args": {"smiles": "'CC1=CC=C(C=C1)C(=O)CN2C3=C(CCCC3)SC2=N.Br'"}, "time": 1743972757.887559}