{"duration": 0.3234851360321045, "input_args": {"smiles": "'CN(C)CCCN1C2=C3C(=C(C=C2)[N+](=O)[O-])NC4=C(C3=N1)C=C(C=C4)OC.CS(=O)(=O)O'"}, "time": 1743973831.340993}