{"duration": 0.3535900115966797, "input_args": {"smiles": "'CN\\\\C(NCCSCc1nc[nH]c1C)=N/C#N'"}, "time": 1746388684.7603352}