{"duration": 0.38024187088012695, "input_args": {"smiles": "'NS(=O)(=O)OC[C@@H]1C[C@H](C[C@@H]1O)n1ccc2c(N[C@H]3CCc4ccccc34)ncnc12'"}, "time": 1746388719.379415}