{"duration": 0.40360379219055176, "input_args": {"smiles": "'CC1=[N+](C2=C(N1CCOC)C(=O)C3=CC=CC=C3C2=O)CC4=NC=CN=C4'"}, "time": 1743973900.88688}