{"duration": 0.34568190574645996, "input_args": {"smiles": "'CN1C(=O)C(NC1=S)CC2=CNC3=CC=CC=C32'"}, "time": 1743972668.465749}