{"duration": 0.5656039714813232, "input_args": {"smiles": "'COC(=O)c1cc(CN2CCN(CC2)C(N)=N)cc(c1)C(=O)N1CCN(CC1)C(=O)c1ccc(cc1)C(N)=N'"}, "time": 1746395092.157923}