{"duration": 0.4784209728240967, "input_args": {"smiles": "'C[C@]12CC[C@H]3[C@@H](CC=C4C[C@@H](O)CC[C@]34C)[C@@H]1CC=C2c1cccnc1'"}, "time": 1746395191.130131}