{"duration": 0.5442042350769043, "input_args": {"smiles": "'Nc1ncnc2n(cc(-c3cccc(OCc4ccccc4)c3)c12)[C@H]1C[C@H](CN2CCCC2)C1'"}, "time": 1746395148.972297}