{"duration": 0.35902905464172363, "input_args": {"smiles": "'CC(=O)N1CCC(CC1)C(=O)Nc1cc(ccc1N)-c1cccs1'"}, "time": 1746309865.548975}