{"duration": 0.33544087409973145, "input_args": {"smiles": "'C1=CC=C(C(=C1)C(C2=CC=C(C=C2)Cl)C(Cl)Cl)Cl'"}, "time": 1746310031.104749}