{"duration": 0.4133620262145996, "input_args": {"smiles": "'CCCCCCCCC1C(C(=C)C(=O)O1)C(=O)O'"}, "time": 1743972402.302659}