{"duration": 0.4060039520263672, "input_args": {"smiles": "'COC1=C(C(=C2C(=C1)CCC(C3=CC(=O)C(=CC=C32)SC)NC(=O)C(F)(F)F)OC)OC'"}, "time": 1746315636.554541}