{"duration": 0.5179388523101807, "input_args": {"smiles": "'Cc1ccc2N=C3N(CCC3(O)C(=O)c2c1)c1ccccc1'"}, "time": 1746395201.105699}