{"duration": 0.6055240631103516, "input_args": {"smiles": "'COC1=CC=C(C=C1)C(=O)CC2(C3=C(C=CC(=C3NC2=O)Cl)Cl)O'"}, "time": 1743972436.850726}