{"duration": 0.5773890018463135, "input_args": {"smiles": "'CC(=CCC(C1=CC(=O)C2=C(C=CC(=C2C1=O)O)O)O)C'"}, "time": 1746394953.2563992}