{"duration": 0.5781509876251221, "input_args": {"smiles": "'CC(C)(C)CN1CCN2C3=C(C(=NC=C3)N)N=C2S1'"}, "time": 1746395505.7243059}