{"duration": 0.48615407943725586, "input_args": {"smiles": "'CCC[C@H](NC(=O)C(=C\\\\c1cccc(Br)n1)\\\\C#N)c1ccccc1'"}, "time": 1746395187.3392892}