{"duration": 0.4102787971496582, "input_args": {"smiles": "'COCCNCCC1=CC(=CC=C1)NC2=NC=C3CC(C4=CC=CC=C4C3=N2)C5=CC=CC=C5F'"}, "time": 1743974039.5069902}