{"duration": 0.3794429302215576, "input_args": {"smiles": "'CCC1(C2=C(COC1=O)C(=O)N3CC4=C(C5=CC=CC=C5N=C4C3=C2)Cl)O'"}, "time": 1743973809.72333}