{"duration": 0.3683590888977051, "input_args": {"smiles": "'ClCCN(CCCl)P1(=O)NCCCO1'"}, "time": 1746309964.3661718}