{"duration": 0.3319079875946045, "input_args": {"smiles": "'C1CN(CCN1C2=NC=C(C=N2)C(=O)NO)S(=O)(=O)C3=CC4=CC=CC=C4C=C3'"}, "time": 1743974002.7832808}