{"duration": 0.41454005241394043, "input_args": {"smiles": "'C1CCC(CC1)NC(=O)N(CCCl)N=O'"}, "time": 1746315592.406139}