{"duration": 0.40428805351257324, "input_args": {"smiles": "'CC1=C(C(CCC1)(C)C)C=CC(=CC=CC(=CC(=O)O)C)C'"}, "time": 1743972412.99358}