{"duration": 0.3388333320617676, "input_args": {"smiles": "'C1CC1CONC(=O)C2=C(C(=C(C=C2)F)F)NC3=C(C=C(C=C3)I)Cl'"}, "time": 1743972413.746052}