{"duration": 0.35414791107177734, "input_args": {"smiles": "'CN1CC2=C(C=CC(=C2)NS(=O)(=O)C3=CC=CC=C3OC)NC1=O'"}, "time": 1746388464.633816}