{"duration": 0.41460514068603516, "input_args": {"smiles": "'C1CN1c2nc(nc(n2)N3CC3)N4CC4'"}, "time": 1746315240.691115}