{"duration": 0.5958309173583984, "input_args": {"smiles": "'Cn1cc(cn1)-c1ccc2nnc(Sc3ccc4ncccc4c3)n2n1'"}, "time": 1746395172.59768}