{"duration": 0.5013492107391357, "input_args": {"smiles": "'C1CC(NC1)C(=O)NC2=CC=C(C=C2)C3=NC(=NC=C3)NC4=CC=C(C=C4)N5CCOCC5'"}, "time": 1746395605.1694589}