{"duration": 0.34987902641296387, "input_args": {"smiles": "'CCCN1C=C(C2=CC=CC=C21)C3=C(C(=O)NC3=O)C4=CN(C5=CC=CC=C54)C'"}, "time": 1746310225.1584268}