{"duration": 0.41812705993652344, "input_args": {"smiles": "'CCOC(=O)NC(=O)C(=C\\\\c1ccc(Cl)c(Cl)c1)\\\\C#N'"}, "time": 1746388609.5216799}