{"duration": 0.36193013191223145, "input_args": {"smiles": "'CC1=CC=C(C=C1)N2C(=CC(=N2)C(C)(C)C)NC(=O)NC3=CC=C(C4=CC=CC=C43)OCCN5CCOCC5'"}, "time": 1746388422.270199}