{"duration": 0.3183166980743408, "input_args": {"smiles": "'N.N.Cl[Pt]Cl'"}, "time": 1743972327.7324731}