{"duration": 0.40448498725891113, "input_args": {"smiles": "'C1=CC=C(C=C1)C#CS(=O)(=O)N'"}, "time": 1743972793.200616}