{"duration": 0.4180879592895508, "input_args": {"smiles": "'CN1C=C(C2=C1C=CC(=C2)N)C3=C(C(=O)NC3=O)C4=CN(C5=CC=CC=C54)C'"}, "time": 1743973947.08027}