{"duration": 0.5354080200195312, "input_args": {"smiles": "'CS(=O)(=O)CCN1C2=NC(=NC=C2C=C(C1=O)OC3=C(C=C(C=C3)F)F)NC4CCOCC4'"}, "time": 1746395592.170777}