{"duration": 0.3561370372772217, "input_args": {"smiles": "'CCCCCCCCC1=CC=C(C=C1)CCC(CO)(CO)N.Cl'"}, "time": 1743973413.5638971}