{"duration": 0.365185022354126, "input_args": {"smiles": "'COC1=C2CN3C(=CC4=C(C3=O)COC(=O)C4(CC(=O)OC)O)C2=NC5=CC=CC=C51'"}, "time": 1746315632.467121}