{"duration": 0.40567612648010254, "input_args": {"smiles": "'CCC1(C2=C(COC1=O)C(=O)N3CC4=C(C5=CC=CC=C5N=C4C3=C2)C=NNC(=O)C[N+]6=CC=CC=C6)O.[Cl-]'"}, "time": 1746310119.1262841}