{"duration": 0.36441779136657715, "input_args": {"smiles": "'Nc1ncn([C@H]2C[C@H](O)[C@@H](CO)O2)c(=O)n1'"}, "time": 1746309967.389162}