{"duration": 0.6767697334289551, "input_args": {"smiles": "'COCCOC1=CC=C(C=C1)NC2=NC=C(C(=N2)NC3=CC(=CC=C3)NC(=O)C=C)F'"}, "time": 1746395623.1481578}