{"duration": 0.36280179023742676, "input_args": {"smiles": "'CC1=CC(=C(N(C1=O)C)NC2=C(C=C(C=C2)I)F)C(=O)NOCCO'"}, "time": 1746315872.8243241}