{"duration": 0.4113349914550781, "input_args": {"smiles": "'C1=NC2=C(N=C(N=C2N1C3C(C(C(O3)CO)O)F)Cl)N'"}, "time": 1743972717.8417861}