{"duration": 0.5084691047668457, "input_args": {"smiles": "'B(C(CC(C)C)NC(=O)CNC(=O)C1=C(C=CC(=C1)Cl)Cl)(O)O'"}, "time": 1746395531.92668}