{"duration": 0.37944817543029785, "input_args": {"smiles": "'CN(C)C(=O)C1=CC2=CN=C(N=C2N1C3CCCC3)NC4=NC=C(C=C4)N5CCNCC5'"}, "time": 1746310277.326333}