{"duration": 0.5015664100646973, "input_args": {"smiles": "'CC(C)C1CC2=C(O1)C=CC3=C2OC4COC5=CC(=C(C=C5C4C3=O)OC)OC'"}, "time": 1746308386.424234}