{"duration": 0.5172839164733887, "input_args": {"smiles": "'CC1=C(C(=O)C(=C(C1=O)N2CC2)C(COC(=O)N)OC)N3CC3'"}, "time": 1746395328.05291}