{"duration": 0.40982508659362793, "input_args": {"smiles": "'C1=NC(=C2C(=N1)N(C(=N2)Cl)C3C(C(C(O3)CO)O)O)N'"}, "time": 1746315644.954989}