{"duration": 0.5016059875488281, "input_args": {"smiles": "'CC1=C2C(=NN1)NC3=CC(=C(C=C3C(=N2)C4=CC=CC=C4Cl)F)OC'"}, "time": 1743973993.455969}