{"duration": 0.4007689952850342, "input_args": {"smiles": "'CC1=CC(=C(N(C1=O)C)NC2=C(C=C(C=C2)I)F)C(=O)NOCCO'"}, "time": 1743973999.700387}