{"duration": 0.3765380382537842, "input_args": {"smiles": "'OC(=O)c1cc2cc(OCc3ccccc3)ccc2[nH]1'"}, "time": 1746309914.5927758}