{"duration": 0.45827198028564453, "input_args": {"smiles": "'CC1=C(C=C(C=C1)NC2=NC=CC(=N2)N(C)C3=CC4=NN(C(=C4C=C3)C)C)S(=O)(=O)N.Cl'"}, "time": 1746395454.170676}