{"duration": 0.36391782760620117, "input_args": {"smiles": "'CCOC(=O)C1(CO1)CCCCCCOC2=CC=C(C=C2)Cl'"}, "time": 1743973636.596858}