{"duration": 0.3628659248352051, "input_args": {"smiles": "'C1CCC(C1)C2=CC(=NN2)NC3=NC(=NC=C3)NC4=CC=C(C=C4)NC(=O)NC5=CC=CC(=C5)C(F)(F)F'"}, "time": 1743972405.578135}