{"duration": 0.3992581367492676, "input_args": {"smiles": "'COC1=CC(=CC(=C1)C#CC2=NN(C3=NC=NC(=C23)N)C4CCN(C4)C(=O)C=C)OC'"}, "time": 1743974056.9225652}