{"duration": 0.4427168369293213, "input_args": {"smiles": "'CC1=C2C(=CC=C1)N=C3C=CC=C(C3=N2)C(=O)NCCNCCNCCNC(=O)C4=CC=CC5=NC6=CC=CC(=C6N=C54)C'"}, "time": 1743973899.660384}