{"duration": 0.3360600471496582, "input_args": {"smiles": "'C(C(C(=O)O)NC(=O)CP(=O)(O)O)C(=O)O.[Na+]'"}, "time": 1743973808.612223}