{"duration": 0.404041051864624, "input_args": {"smiles": "'C1CC(=O)NC(=O)C1NC(=O)N(CCCl)N=O'"}, "time": 1743973790.706489}