{"duration": 0.3564479351043701, "input_args": {"smiles": "'CN1C(=O)N2C=NC(=C2N=N1)C(=O)N'"}, "time": 1746388493.5275981}