{"duration": 0.36585116386413574, "input_args": {"smiles": "'C[C@H](\\\\N=C(\\\\NC#N)Nc1cccc2ncccc12)c1ccccc1'"}, "time": 1746309830.5607738}