{"duration": 0.3735067844390869, "input_args": {"smiles": "'C1CC(CCC1OC2=C(C(=CC=C2)Cl)F)(CC3=NC(=CC=C3)NC4=NC=CS4)C(=O)O'"}, "time": 1746310267.1798332}