{"duration": 0.4879801273345947, "input_args": {"smiles": "'CCN1CCN(CC1)CC2=CC=C(C=C2)C3=CC4=C(N3)N=CN=C4NC(C)C5=CC=CC=C5'"}, "time": 1746395528.7450628}