{"duration": 0.5383789539337158, "input_args": {"smiles": "'C1CNCCC1C2=CC(=NN2)C3=CC=NC=C3'"}, "time": 1743972405.209117}