{"duration": 0.36542320251464844, "input_args": {"smiles": "'CNC(=O)C1=CC=CC=C1NC2=NC(=NC=C2Cl)NC3=C(C4=C(CC(CCC4)N5CCN(CC5)CCO)C=C3)OC'"}, "time": 1746315896.090673}