{"duration": 1.5129501819610596, "input_args": {"smiles": "'COc1cc2ncnc(Nc3cccc(Br)c3)c2cc1OC'"}, "time": 1746395154.119968}