{"duration": 0.44474077224731445, "input_args": {"smiles": "'CC1=C2C(=C(N(C1=O)C)NC3=C(C=C(C=C3)I)F)C(=O)N(C(=O)N2C4=CC=CC(=C4)NC(=O)C)C5CC5'"}, "time": 1746394966.6175182}