{"duration": 0.6189110279083252, "input_args": {"smiles": "'CCC1(C2=C(COC1=O)C(=O)N3CC4=C(C5=CC=CC=C5N=C4C3=C2)C=NNC(=O)C(CC(C)C)N)O.Cl'"}, "time": 1746395411.7266402}