{"duration": 0.48393702507019043, "input_args": {"smiles": "'OC[C@H]1O[C@H](C(O)[C@H]1O)n1cccnc1=O'"}, "time": 1746395291.079733}