{"duration": 0.5140411853790283, "input_args": {"smiles": "'COc1ccc(cc1)N(C(=O)c1ccccc1)S(=O)(=O)c1cc(OC)ccc1OC'"}, "time": 1746395085.997503}