{"duration": 0.39750194549560547, "input_args": {"smiles": "'CCC1(C2=C(COC1=O)C(=O)N3CC4=CC5=CC=CC=C5N=C4C3=C2)OC(=O)CN(CC)CC.Cl'"}, "time": 1746315647.6611462}