{"duration": 1.1590631008148193, "input_args": {"smiles": "'CCOC1=CC=CC=C1CCN=C2NC(=O)C(=CC3=CC4=C(C=C3)N=CC=C4)S2'"}, "time": 1746395582.300856}