{"duration": 0.45505213737487793, "input_args": {"smiles": "'COC1=C(C=CC2=C1CCC(CC2)N3CCOCC3)NC4=NC=C(C(=N4)NC5C6CC(C5C(=O)N)C=C6)Cl'"}, "time": 1743974012.099033}