{"duration": 0.38620996475219727, "input_args": {"smiles": "'C1=CC(=C(C=C1I)F)NC2=C(C=CC(=C2F)F)C(=O)NOCC(CO)O'"}, "time": 1746388462.647709}