{"duration": 0.3488771915435791, "input_args": {"smiles": "'CC1=CC=C(C=C1)C2=C(N(C3=NC=NC(=C23)N)CCCO)C(=O)CF'"}, "time": 1743972370.1362891}