{"duration": 0.4017958641052246, "input_args": {"smiles": "'C1=CC=C(C=C1)C2=C(C=CC=N2)C(=O)O'"}, "time": 1746388480.9616902}