{"duration": 0.3304140567779541, "input_args": {"smiles": "'CN1C2=C(C=C(C=C2)N(CCCl)CCCl)N=C1CCCC(=O)O.Cl'"}, "time": 1743973798.8638709}