{"duration": 0.3875577449798584, "input_args": {"smiles": "'CN1C=C(C=N1)C2=NN(C(=O)C=C2)CC3=CC(=CC=C3)C4=NC=C(C=N4)OCCN5CCOCC5'"}, "time": 1746310258.124255}