{"duration": 0.38403797149658203, "input_args": {"smiles": "'CC(C)N1C=NC2=C(N=C(N=C21)NC3CCC(CC3)N(C)C)NC4=CC(=CC=C4)NC(=O)C=C'"}, "time": 1746309792.4999402}