{"duration": 0.3879098892211914, "input_args": {"smiles": "'C1COCCN1C2=CC(=O)C=C(O2)C3=C4C(=CC=C3)SC5=CC=CC=C5S4'"}, "time": 1746315916.392833}