{"duration": 0.46469593048095703, "input_args": {"smiles": "'CN1CCN(CC1)c1cc(Nc2cc(C)[nH]n2)nc(Sc2ccc(NC(=O)C3CC3)cc2)n1'"}, "time": 1746395284.178848}