{"duration": 0.4926571846008301, "input_args": {"smiles": "'Clc1ccc(Cl)c(c1)-c1ccc(\\\\C=C(/C#N)C(=O)Nc2cccc3ncccc23)o1'"}, "time": 1746395027.114321}