{"duration": 0.4961121082305908, "input_args": {"smiles": "'COCC1(C(=O)C2CCN1CC2)CO'"}, "time": 1743972595.981691}