{"duration": 0.3491520881652832, "input_args": {"smiles": "'C1=CC(=CC=C1CC(C(=O)O)N)N(CCCl)CCCl'"}, "time": 1746315745.4172008}