{"duration": 0.4117920398712158, "input_args": {"smiles": "'C1=CC=C(C=C1)COC2=C(C=C(C=C2)C3=CC(=NC=C3)F)C(=O)NC4=CN=CC=C4'"}, "time": 1743972622.6425412}