{"duration": 0.45071887969970703, "input_args": {"smiles": "'CN1C=C(C2=CC=CC=C21)CNCC3CCN(CC3)C4=NC=C(C=N4)C(=O)NO'"}, "time": 1743973915.8389308}