{"duration": 0.3930830955505371, "input_args": {"smiles": "'C1CC(C1)(C(=O)O)C(=O)O.[NH2-].[NH2-].[Pt+2]'"}, "time": 1746315623.227495}