{"duration": 0.34183573722839355, "input_args": {"smiles": "'CC1=C(C=CC=C1C(F)(F)F)CN2C(=NC3=C(C=C(C=C32)N4CCOCC4)C(=O)O)C'"}, "time": 1743973585.086894}