{"duration": 0.34628796577453613, "input_args": {"smiles": "'CCC(C)SSC1=NC=CN1'"}, "time": 1743972670.372712}