{"duration": 0.44896626472473145, "input_args": {"smiles": "'NC(=O)Nc1sc(cc1C(N)=O)-c1ccc(F)cc1'"}, "time": 1746309941.772264}