{"duration": 0.4900517463684082, "input_args": {"smiles": "'CN1C=C(C2=CC=CC=C21)C3=C(C(=O)NC3=O)C4=C(N(C5=CC=CC=C54)C)SC'"}, "time": 1746395536.534301}