{"duration": 0.38127684593200684, "input_args": {"smiles": "'Cn1cncc1[C@](N)(c1ccc(Cl)cc1)c1ccc2n(C)c(=O)cc(-c3cccc(Cl)c3)c2c1'"}, "time": 1746310013.6349492}