{"duration": 0.5369572639465332, "input_args": {"smiles": "'CC(C(=O)Nc1cccc(c1)\\\\N=C\\\\c1c(O)ccc2ccccc12)c1ccccc1'"}, "time": 1746395266.020849}