{"duration": 0.43905115127563477, "input_args": {"smiles": "'CC1=CC(=C(N1)C=C2C(=CC(=C3C=C4C=CC=CC4=N3)N2)OC)C.C(C(C(=O)O)O)(C(=O)O)O'"}, "time": 1746310150.3902888}