{"duration": 0.3671419620513916, "input_args": {"smiles": "'C1=C(SC(=C1)C2=CC=C(O2)C3=CC=C(S3)CO)CO'"}, "time": 1743972676.331687}