{"duration": 0.42375898361206055, "input_args": {"smiles": "'OC(CN1CCNCC1)Cn1c2ccc(Br)cc2c2cc(Br)ccc12'"}, "time": 1746388596.195688}