{"duration": 0.4557220935821533, "input_args": {"smiles": "'CC1(CCCN1)C2=NC3=C(C=CC=C3N2)C(=O)N'"}, "time": 1743973481.7617111}