{"duration": 0.3985888957977295, "input_args": {"smiles": "'Cc1c(oc2ccc3ccccc3c12)[N+]([O-])=O'"}, "time": 1746388568.30202}