{"duration": 0.4092552661895752, "input_args": {"smiles": "'C1CC(NCC1Cl)C2C(=O)NC(C(=O)N2)C3CCC(CN3)Cl.Cl'"}, "time": 1743973798.528021}