{"duration": 0.4074981212615967, "input_args": {"smiles": "'C1=CC(=CC=C1NC(=O)CCCCCCC(=O)NO)N(CCCl)CCCl'"}, "time": 1743973904.583721}