{"duration": 0.5269749164581299, "input_args": {"smiles": "'Cc1cc(C(=O)CN2CCCC2)c(C)n1-c1ccc(F)cc1'"}, "time": 1746395118.221283}