{"duration": 0.48827099800109863, "input_args": {"smiles": "'CS(=O)(=O)O.C1=CC(=CC(=C1)Br)NC2=NC=NC3=CC(=NC=C32)N'"}, "time": 1746395407.509562}