{"duration": 0.35044097900390625, "input_args": {"smiles": "'C1=CN(C(=O)N=C1N)C2C(C(C(=C2F)CO)O)O'"}, "time": 1746315910.980018}