{"duration": 0.3847029209136963, "input_args": {"smiles": "'C1CC2COCC1N2C3=NC(=NC(=N3)C4=CN=C(C=C4C(F)F)N)N5C6CCC5COC6'"}, "time": 1746315932.106699}