{"duration": 0.4203038215637207, "input_args": {"smiles": "'CC(C)OC(=O)C=CN1C=NC(=N1)C2=CC(=CC(=C2)OC)C(F)(F)F'"}, "time": 1743973590.3039382}