{"duration": 0.38104701042175293, "input_args": {"smiles": "'C1=CC(=CC(=C1)C(=O)C2=C(N(N=C2)C3=C(C=C(C=C3)F)F)N)C4=CN=CC=C4'"}, "time": 1746315842.7852879}