{"duration": 0.41394996643066406, "input_args": {"smiles": "'COc1cc(CCC(=O)N2CCC=CC2=O)cc(OC)c1OC'"}, "time": 1746308429.798711}