{"duration": 0.355330228805542, "input_args": {"smiles": "'C1=NC2=C(N=C(N=C2N1C3C(C(C(O3)COP(=O)(O)O)O)O)F)N'"}, "time": 1746310072.3543549}