{"duration": 0.3652637004852295, "input_args": {"smiles": "'COC(=O)CNC(=O)C(=O)OC'"}, "time": 1746308285.448749}