{"duration": 0.4112699031829834, "input_args": {"smiles": "'CC(C)(C#N)C1=CC=C(C=C1)N2C3=C4C=C(C=CC4=NC=C3COC2=O)C5=CC6=CC=CC=C6N=C5'"}, "time": 1743973581.502945}