{"duration": 0.4308028221130371, "input_args": {"smiles": "'CCCC1=NN(C2=C1N=C(NC2=O)C3=C(C=CC(=C3)S(=O)(=O)N4CCN(CC4)C)OCC)C'"}, "time": 1743973658.607501}