{"duration": 0.37320971488952637, "input_args": {"smiles": "'CC1=C(C(=CC=C1)Cl)NC(=O)C2=CN=C(S2)NC3=CC(=NC(=N3)C)N4CCN(CC4)CCO'"}, "time": 1746308285.079232}