{"duration": 0.37433290481567383, "input_args": {"smiles": "'CCCS(=O)(=O)NC1=C(C(=C(C=C1)F)C(=O)C2=CNC3=C2C=C(C=N3)C4=CC=C(C=C4)Cl)F'"}, "time": 1746315777.450144}