{"duration": 0.37320399284362793, "input_args": {"smiles": "'C1CCC(C(C1)[NH-])[NH-].C1=CC(=C(C=C1C(=O)O)C(=O)O)C(=O)O.[Pt+2]'"}, "time": 1746315629.4835908}