{"duration": 0.3807530403137207, "input_args": {"smiles": "'N.N.Cl[Pt]Cl'"}, "time": 1746388418.376469}