{"duration": 0.38591694831848145, "input_args": {"smiles": "'S=P(N1CC1)(N2CC2)N3CC3'"}, "time": 1746315239.899511}