{"duration": 0.37810802459716797, "input_args": {"smiles": "'C=CC(=O)NC1=CC2=C(C=C1)N=CN=C2NC3=CC(=C(C=C3)OCC4=CC(=CC=C4)F)Cl'"}, "time": 1746388389.738745}