{"duration": 0.37588977813720703, "input_args": {"smiles": "'CN(C1CCS(=O)(=O)C1)C(=O)COC(=O)\\\\C=C\\\\c1cccc(c1)[N+]([O-])=O'"}, "time": 1746388601.506478}