{"duration": 0.3614320755004883, "input_args": {"smiles": "'Cc1ccccc1-n1c(Cn2cnc3c(N)ncnc23)nc2cccc(C)c2c1=O'"}, "time": 1746309893.2745621}