{"duration": 0.36594486236572266, "input_args": {"smiles": "'CN1C=C(C2=CC=CC=C21)C3=C(C(=O)NC3=O)C4=C5CCCCN5C6=CC=CC=C64'"}, "time": 1746315827.2101681}