{"duration": 0.38187289237976074, "input_args": {"smiles": "'C1CC2=CC=CC=C2C1NC3=C4C=CN(C4=NC=N3)C5CC(C(C5)O)COS(=O)(=O)N'"}, "time": 1746388469.285387}