{"duration": 0.376140832901001, "input_args": {"smiles": "'NC(=O)[C@H]1CCCc2c1[nH]c1ccc(Cl)cc21'"}, "time": 1746388607.999091}