{"duration": 0.3427708148956299, "input_args": {"smiles": "'COC(=O)c1ccc2c(NC(=O)\\\\C2=C(/Nc2ccc(cc2)N(C)C(=O)CN2CCN(C)CC2)c2ccccc2)c1'"}, "time": 1746309989.71177}