{"duration": 0.42975306510925293, "input_args": {"smiles": "'C1=CC2=C(C=C1[N+](=O)[O-])C(=O)N(C3=C2C(=O)C4=C3C=CC(=C4)F)CCCN=[N+]=[N-]'"}, "time": 1743973887.472787}