{"duration": 0.36902809143066406, "input_args": {"smiles": "'C1=CC(=C(C=C1Cl)C(=O)NC2=CC(=CC(=C2)C(F)(F)F)C(F)(F)F)O'"}, "time": 1746308302.882078}