{"duration": 0.3662149906158447, "input_args": {"smiles": "'CS(=O)(=O)C1=CC(=C(C=C1)C(=O)NC2=CC(=C(C=C2)Cl)C3=CC=CC=N3)Cl'"}, "time": 1743972420.935162}