{"duration": 0.40532994270324707, "input_args": {"smiles": "'C1=CC(=CC(=C1)C(=O)N)C2=CC(=NC=N2)NC3=CC=C(C=C3)OC(F)(F)F'"}, "time": 1743972341.1063921}