{"duration": 0.34998297691345215, "input_args": {"smiles": "'CC(C)(C)CN1CCN2C3=C(C(=NC=C3)N)N=C2S1'"}, "time": 1743973922.954328}