{"duration": 0.5091140270233154, "input_args": {"smiles": "'C1C(C(OC1N2C=NC3=C2NC(=NC3=S)N)CO)O'"}, "time": 1746395307.7825432}