{"duration": 0.36855602264404297, "input_args": {"smiles": "'CCS(=O)(=O)C1=CC=CC(=C1)C2=CC(=C(C3=C2C4=C(N3)N=CC(=C4)C)C)C(=O)NC5CCN(CC5)C'"}, "time": 1746315781.208329}