{"duration": 0.35923194885253906, "input_args": {"smiles": "'CC1=C2C(=NN1)NC3=C(C=C(C=C3)OC)C(=N2)C4=CC=CC=C4Cl'"}, "time": 1746310228.959809}