{"duration": 0.40355420112609863, "input_args": {"smiles": "'CN1C=C(C2=CC=CC=C21)C3=C(C(=O)NC3=O)C4=C5CN(CCN5C6=CC=CC=C64)C(=S)N'"}, "time": 1746310233.8141088}