{"duration": 0.37972092628479004, "input_args": {"smiles": "'COC1=CN=C(N=C1NC2=C(C=NC=C2)OC)C3=NN(C4=CC=CC=C43)CC5=C(C=C(C=C5F)OCCO)F'"}, "time": 1746315944.928462}