{"duration": 0.42154383659362793, "input_args": {"smiles": "'C1=CC=C(C=C1)C2=C(C=CC=N2)C(=O)O'"}, "time": 1746309768.161908}