{"duration": 0.3707852363586426, "input_args": {"smiles": "'COC1=C(C=C(C=C1)CS(=O)(=O)C=CC2=C(C=C(C=C2OC)OC)OC)NCC(=O)[O-]'"}, "time": 1746315725.538507}