{"duration": 0.3679471015930176, "input_args": {"smiles": "'CC(=O)NC1CCC2=CC(=C(C(=C2C3=CC=C(C(=O)C=C13)OC)OC)OC)OC'"}, "time": 1746310022.22511}