{"duration": 0.43427610397338867, "input_args": {"smiles": "'C1=C(C=C(C(=C1O)O)O)C2=C(C(=O)C3=C(C=C(C=C3O2)O)O)O'"}, "time": 1743972726.9517949}