{"duration": 0.4695167541503906, "input_args": {"smiles": "'C1C2N1C(=O)N=C2N'"}, "time": 1746395431.022913}