{"duration": 0.4437839984893799, "input_args": {"smiles": "'CCC1(C2=C(COC1=O)C(=O)N3CC4=C(C3=C2)N=C5C=C(C=CC5=C4)C=O)O'"}, "time": 1743973837.756516}