{"duration": 0.49004387855529785, "input_args": {"smiles": "'OC(=O)[C@@H]1CCCC[C@@H]1C(=O)N1CCc2ccccc2[C@H]1CN1C(=O)c2ccccc2C1=O'"}, "time": 1746388634.653319}