{"duration": 0.3236861228942871, "input_args": {"smiles": "'CN1C2=C(C=C(C=C2)N(CCCl)CCCl)N=C1CCCC(=O)O'"}, "time": 1743972696.0524318}