{"duration": 0.6898670196533203, "input_args": {"smiles": "'COc1cc(OC2CCN(C)CC2)ccc1Nc1ncc2n(C)c(=O)n(C3CCCC3)c2n1'"}, "time": 1746395030.246546}