{"duration": 0.5673890113830566, "input_args": {"smiles": "'Cc1ccc(cc1)\\\\C=C1\\\\CNC\\\\C(=C/c2ccc(C)cc2)C1=O'"}, "time": 1746395147.327878}