{"duration": 0.4189448356628418, "input_args": {"smiles": "'COC1=C(C=C(C=C1)C2=CC3=NC=CN3C(=N2)NC4=C(C=CC=N4)C(=O)N)OC'"}, "time": 1746388403.054222}