{"duration": 0.47940707206726074, "input_args": {"smiles": "'CC1(COC1)COC2=CC3=C(C=C2)N(C=N3)C4=NC5=C(C=CC=C5N6CCC(CC6)N)C=C4'"}, "time": 1746395514.311666}