{"duration": 0.3411519527435303, "input_args": {"smiles": "'CS(=O)(=O)OCCCNCCCOS(=O)(=O)C'"}, "time": 1746315258.412458}