{"duration": 0.3742988109588623, "input_args": {"smiles": "'C1CC(NC1)C2=NC3=C(C(=O)N2)OC4=C3C=C(C=C4)Cl'"}, "time": 1746310270.553955}