{"duration": 0.4961869716644287, "input_args": {"smiles": "'CN1CCN(CC1)CCOC2=CC3=C(C(=C2)OC4CCOCC4)C(=NC=N3)NC5=C(C=CC6=C5OCO6)Cl'"}, "time": 1746394949.828464}