{"duration": 0.4278831481933594, "input_args": {"smiles": "'CNC[C@@H]1Oc2ccc(cc2CC(=O)N(C[C@@H]1C)[C@@H](C)CO)N(C)C'"}, "time": 1746308432.421867}