{"duration": 0.41740989685058594, "input_args": {"smiles": "'COC1=C(C=C2C(=C1)C3=C(C4=CC5=C(C=C4C3=O)OCO5)N(C2=O)CCCN6C=CC=N6)OC'"}, "time": 1746310141.005128}