{"duration": 0.3607521057128906, "input_args": {"smiles": "'CC(C(=O)NC(C1CCCCC1)C(=O)N2CCCC2C3=NC(=CS3)C(=O)C4=CC=C(C=C4)F)NC'"}, "time": 1743972403.878133}