{"duration": 0.5652170181274414, "input_args": {"smiles": "'C1=CNC(=C1)C=C2C3=C(C=CC(=C3)F)NC2=O'"}, "time": 1746395555.096859}