{"duration": 0.3720059394836426, "input_args": {"smiles": "'COC1=C(C(=C(C=C1)O)C(=O)C2=CC=C(C=C2)C(=O)NC3CCCNCC3NC(=O)C4=CC=NC=C4)F'"}, "time": 1743973980.532777}