{"duration": 0.37516212463378906, "input_args": {"smiles": "'C1C(C(OC1N2C=C(C(=O)NC2=O)F)CO)O'"}, "time": 1746315583.0745091}