{"duration": 0.5537762641906738, "input_args": {"smiles": "'CCOC(=O)CCNc1cc(nc(n1)-c1ccccn1)N1CCc2ccccc2CC1'"}, "time": 1746395109.991252}