{"duration": 0.5203981399536133, "input_args": {"smiles": "'CN1C(=C(C=N1)Cl)C2=C(SC(=C2)C(=O)NC(CC3=CC(=CC=C3)F)CN)Cl'"}, "time": 1746394992.1390889}