{"duration": 0.36951613426208496, "input_args": {"smiles": "'CN1CCN(CC1)CC(=O)N(C)C2=CC=C(C=C2)N=C(C3=CC=CC=C3)C4=C(NC5=C4C=CC(=C5)C(=O)OC)O'"}, "time": 1746309747.90365}