{"duration": 0.3651561737060547, "input_args": {"smiles": "'C1=CC(=CC=C1CCC2=CNC3=C2C(=O)NC(=N3)N)C(=O)NC(CCC(=O)[O-])C(=O)[O-]'"}, "time": 1746310159.7447722}