{"duration": 0.3772881031036377, "input_args": {"smiles": "'CC1=CN=C(N=C1NCC2=CC=C(C=C2)N3C=CN=N3)C4=CC=CC=C4C(C)C'"}, "time": 1743973518.289966}