{"duration": 0.44749999046325684, "input_args": {"smiles": "'CC(C)N1C2=NC=NC(=C2C(=N1)C3=CC4=C(N3)C=CC(=C4)O)N'"}, "time": 1746310199.8158898}