{"duration": 0.4255499839782715, "input_args": {"smiles": "'CN(C)N=Nc1[nH]cnc1C(=O)N'"}, "time": 1746314778.5518012}