{"duration": 0.3562920093536377, "input_args": {"smiles": "'CNCC1CCN2C(=C(C3=CC=CC=C32)C4=C(C(=O)NC4=O)C5=CN(C6=CC=CC=C65)C)C1'"}, "time": 1746310226.221031}