{"duration": 0.3511240482330322, "input_args": {"smiles": "'CCOc1ccccc1-n1c(=O)c2ccccc2nc1C(C)N1CCN(CC1)C(=O)COc1ccc(Cl)cc1'"}, "time": 1746309969.9613628}