{"duration": 0.35677289962768555, "input_args": {"smiles": "'CC1CC2C3CCC4=CC(=O)C=CC4(C3(C(CC2(C1(C(=O)CO)O)C)O)F)C'"}, "time": 1746310030.38791}