{"duration": 0.39379096031188965, "input_args": {"smiles": "'CC1(CCCN1)C2=NC3=C(C=CC=C3N2)C(=O)N.Cl.Cl'"}, "time": 1746309789.527785}