{"duration": 0.35873889923095703, "input_args": {"smiles": "'CC(=O)Nc1nc(C)c(s1)S(=O)(=O)Nc1ccc(cc1)C(O)(C(F)(F)F)C(F)(F)F'"}, "time": 1746309937.7029061}