{"duration": 0.5108010768890381, "input_args": {"smiles": "'Nc1nc(OCc2cc(Br)cs2)c2[nH]cnc2n1'"}, "time": 1746395239.175285}