{"duration": 0.45192599296569824, "input_args": {"smiles": "'CC1=CC2=C(C=C1C(=C)C3=CC=C(C=C3)C(=O)O)C(CCC2(C)C)(C)C'"}, "time": 1746309696.2495518}