{"duration": 0.4197502136230469, "input_args": {"smiles": "'C1=NNC2=C1C(=O)NC=N2'"}, "time": 1746395293.684829}