{"duration": 0.3585383892059326, "input_args": {"smiles": "'CC(C)C[C@H]([C@H](O)C(=O)NO)C(=O)N[C@H](C(=O)OC1CCCC1)c1ccccc1'"}, "time": 1746310015.623797}