{"duration": 0.3806159496307373, "input_args": {"smiles": "'C1=CC2=NC(=C(N2C=C1)C3=CSC(=N3)NC4=CC=C(C=C4)C(F)(F)F)C(F)(F)F'"}, "time": 1746315899.597126}