{"duration": 0.5608029365539551, "input_args": {"smiles": "'CCN(CC)CCOCCC1CCC2C1(CCC3C2C(CC4=C3C=CC(=C4)OS(=O)(=O)N)C)C'"}, "time": 1746395438.823714}