{"duration": 0.564917802810669, "input_args": {"smiles": "'CC(C1=C(C=CC(=C1Cl)F)Cl)OC2=C(N=CC(=C2)C3=CN(N=C3)C4CCNCC4)N'"}, "time": 1746394866.850924}