{"duration": 0.3737061023712158, "input_args": {"smiles": "'O=C(Nc1nc2ccc(NC(=O)C34C[C@H]5C[C@H](C[C@H](C5)C3)C4)cc2s1)c1ccccc1'"}, "time": 1746309916.2622871}