{"duration": 0.3558638095855713, "input_args": {"smiles": "'CC1=CC=CC=C1C2=C(C(=O)NC2=O)C3=CN(C4=CC=CC=C43)C'"}, "time": 1743973951.627519}