{"duration": 0.5160911083221436, "input_args": {"smiles": "'Cc1onc(c1-c1ccc(cc1)S(N)(=O)=O)-c1ccccc1'"}, "time": 1746395287.5917819}