{"duration": 0.36754488945007324, "input_args": {"smiles": "'CN(Cc1cnc2nc(N)nc(N)c2n1)c3ccc(cc3)C(=O)N[C@@H](CCC(=O)O)C(=O)O'"}, "time": 1746315235.656448}