{"duration": 0.5623629093170166, "input_args": {"smiles": "'C1=CC=NC(=C1)C2=CSC(=N2)NC3=CC=CC=N3'"}, "time": 1746395462.326625}