{"duration": 0.4311821460723877, "input_args": {"smiles": "'CC12CCC3C(C1CCC2OC(=O)CCC4=CC=CC=C4)CCC5=CC(=O)CCC35'"}, "time": 1743973778.831445}