{"duration": 0.4461221694946289, "input_args": {"smiles": "'Nc1ccn([C@@H]2O[C@H](CO)[C@@H](O)[C@@H]2O)c(=O)n1'"}, "time": 1746309964.816962}