{"duration": 0.5390629768371582, "input_args": {"smiles": "'CN1C2=C(C=C(C=C2)N(CCCl)CCCl)N=C1CCCC(=O)O.Cl'"}, "time": 1746395329.569664}