{"duration": 0.36420607566833496, "input_args": {"smiles": "'C1CNCCC1NC2CC2C3=CC=CC=C3'"}, "time": 1743972601.8874931}