{"duration": 0.3493380546569824, "input_args": {"smiles": "'C1=NC2=C(N=C(N=C2N1C3C(C(C(O3)CO)O)O)F)N'"}, "time": 1746309800.638589}