{"duration": 0.42371678352355957, "input_args": {"smiles": "'CC(C)C1=CC(=C(C=C1O)O)C(=O)N2CC3=C(C2)C=C(C=C3)CN4CCN(CC4)C'"}, "time": 1743973539.660592}