{"duration": 0.41509199142456055, "input_args": {"smiles": "'OC[C@H]1O[C@H](C(O)[C@H]1O)n1cccnc1=O'"}, "time": 1746388745.408609}