{"duration": 0.40145111083984375, "input_args": {"smiles": "'CCCCCCCCCCCCC\\\\C=C\\\\[C@@H](O)[C@H](CO)NC(=O)CCCCC'"}, "time": 1746309874.4564228}