{"duration": 0.5005800724029541, "input_args": {"smiles": "'COc1ccc(\\\\C=C\\\\C(=O)c2c(-c3ccccc3)c3ccccc3[nH]c2=O)cc1'"}, "time": 1746395207.133249}