{"duration": 0.4572269916534424, "input_args": {"smiles": "'CC1=C(SC(=N1)NC(=O)N2CCCC2C(=O)N)C3=CC(=NC=C3)C(C)(C)C(F)(F)F'"}, "time": 1746309806.235799}