{"duration": 0.3819100856781006, "input_args": {"smiles": "'CN(C)CCNC(=O)c1cc2CSc3cc(Cl)ccc3-c2s1'"}, "time": 1746309879.976865}