{"duration": 0.4718210697174072, "input_args": {"smiles": "'CC(=O)NC1=CC2=C(C=C1)N(C=C2C3=C(C(=O)NC3=O)C4=CN(C5=CC=CC=C54)C)C'"}, "time": 1746395538.524352}