{"duration": 0.5141370296478271, "input_args": {"smiles": "'CN1C=C(C2=CC=CC=C21)C3=C(C(=O)NC3=O)C4=CC(=CC=C4)Br'"}, "time": 1746310217.537075}