{"duration": 0.683164119720459, "input_args": {"smiles": "'C1=CN(C(=O)N=C1N)C2C(C(C(O2)CO)O)O.Cl'"}, "time": 1743972715.666686}