{"duration": 0.3630349636077881, "input_args": {"smiles": "'C=CCC1=C(C(=CC=C1)C=NNC(=O)CN2CCN(CC2)CC3=CC=CC=C3)O'"}, "time": 1746309755.417602}