{"duration": 0.3750638961791992, "input_args": {"smiles": "'C1=CC=C(C=C1)NS(=O)(=O)C2=CC=CC(=C2)C=CC(=O)NO'"}, "time": 1746315699.505814}