{"duration": 0.3994150161743164, "input_args": {"smiles": "'CC1=C(SC2=C1C(=NC(C3=NN=C(N32)C)CC(=O)OC(C)(C)C)C4=CC=C(C=C4)Cl)C'"}, "time": 1746388441.01917}