{"duration": 0.3685729503631592, "input_args": {"smiles": "'ClC(Cl)C(c1ccc(Cl)cc1)c2ccccc2Cl'"}, "time": 1746315072.566138}