{"duration": 0.36914992332458496, "input_args": {"smiles": "'COCCNCC1=CN=C(C=C1)C2=CC3=NC=CC(=C3S2)OC4=C(C=C(C=C4)NC(=S)NC(=O)CC5=CC=C(C=C5)F)F'"}, "time": 1746315921.61624}