{"duration": 0.550238847732544, "input_args": {"smiles": "'C1C(C(OC1N2C=NC3=C(N=C(N=C32)Cl)N)CO)O'"}, "time": 1746395319.519239}