{"duration": 0.3474240303039551, "input_args": {"smiles": "'N[C@H](CSCCB(O)O)C(O)=O'"}, "time": 1746308417.431842}