{"duration": 0.404818058013916, "input_args": {"smiles": "'CN1C2=C(C(=C(C1=O)F)NC3=C(C=C(C=C3)I)F)C(=O)N(C=N2)CC(CO)O'"}, "time": 1743973922.190639}