{"duration": 0.402785062789917, "input_args": {"smiles": "'C1=CN(C=N1)CC(O)(P(=O)(O)O)P(=O)(O)O'"}, "time": 1746315697.8834891}