{"duration": 0.4344949722290039, "input_args": {"smiles": "'Clc1ccc(OCCCCCC\\\\N=C(\\\\NC#N)Nc2ccncc2)cc1'"}, "time": 1746309887.8559391}