{"duration": 0.4728367328643799, "input_args": {"smiles": "'COC1=CC(=N\\\\C\\\\1=C/c1[nH]c(C)cc1C)c1cc2ccccc2[nH]1'"}, "time": 1746395252.6619189}