{"duration": 0.3393821716308594, "input_args": {"smiles": "'C1=CC(=CC=C1CC(C(=O)O)N)N(CCCl)CCCl.Cl'"}, "time": 1743973777.219795}