{"duration": 0.4020249843597412, "input_args": {"smiles": "'C1CSSC1CCCCC(=O)O'"}, "time": 1743973536.335166}