{"duration": 0.40351414680480957, "input_args": {"smiles": "'C1CC1COC2=CC=CC(=C2C3=NC(=C(C(=C3)C4CCNCC4)C#N)N)O'"}, "time": 1746308308.7274098}