{"duration": 0.39464807510375977, "input_args": {"smiles": "'CN1C=C(C2=CC=CC=C21)C3=C(C(=O)NC3=O)C4=CC=C(C=C4)N'"}, "time": 1743973947.48132}