{"duration": 0.48038601875305176, "input_args": {"smiles": "'CCCCCCCCC1=CC=C(C=C1)CCC(CO)(CO)N'"}, "time": 1746394880.970628}