{"duration": 0.37323808670043945, "input_args": {"smiles": "'NC1=NC(=S)c2ncn(C3CC(O)C(CO)O3)c2N1'"}, "time": 1746314781.7783911}