{"duration": 1.0941858291625977, "input_args": {"smiles": "'COC1=CC=C(C=C1)COC2=C(C=C(C=C2)CC3=CN=C(N=C3N)N)OC'"}, "time": 1743972360.664876}