{"duration": 0.34076905250549316, "input_args": {"smiles": "'CCC(=O)OCN1C(=O)C=CC1=O'"}, "time": 1743973516.061964}