{"duration": 0.3523871898651123, "input_args": {"smiles": "'CC1(CC(C2=C(C3=C(C=C2C1)C(=O)C4=C5C(=CC(=C4C3=O)O)C6(C(C(C(C(O5)O6)O)N(C)C)O)C)O)OC)O'"}, "time": 1746310067.0410209}