{"duration": 0.39226698875427246, "input_args": {"smiles": "'CN1CC=CCCOC2=CC=CC(=C2)C3=NC(=NC=C3)NC4=CC=CC(=C4)C1'"}, "time": 1746310193.452121}