{"duration": 0.3525559902191162, "input_args": {"smiles": "'COC1=C(C=C(C=C1)F)C2=C3C=C(NC3=NC=C2)C4=CCN(CC4)C5CCC(CC5)CC(=O)O'"}, "time": 1746310298.722686}