{"duration": 0.38930487632751465, "input_args": {"smiles": "'C1CC(CNC1)NC(=O)C2=C(C=C(S2)C3=CC(=CC=C3)F)NC(=O)N'"}, "time": 1746315745.810068}