{"duration": 0.40250086784362793, "input_args": {"smiles": "'COC1=CC=C(C=C1)N2CC3=CN=C(N=C3N(C2=O)C4CCC(C4)O)NC5=CC=CC=C5'"}, "time": 1746315849.548022}