{"duration": 0.4585409164428711, "input_args": {"smiles": "'CC1=C(C=CC(=C1)Br)S(=O)(=O)NC2=CC3=C(C=C2OC)N(C(=O)N3C)C'"}, "time": 1746388530.766377}