{"duration": 0.34751224517822266, "input_args": {"smiles": "'CC1=C(SC(=N1)NC(=O)C)C2=CC(=C(C=C2)Cl)S(=O)(=O)NCCO'"}, "time": 1746309754.66015}