{"duration": 0.5009040832519531, "input_args": {"smiles": "'CCN1C2=NC(=NC(=C2C=C(C1=O)C3=CC=NN3)C)N'"}, "time": 1746395655.7207801}