{"duration": 0.3633289337158203, "input_args": {"smiles": "'CCOC(=O)c1c(NC(=O)c2ccc(s2)[N+]([O-])=O)sc2c1CC(C)(C)NC2(C)C'"}, "time": 1746388637.432734}