{"duration": 0.39220094680786133, "input_args": {"smiles": "'Fc1ccc(cc1)-c1n[nH]cc1C=C1SC(=N)N(C1=O)c1nccs1'"}, "time": 1746309986.93341}