{"duration": 0.36294126510620117, "input_args": {"smiles": "'CC1(CCC(C2=C1C=CC(=C2)C(C(=O)NC3=C(C=C(C=C3)C(=O)O)F)O)(C)C)C'"}, "time": 1743972682.306048}