{"duration": 0.35067009925842285, "input_args": {"smiles": "'C1=CC2=C(C=CC=N2)C(=C1)NC(=O)C(=CC3=CC=C(O3)C4=C(C=CC(=C4)Cl)Cl)C#N'"}, "time": 1743973494.9558358}