{"duration": 0.3757588863372803, "input_args": {"smiles": "'CC(C)N1C2=NC=NC(=C2C(=N1)C3=CC4=C(C=C3)OC(=N4)N)N'"}, "time": 1746310201.1223092}