{"duration": 0.39936113357543945, "input_args": {"smiles": "'C1CN(CCC1(CC2=CC=C(C=C2)Cl)N)C3=NC=NC4=C3C=CN4'"}, "time": 1743973922.599741}