{"duration": 0.3795011043548584, "input_args": {"smiles": "'OC[C@@H](O)COc1ccc2CCc3cc(Nc4ccc(F)cc4F)ccc3C(=O)c2c1'"}, "time": 1746388729.41127}