{"duration": 0.36220502853393555, "input_args": {"smiles": "'OCC1(CO)N2CCC(CC2)C1=O'"}, "time": 1746309925.959786}