{"duration": 0.7099547386169434, "input_args": {"smiles": "'O=C1c2ccccc2-c2nc3nonc3nc12'"}, "time": 1746395174.893696}