{"duration": 0.36259889602661133, "input_args": {"smiles": "'CC(C1=CC=CC=C1)NC(=O)CC2CCC(C(O2)CO)NC(=O)CN3CCOCC3'"}, "time": 1743973546.324866}