{"duration": 0.3923830986022949, "input_args": {"smiles": "'C1=CC2=C(C=CC(=C2)C=C3C(=O)NC(=NCCC4=CC=C(C=C4)Cl)S3)N=C1'"}, "time": 1743973982.506646}