{"duration": 0.4336838722229004, "input_args": {"smiles": "'COC1=C(NC=C1)C=C2C3=C(C=CC(=C3C#CC4(CCOCC4)O)F)NC2=O'"}, "time": 1743973965.591879}