{"duration": 0.373913049697876, "input_args": {"smiles": "'Brc1cc2OCOc2cc1C1Nc2ccccc2C2C=CCC12'"}, "time": 1746388630.179517}