{"duration": 0.34349799156188965, "input_args": {"smiles": "'CC(C)CC(=O)N1CCC2CCC(N2C(=O)C(C1)NC(=O)C(C)NC)C(=O)NC(C3=CC=CC=C3)C4=CC=CC=C4'"}, "time": 1743973539.233462}