{"duration": 0.41213202476501465, "input_args": {"smiles": "'CS(=O)(=O)CCNCC1=CC=C(O1)C2=CC3=C(C=C2)N=CN=C3NC4=CC(=C(C=C4)OCC5=CC(=CC=C5)F)Cl'"}, "time": 1743972348.4788659}