{"duration": 0.3786318302154541, "input_args": {"smiles": "'N[C@H](CSCCB(O)O)C(O)=O'"}, "time": 1746388552.6122618}