{"duration": 0.3613588809967041, "input_args": {"smiles": "'Oc1cccc(c1)-c1nc(N2CCOCC2)c2oc3ncccc3c2n1'"}, "time": 1746388647.60287}