{"duration": 0.3698251247406006, "input_args": {"smiles": "'CC1=C(C(=NO1)C)C2=CC3=C(C=C2)N(C(=N3)CCC4=CC(=C(C=C4)OC)Cl)CC(C)N5CCOCC5'"}, "time": 1743972601.517314}