{"duration": 1.4115970134735107, "input_args": {"smiles": "'OC(CN1CCNCC1)Cn1c2ccc(Br)cc2c2cc(Br)ccc12'"}, "time": 1746395088.996503}