{"duration": 0.33681583404541016, "input_args": {"smiles": "'CN(C)CCNC(=O)C1=CC2=C(S1)C3=C(C=C(C=C3)Cl)SC2'"}, "time": 1743972732.4155562}