{"duration": 0.502143144607544, "input_args": {"smiles": "'C=C(CN1CCN(CC1)C2=CC=CC(=N2)C(F)(F)F)C3=CC=C(C=C3)C(=O)NC4=CC=CC=C4N'"}, "time": 1743973892.0882099}