{"duration": 0.3746001720428467, "input_args": {"smiles": "'CC#CC(=NOCC1COCCN1)C2=CC3=C(C=C2)N=CN=C3NC4=CC(=C(C=C4)OCC5=CC(=CC=C5)F)Cl'"}, "time": 1743974051.013119}