{"duration": 0.5100858211517334, "input_args": {"smiles": "'CN1C(=C(C=N1)Cl)C2=C(OC(=C2)C(=O)NC(CC3=CC(=C(C=C3)F)F)CN)Cl'"}, "time": 1746395018.966317}