{"duration": 0.45993590354919434, "input_args": {"smiles": "'CC1=C(C=CC=C1C(F)(F)F)CN2C(=NC3=C(C=C(C=C32)N4CCOCC4)C(=O)O)C'"}, "time": 1746395599.498825}