{"duration": 0.3364291191101074, "input_args": {"smiles": "'C1CCC(CC1)NC(=O)C(C2=CC=CC=C2Cl)N(C3=CC(=CC=C3)F)C(=O)CC4=CC=CS4'"}, "time": 1743973543.5388129}