{"duration": 0.4080791473388672, "input_args": {"smiles": "'CC(=CCC(C1=CC(=O)C2=C(C=CC(=C2C1=O)O)O)O)C'"}, "time": 1743972432.755303}