{"duration": 0.41726112365722656, "input_args": {"smiles": "'CC1=C(C=CC2=C1C(=NC(=N2)N)N)CNC3=CC(=C(C=C3)Cl)C(=O)NC(CC(=O)O)C(=O)O'"}, "time": 1743973796.977935}