{"duration": 0.3699061870574951, "input_args": {"smiles": "'CC[C@@]1(O)C(=O)OCC2=C1C=C3N(Cc4cc5cc(O)ccc5nc34)C2=O'"}, "time": 1746315260.327928}