{"duration": 0.4765439033508301, "input_args": {"smiles": "'CC1=NC2=C(N1)C=C(C=C2)N3C(=C(C=N3)C(=O)C4=CC5=CC=CC=C5N4)N'"}, "time": 1746310286.443172}