{"duration": 0.5202679634094238, "input_args": {"smiles": "'Cc1ccc(cc1)C(=O)Cn1c2CCCCc2sc1=N'"}, "time": 1746395259.651142}