{"duration": 0.8697071075439453, "input_args": {"smiles": "'C1=CC=C2C=C3C(=CC2=C1)NC(=N3)CNC4=CC=C(C=C4)C(=O)O'"}, "time": 1743972762.7284281}