{"duration": 0.5293011665344238, "input_args": {"smiles": "'C[C@@H](Oc1cc(cnc1N)-c1cnn(c1)C1CCNCC1)c1c(Cl)ccc(F)c1Cl'"}, "time": 1746395211.040355}