{"duration": 0.3626561164855957, "input_args": {"smiles": "'CC1=CC2=C(C=C1)N(C=C2C3=C(C(=O)NC3=O)C4=CN(C5=CC=CC=C54)C)C'"}, "time": 1743973949.825231}