{"duration": 0.369035005569458, "input_args": {"smiles": "'CN(C)CCOC1=CC=C(C=C1)C2=NC(=C(N2)C3=CC=NC=C3)C4=CC5=C(C=C4)C(=NO)CC5'"}, "time": 1746308347.078954}