{"duration": 0.37970614433288574, "input_args": {"smiles": "'C[C@@H](CO)N1C[C@H](C)[C@@H](CN(C)C(=O)Nc2ccc3OCOc3c2)Oc2cc(ccc2S1(=O)=O)C#Cc1ccncc1'"}, "time": 1746388580.7361228}