{"duration": 0.4268789291381836, "input_args": {"smiles": "'CCOC1=C(C(=CC(=C1)C=C2C(=NN(C2=O)C3=CC=CC=C3)C)Cl)OCC(=O)OC'"}, "time": 1743973617.028654}