{"duration": 0.4038710594177246, "input_args": {"smiles": "'CC(C)(C1=CC(=NO1)NC(=O)NC2=CC(=CC=C2)OC3=NC=NC4=CC(=C(C=C43)OC)OC)C(F)(F)F'"}, "time": 1743974006.2575629}