{"duration": 0.3690931797027588, "input_args": {"smiles": "'CC(C)n1ncc2c(cc(Br)cc12)C(=O)NCc1c(C)cc(C)[nH]c1=O'"}, "time": 1746308438.269539}