{"duration": 0.4398829936981201, "input_args": {"smiles": "'CC1=C2C(C3=C(CC(CC3=O)(C)C)NC2=NN1)C4=CC=CC=C4'"}, "time": 1743972734.636378}