{"duration": 0.8545379638671875, "input_args": {"smiles": "'CN(C)CCNC(=O)C1=CC2=C(S1)C3=C(C=CC(=C3)Cl)SC2'"}, "time": 1743972771.398296}