{"duration": 0.48677587509155273, "input_args": {"smiles": "'Cc1cc(cc2[nH]c(nc12)-c1c(NC[C@@H](O)c2cccc(Cl)c2)cc[nH]c1=O)N1CCOCC1'"}, "time": 1746395039.1607769}