{"duration": 0.45648908615112305, "input_args": {"smiles": "'CC(=O)NC1=CC=C(C=C1)C(=O)NC2=CC=CC=C2N'"}, "time": 1743973661.3342001}