{"duration": 0.4496650695800781, "input_args": {"smiles": "'Cc1ccccc1-n1c(Cn2cnc3c(N)ncnc23)nc2cccc(C)c2c1=O'"}, "time": 1746388616.6948018}