{"duration": 0.338878870010376, "input_args": {"smiles": "'CN1C=C(C=N1)C2=NC(=C(C3=C2C(=O)NC3)F)NC4CCCCC4N'"}, "time": 1743974036.803554}