{"duration": 0.3469369411468506, "input_args": {"smiles": "'C1CCC(C(C1)[NH-])[NH-].Cl[Pt+2](Cl)(Cl)Cl'"}, "time": 1743973830.33388}