{"duration": 0.40993595123291016, "input_args": {"smiles": "'CC(C=C(C)C=CC(=O)NO)C(=O)C1=CC=C(C=C1)N(C)C'"}, "time": 1743972403.0582101}