{"duration": 0.35563182830810547, "input_args": {"smiles": "'COc1cc(C=CC(=O)CC(=O)C=Cc2ccc(O)c(OC)c2)ccc1O'"}, "time": 1746388686.3994849}