{"duration": 0.4263942241668701, "input_args": {"smiles": "'COc1cc2ncn(-c3cc(OCc4ccccc4C(F)(F)F)c(s3)C(N)=O)c2cc1OC'"}, "time": 1746388614.723047}