{"duration": 0.37578797340393066, "input_args": {"smiles": "'CC1CN(C(=O)CCCN2C=C(COC1CN(C)CC3=CC4=C(C=C3)OCCO4)N=N2)C(C)CO'"}, "time": 1743973550.346025}