{"duration": 0.3605468273162842, "input_args": {"smiles": "'C1=CC(=C(C=C1[N+](=O)[O-])Cl)NC(=O)C2=C(C=CC(=C2)Cl)O'"}, "time": 1746310058.0386271}