{"duration": 0.5271530151367188, "input_args": {"smiles": "'COc1nc(N)nc2n(cnc12)[C@@H]1O[C@H](CO)[C@@H](O)[C@@H]1O'"}, "time": 1746395248.3042402}