{"duration": 0.5500380992889404, "input_args": {"smiles": "'CN1CCN(CC1)C2=CC=C(C3=NO[N+](=C23)[O-])[N+](=O)[O-]'"}, "time": 1746394917.000015}