{"duration": 0.3925173282623291, "input_args": {"smiles": "'C1=CC=C(C=C1)NC(=O)CCCCCCC(=O)NO'"}, "time": 1746309791.179513}