{"duration": 0.33500194549560547, "input_args": {"smiles": "'CNCCN(C)CC1=C(NN=C1)C2=CC=C(C=C2)OC3CC(C3)OCCC4CCOCC4'"}, "time": 1743974034.1420329}