{"duration": 0.3985779285430908, "input_args": {"smiles": "'CC1=C(C2=CC=CC=C2N1)CCNCC3=CC=C(C=C3)C=CC(=O)NO'"}, "time": 1746388467.647839}