{"duration": 0.38110995292663574, "input_args": {"smiles": "'CN(C)CCCNc1c2ccccc2n(C)c2nc(=O)n(C)c(=O)c12'"}, "time": 1746388615.845788}