{"duration": 0.34425878524780273, "input_args": {"smiles": "'C1CN(CCN1)CC(CN2C3=C(C=C(C=C3)Br)C4=C2C=CC(=C4)Br)O.Cl.Cl'"}, "time": 1743972666.6532412}