{"duration": 0.35539698600769043, "input_args": {"smiles": "'Oc1cccc(c1)-c1nc(N2CCOCC2)c2oc3ncccc3c2n1'"}, "time": 1746309923.999907}