{"duration": 0.36038994789123535, "input_args": {"smiles": "'CC(=O)Nc1ccc(cc1)C(=O)Nc1cc(ccc1N)-c1cccs1'"}, "time": 1746309912.575596}