{"duration": 0.3942372798919678, "input_args": {"smiles": "'CN1C=C(C2=CC=CC=C21)C3=C(C(=O)NC3=O)C4=CC=C(C=C4)OCC(CO)O'"}, "time": 1743973976.9695108}