{"duration": 0.36575889587402344, "input_args": {"smiles": "'O=C1c2ccccc2-c2n[nH]c3cccc1c23'"}, "time": 1746388722.834917}