{"duration": 0.34436702728271484, "input_args": {"smiles": "'CC1=CC2C(CCC3(C2CCC3(C(=O)C)OC(=O)C)C)C4(C1=CC(=O)CC4)C'"}, "time": 1743973785.7456052}