{"duration": 0.3734550476074219, "input_args": {"smiles": "'CC(C1=C(C=CC(=C1Cl)F)Cl)OC2=C(N=CC(=C2)C3=CN(N=C3)C4CCNCC4)N'"}, "time": 1743973404.118607}