{"duration": 0.4451007843017578, "input_args": {"smiles": "'CN1CCN(CCCN2c3ccccc3Sc3ccc(Cl)cc23)CC1'"}, "time": 1746395262.460531}