{"duration": 0.3732779026031494, "input_args": {"smiles": "'Oc1cc(ccc1NC(=O)Nc1ccccc1Br)[N+]([O-])=O'"}, "time": 1746309931.818414}