{"duration": 0.36162781715393066, "input_args": {"smiles": "'C1=CC=C2C(=C1)C(=CC(=C2O)SCC(=O)O)NS(=O)(=O)C3=CC=C(C=C3)Br'"}, "time": 1746308403.419287}