{"duration": 0.5036711692810059, "input_args": {"smiles": "'C1COCCN1C2=CC(=CC(=C2)C3=NC(=NC=C3)NC4=CC=C(C=C4)N5C=NC(=N5)N6CCOCC6)F'"}, "time": 1746309729.647984}