{"duration": 0.49410200119018555, "input_args": {"smiles": "'C1=CC(=C(N=C1)C=NNC(=S)N)O'"}, "time": 1746310040.262023}