{"duration": 0.638084888458252, "input_args": {"smiles": "'C1CCC(C1)C2=C(C=CC(=C2)C3=CNC4=C3C=C(C=N4)C5=CC=CC=C5)C(=O)O'"}, "time": 1743972355.717945}