{"duration": 0.48761796951293945, "input_args": {"smiles": "'CCC(=O)OC1CCC2C1(CCC3C2CCC4C3(CC(C(=O)C4)C)C)C'"}, "time": 1746395296.669955}