{"duration": 0.33873605728149414, "input_args": {"smiles": "'C1CNP(=O)(OC1)N(CCCl)CCCl'"}, "time": 1746310028.0434859}