{"duration": 0.398435115814209, "input_args": {"smiles": "'CN1CC(=O)N(C1=O)CC(=C)C2=CC=C(C=C2)C(=O)NC3=CC=CC=C3N'"}, "time": 1743973885.83376}