{"duration": 0.40610265731811523, "input_args": {"smiles": "'CC1=CC2=C(N1)C=CC(=C2F)OC3=NC=NN4C3=C(C(=C4)OCC(C)O)C'"}, "time": 1746309699.434883}