{"duration": 0.4005000591278076, "input_args": {"smiles": "'CC(=O)NC1CCC2=CC(=C(C(=C2C3=CC=C(C(=O)C=C13)OC)OC)OC)OC'"}, "time": 1743973775.3511271}