{"duration": 0.3965160846710205, "input_args": {"smiles": "'COc1ccc(cc1)N(C(=O)c1ccccc1)S(=O)(=O)c1cc(OC)ccc1OC'"}, "time": 1746388595.0333362}