{"duration": 0.40416693687438965, "input_args": {"smiles": "'C1CC(CCC1CCC(=O)O)(C2=C(C=CC(=C2)F)F)S(=O)(=O)C3=CC=C(C=C3)Cl'"}, "time": 1743973596.03885}