{"duration": 0.3644852638244629, "input_args": {"smiles": "'CCC1(C2=C(COC1=O)C(=O)N3CC4=C(C5=C(C=CC(=C5)O)N=C4C3=C2)CC[Si](C)(C)C)O'"}, "time": 1743973871.05845}