{"duration": 0.426699161529541, "input_args": {"smiles": "'CC\\\\C(c1ccccc1)=C(/c1ccccc1)c1ccc(OCCN(C)C)cc1'"}, "time": 1746310009.6652951}