{"duration": 0.5497980117797852, "input_args": {"smiles": "'CC(C)(C)OC(=O)Nc1ccc(cc1)-c1cc(no1)C(=O)NCCCCCCC(=O)NO'"}, "time": 1746395117.69076}