{"duration": 0.4125690460205078, "input_args": {"smiles": "'COC(=O)C[C@](O)(CCCC(C)(C)O)C(=O)O[C@H]1[C@H]2c3cc4OCOc4cc3CCN3CCC[C@]23C=C1OC'"}, "time": 1746309991.7455099}