{"duration": 0.5922889709472656, "input_args": {"smiles": "'O\\\\N=C1/C(Nc2ccccc12)=C1/C(=O)Nc2cc(Br)ccc12'"}, "time": 1746395109.4346838}