{"duration": 0.5272338390350342, "input_args": {"smiles": "'CCC1=CNC2=C1C(=NC=N2)N3CCC(C3)(CNC(=O)C4=C(C=C(C=C4)F)F)N'"}, "time": 1746395597.516331}