{"duration": 0.37164807319641113, "input_args": {"smiles": "'C1=CC(=CC(=C1)I)CSC2=NN=C(O2)C3=CC=NC=C3'"}, "time": 1746309731.334162}