{"duration": 0.5439431667327881, "input_args": {"smiles": "'C1CCC(CC1)NC(=O)N(CCCl)N=O'"}, "time": 1746395310.829298}