{"duration": 0.33484983444213867, "input_args": {"smiles": "'CNCC1=CC=C(C=C1)C2=C3CCNC(=O)C4=C3C(=CC(=C4)F)N2'"}, "time": 1743972433.5098329}