{"duration": 0.5018901824951172, "input_args": {"smiles": "'CCC1=C(C(=NC(=N1)N)N)C2=CC=C(C=C2)Cl'"}, "time": 1743972344.479856}