{"duration": 0.3200972080230713, "input_args": {"smiles": "'C1=CC2=C(C=C1Cl)C(=O)C3=NC(=C(N=C23)C#N)C#N'"}, "time": 1743973586.555158}