{"duration": 0.5091462135314941, "input_args": {"smiles": "'OC(=O)[C@@]1(CCCCCCOc2ccc(Cl)cc2)CO1'"}, "time": 1746395224.395295}