{"duration": 0.3571012020111084, "input_args": {"smiles": "'COC1=CC=C(C=C1)C2(CCOCC2)CNC(=O)C3=CC=C(C=C3)NC(=O)C4=CC=CO4'"}, "time": 1743972742.060619}