{"duration": 0.40345096588134766, "input_args": {"smiles": "'Nc1nc(OCc2cc(Br)cs2)c2[nH]cnc2n1'"}, "time": 1746309981.5497952}