{"duration": 0.6170268058776855, "input_args": {"smiles": "'COC1=CC=CC2=C1NC(=C2)C3=C4C(=NC=NN4C(=N3)C5CCC(CC5)C(=O)[O-])N'"}, "time": 1746395494.9946141}