{"duration": 0.4949958324432373, "input_args": {"smiles": "'CC1=CN=C(N=C1NC2=CC(=CC=C2)S(=O)(=O)NC(C)(C)C)NC3=CC=C(C=C3)OCCN4CCCC4'"}, "time": 1743972387.699394}