{"duration": 0.5319452285766602, "input_args": {"smiles": "'CC(C(=O)NC(CCCCN)C(=O)O)NC(=O)C1CCCN1'"}, "time": 1746395011.135885}