{"duration": 0.3475358486175537, "input_args": {"smiles": "'CN1N=Nc2c(ncn2C1=O)C(=O)N'"}, "time": 1746388734.64962}