{"duration": 0.3836500644683838, "input_args": {"smiles": "'C1=CC=C(C(=C1)COC2=C(C=C(C=C2)Br)C=C3C(=O)NC(=S)S3)Br'"}, "time": 1743972688.392467}