{"duration": 0.4190399646759033, "input_args": {"smiles": "'C1COCCC1N2C3=NC=NC(=C3C(=N2)COC4=CC(=CC=C4)Cl)N.Cl'"}, "time": 1743972728.1115892}