{"duration": 0.47434329986572266, "input_args": {"smiles": "'OC(=O)[C@H](Cc1c[nH]c2ccccc12)N1C(=O)c2ccccc2C1=O'"}, "time": 1746309930.268854}