{"duration": 0.5105347633361816, "input_args": {"smiles": "'C1=CN(C(=O)N=C1N)C2C(C(C(O2)CO)O)(F)F'"}, "time": 1746308299.748867}