{"duration": 0.40393495559692383, "input_args": {"smiles": "'C1CC1C(=O)NC2=NNC3=C2C=CC(=C3)C4=CC(=CC=C4)C(=O)NC5CC5'"}, "time": 1746388506.3119931}