{"duration": 0.5106000900268555, "input_args": {"smiles": "'C1=CC=C(C(=C1)N)NC(=O)C2=CC=C(C=C2)CNC3=NC=CC(=N3)C4=CN=CC=C4'"}, "time": 1746395496.492983}