{"duration": 0.5546813011169434, "input_args": {"smiles": "'CCC1(C2=C(COC1=O)C(=O)N3CC4=CC5=CC=CC=C5N=C4C3=C2)OC(=O)CN6CCN(CC6)CCO'"}, "time": 1746395374.786863}