{"duration": 0.39229416847229004, "input_args": {"smiles": "'C1=CC(=C(C=C1I)F)NC2=C(C=CC3=CN=CN32)C(=O)NOCCO'"}, "time": 1743974010.920225}