{"duration": 0.5811877250671387, "input_args": {"smiles": "'CNCCN(C)CC1=C(NN=C1)C2=CC=C(C=C2)OC3CC(C3)OCCC4CCOCC4'"}, "time": 1746395653.6965451}