{"duration": 0.31594085693359375, "input_args": {"smiles": "'CN1C2=C(C=C(C=C2)N(CCCl)CCCl)N=C1CCCC(=O)O'"}, "time": 1743973627.74962}