{"duration": 0.34038805961608887, "input_args": {"smiles": "'COC1=CC=CC=C1CCN=C2NC(=O)C(=CC3=CC4=C(C=C3)N=CC=C4)S2'"}, "time": 1743973983.980843}