{"duration": 0.3929593563079834, "input_args": {"smiles": "'C1CCC(C(C1)[NH-])[NH-].Cl[Pt+2](Cl)(Cl)Cl'"}, "time": 1746310083.787085}