{"duration": 0.5645999908447266, "input_args": {"smiles": "'O=C(NCCCCC1CCN(CC1)C(=O)c1ccccc1)\\\\C=C\\\\c1cccnc1'"}, "time": 1746395215.651984}