{"duration": 0.3824610710144043, "input_args": {"smiles": "'CC1=NC=CC(=C1)C(=O)NC2=NC3=C(N2C4CCCCN(C4)C(=O)C=CCN(C)C)C(=CC=C3)Cl'"}, "time": 1743974028.039927}