{"duration": 0.39815497398376465, "input_args": {"smiles": "'C1=CC(=CC=C1C2=NC(=C(N2)C3=CC=NC=C3)C4=CC=C(C=C4)F)O'"}, "time": 1743974033.803961}