{"duration": 0.3679769039154053, "input_args": {"smiles": "'C[C@@H](O)COc1cn2ncnc(Oc3ccc4[nH]c(C)cc4c3F)c2c1C'"}, "time": 1746309958.1075761}