{"duration": 0.4182472229003906, "input_args": {"smiles": "'COc1cc2ncnc(Nc3ccc(F)c(Cl)c3)c2cc1OCCCN1CCOCC1'"}, "time": 1746388697.3708658}