{"duration": 0.33585262298583984, "input_args": {"smiles": "'CC(=O)NC1=CC=C(C=C1)C(=O)NC2=C(C=CC(=C2)C3=CC=CS3)N'"}, "time": 1743972352.524031}