{"duration": 0.7156801223754883, "input_args": {"smiles": "'COc1ccc(cc1Cl)N(C(C(=O)NCCc1ccccc1)c1cccs1)C(=O)CCl'"}, "time": 1746395136.287454}