{"duration": 0.38657593727111816, "input_args": {"smiles": "'C1(=NC(=NN1)N)N'"}, "time": 1746315576.507931}