{"duration": 0.4131629467010498, "input_args": {"smiles": "'CC1COCCN1C2=NC(=NC3=C2C=CC(=N3)C4=CC(=CC=C4)C(=O)NC)N5CCOCC5C'"}, "time": 1746308255.614443}