{"duration": 0.4535088539123535, "input_args": {"smiles": "'CC1CN(C(=O)C2=C(C=CC(=C2)NC(=O)NC3=CC=C(C=C3)OC)OC1CN(C)CC4=CC5=C(C=C4)OCO5)C(C)CO'"}, "time": 1743973544.3464398}