{"duration": 0.36719512939453125, "input_args": {"smiles": "'CNC(=O)C1=CC=CC2=C1C=CC(=C2)OC3=C4C=C(C(=CC4=NC=C3)OCC5(CC5)N)OC'"}, "time": 1746315903.579672}