{"duration": 0.49807214736938477, "input_args": {"smiles": "'CC12CCC(C(C1CCC3C24CCC(C(C3)C4)(COC(=O)CN)O)(C)CO)O.Cl'"}, "time": 1743973818.457006}