{"duration": 0.3820219039916992, "input_args": {"smiles": "'CC1=C(SC(=O)N1C)C2=NC(=NC=C2)NC3=CC=C(C=C3)N4CCNCC4'"}, "time": 1743972713.21559}