{"duration": 0.4367859363555908, "input_args": {"smiles": "'O=C1c2ccccc2-c2nc3nonc3nc12'"}, "time": 1746309935.724038}