{"duration": 0.388059139251709, "input_args": {"smiles": "'CC1=CC(=NN1)NC2=NC(=NC=C2Cl)NC(C)C3=NC=C(C=N3)F'"}, "time": 1746309690.6195579}