{"duration": 0.4105410575866699, "input_args": {"smiles": "'CC1CN(C(=O)C2=C(C(=CC=C2)NC(=O)C3=CC(=NN3C)C)OC1CN(C)C)C(C)CO'"}, "time": 1743972787.16534}