{"duration": 0.47511887550354004, "input_args": {"smiles": "'[Pt]'"}, "time": 1746395164.388458}