{"duration": 0.5899322032928467, "input_args": {"smiles": "'CC(C)(C(=O)NCC(F)(F)C(F)(F)F)C(=O)N[C@H]1c2ccccc2-c2ccccc2NC1=O'"}, "time": 1746395168.113413}