{"duration": 0.37288403511047363, "input_args": {"smiles": "'C1CN(CCN1CCCCl)CCCl.Cl'"}, "time": 1746310078.406029}