{"duration": 0.38005924224853516, "input_args": {"smiles": "'Oc1ccc(CCC(=O)c2c(O)cc(O)cc2O)cc1'"}, "time": 1746309995.46815}