{"duration": 0.3628089427947998, "input_args": {"smiles": "'CC(=NNC(=S)N1CCC1)C2=CC=CC=N2'"}, "time": 1743972405.946809}