{"duration": 0.5353198051452637, "input_args": {"smiles": "'CC1CC2C(C(C3(O2)CCC4C5CC=C6CC(CCC6(C5CC4=C3C)C)O)C)NC1'"}, "time": 1746394867.906881}