{"duration": 0.528576135635376, "input_args": {"smiles": "'CC(C)(C)CN1C2=C(C=CC(=N2)C3=C(N=C(N3)C(C)(C)C)C4=CC=C(C=C4)F)N=C1N'"}, "time": 1746395529.7932212}