{"duration": 0.4856681823730469, "input_args": {"smiles": "'CCC(=O)N1CCN(CC1)C2=C(C=C(C=C2)N3C(=O)C=CC4=CN=C5C=CC(=CC5=C43)C6=CC7=CC=CC=C7N=C6)C(F)(F)F'"}, "time": 1746394898.173077}