{"duration": 0.3798809051513672, "input_args": {"smiles": "'OC(=O)c1ccc2c(c1)nc(Nc1cccc(Cl)c1)c1ccncc21'"}, "time": 1746310003.220861}