{"duration": 0.5110399723052979, "input_args": {"smiles": "'CCNC1=CC(=NC(=N1)NC2=CC3=C(C=C2)N(C=C3)CC4=CC=CC=C4)NC5CCC(CC5)O'"}, "time": 1743972339.879613}