{"duration": 0.4646761417388916, "input_args": {"smiles": "'C1=CC=C(C=C1)COC2=NC(=NC3=C2NC=N3)N'"}, "time": 1746395398.583723}