{"duration": 0.458219051361084, "input_args": {"smiles": "'CS(=O)(=O)c1cccc(CNc2nc(Nc3ccc4NC(=O)CCc4c3)ncc2C(F)(F)F)c1'"}, "time": 1746395157.6329532}