{"duration": 0.3466176986694336, "input_args": {"smiles": "'CC1=NC=C(C=C1)OC2=C(C=C(C=C2)NC3=NC=NC4=C3C=C(C=C4)C=CCNC(=O)COC)C'"}, "time": 1743973400.799583}