{"duration": 0.5845272541046143, "input_args": {"smiles": "'CC1=NC=CC(=C1)C(=O)NC2=NC3=C(N2C4CCCCN(C4)C(=O)C=CCN(C)C)C(=CC=C3)Cl'"}, "time": 1746395645.185334}