{"duration": 0.43678712844848633, "input_args": {"smiles": "'C1CN(CCC1N2C3=CC=CC=C3NC2=O)CCNC(=O)C4=CC5=CC=CC=C5C=C4.Cl'"}, "time": 1743972713.6564858}