{"duration": 0.37567710876464844, "input_args": {"smiles": "'CC[C@](O)(C(=O)O)C1=C(CO)C(=O)N2Cc3cc4ccccc4nc3C2=C1'"}, "time": 1746314788.46116}