{"duration": 0.32796597480773926, "input_args": {"smiles": "'C1=C(C(=O)NC(=O)N1)F'"}, "time": 1746308247.98716}