{"duration": 0.4246072769165039, "input_args": {"smiles": "'C1CN(CCN1C2=NC=C(C=N2)C(=O)NO)S(=O)(=O)C3=CC4=CC=CC=C4C=C3'"}, "time": 1746310268.030078}