{"duration": 0.36728811264038086, "input_args": {"smiles": "'C1CN(CCO1)c1nnc(-c2ccccc2)c(n1)-c1ccccc1'"}, "time": 1746309905.429021}