{"duration": 0.518078088760376, "input_args": {"smiles": "'CNCC#CC1=C(C=CC2=C1C(=CC3=C(C=CN3)OC)C(=O)N2)F'"}, "time": 1746395558.153137}