{"duration": 0.5069267749786377, "input_args": {"smiles": "'CN(C)CC(=O)N1CCC(CC1)C2=CC(=C(C=C2)NC(=O)C3=NC=C(N3)C#N)C4=CCCCC4'"}, "time": 1746395464.3340669}