{"duration": 0.4382741451263428, "input_args": {"smiles": "'CC(C)[C@H](N(CCCN)C(=O)c1ccc(C)cc1)c1oc2cc(Cl)ccc2c(=O)c1Cc1ccccc1'"}, "time": 1746388656.57106}