{"duration": 0.48623108863830566, "input_args": {"smiles": "'Nc1nc(Cl)nc2n(cnc12)[C@@H]1O[C@H](CO)[C@@H](O)[C@@H]1F'"}, "time": 1746388685.253098}