{"duration": 0.5494189262390137, "input_args": {"smiles": "'COc1cc(cc(OC)c1OC)\\\\C=C\\\\C(=O)N1CCC=CC1=O'"}, "time": 1746395260.6449752}