{"duration": 0.3826749324798584, "input_args": {"smiles": "'CC(=CCCC(=CCC1=C(C=C(C=C1O)C=CC2=CC3=C(C(=C2)O)OC4(CC(C(C(C4C3)(C)C)O)O)C)O)C)C'"}, "time": 1743972615.759129}