{"duration": 0.48123717308044434, "input_args": {"smiles": "'OC[C@@H](O)COc1ccc2CCc3cc(Nc4ccc(F)cc4F)ccc3C(=O)c2c1'"}, "time": 1746395271.4932659}