{"duration": 0.3866922855377197, "input_args": {"smiles": "'CC(=O)Oc1ccc(cc1)C2(C(=O)Nc3ccccc23)c4ccc(OC(=O)C)cc4'"}, "time": 1746315249.4802701}