{"duration": 0.3790571689605713, "input_args": {"smiles": "'COCCOC1=C(C=C2C(=C1)C(=NC=N2)NC3=CC=CC(=C3)C#C)OCCOC.Cl'"}, "time": 1746310130.020393}