{"duration": 0.4336428642272949, "input_args": {"smiles": "'CC(C1=CC=C(C=C1)C(=O)NC2=C3C=CNC3=NC=C2)N'"}, "time": 1743973489.0634408}