{"duration": 0.41114306449890137, "input_args": {"smiles": "'CC1(CC2=CN=C(N=C2C3=C1C(=NN3C)C(=O)NC)NC4=CC(=CC=C4)N5CCN(CC5)C)C'"}, "time": 1746315878.794608}