{"duration": 0.4008979797363281, "input_args": {"smiles": "'C1=NC(=C(N1C2C(C(C(O2)CO)O)O)N)C(=O)N'"}, "time": 1746309685.716883}