{"duration": 0.4711120128631592, "input_args": {"smiles": "'CC(=O)Nc1ccc(cc1)C(=O)Nc1ccccc1N'"}, "time": 1746395274.398974}