{"duration": 0.48456621170043945, "input_args": {"smiles": "'CN1CCN(Cc2ccc(cc2)C(=O)Nc2ccc(C)c(Nc3nc(cs3)-c3cccnc3)c2)CC1'"}, "time": 1746395241.479062}