{"duration": 0.4267079830169678, "input_args": {"smiles": "'CC1=C(C(=CC=C1)C)OC(=O)N(C2=C(C=C(C=C2)OC)OC)C3=NC(=NC=C3)NC4=CC=C(C=C4)N5CCN(CC5)C'"}, "time": 1743973483.963428}