{"duration": 0.33556199073791504, "input_args": {"smiles": "'CC(C)(C)C1=CC=C(C=C1)S(=O)(=O)NCC2=CC=C(C=C2)C(=O)NC3=CN=CC=C3'"}, "time": 1743973619.769856}