{"duration": 0.32341623306274414, "input_args": {"smiles": "'C1=CC(=CC=C1C=CC(=O)C2=C(C=C(C=C2)O)O)O'"}, "time": 1743973640.3236961}