{"duration": 0.5009961128234863, "input_args": {"smiles": "'C1CC(C1)(C(=O)O)C(=O)O.[NH2-].[NH2-].[Pt+2]'"}, "time": 1746395206.080831}