{"duration": 0.3895869255065918, "input_args": {"smiles": "'C1=CC(=CC=C1C=C2C(=O)N=C(S2)N)O'"}, "time": 1746309743.24206}