{"duration": 0.4297821521759033, "input_args": {"smiles": "'CC1(C)CCC(C)(C)c2cc(ccc12)[C@@H](O)C(=O)Nc1ccc(cc1F)C(O)=O'"}, "time": 1746388555.2334988}