{"duration": 0.5098471641540527, "input_args": {"smiles": "'C1CN(CCN1C2=NC=NC3=C2OC4=CC=CC=C43)C(=S)NCC5=CC6=C(C=C5)OCO6'"}, "time": 1743972384.013899}