{"duration": 0.5465469360351562, "input_args": {"smiles": "'CN1C=C(C2=CC=CC=C21)C3=C(C(=O)NC3=O)C4=CC=C(C=C4)N'"}, "time": 1746395537.577605}