{"duration": 0.40196681022644043, "input_args": {"smiles": "'CCCCCCCCCCCCCC=CC(C(CO)NC(=O)CCCCC)O'"}, "time": 1743972686.302378}