{"duration": 0.47814297676086426, "input_args": {"smiles": "'CC1=C(C=C(C=C1)NC(=O)C2=CC=C(C=C2)CN3CCN(CC3)C)NC4=NC=CC(=N4)C5=CN=CC=C5'"}, "time": 1743972337.6255062}