{"duration": 0.6314659118652344, "input_args": {"smiles": "'C=C(CN1CCC2=C(C1)C3=C(N2)C=CC(=C3)F)C4=CC=C(C=C4)C(=O)NC5=CC=CC=C5N'"}, "time": 1746395439.461756}