{"duration": 0.4010276794433594, "input_args": {"smiles": "'COC1=CC(=CC(=C1OC)OC)CCC(=O)N2CCC=CC2=O'"}, "time": 1743972707.185046}