{"duration": 0.3655130863189697, "input_args": {"smiles": "'Nc1ncn([C@@H]2O[C@H](CO)[C@@H](O)[C@H]2O)c(=O)n1'"}, "time": 1746388674.990914}