{"duration": 0.41853904724121094, "input_args": {"smiles": "'CC(C)C[C@H](NC(=O)[C@H](Cc1ccccc1)NC(=O)c1cnccn1)B(O)O'"}, "time": 1746309956.886235}