{"duration": 0.34867405891418457, "input_args": {"smiles": "'CCCCC(C)C=C(C)C=C(C)C(=O)NC1=CC(C2C(C1=O)O2)(C=CC=CC=CC(=O)NC3=C(CCC3=O)O)O'"}, "time": 1743972770.1429079}