{"duration": 0.4143989086151123, "input_args": {"smiles": "'CC1=C(C2=C(N1C(=O)C3=C(C(=CC=C3)Cl)Cl)C=CC(=C2)OC)CCN4CCOCC4'"}, "time": 1743972689.1793852}