{"duration": 0.4454922676086426, "input_args": {"smiles": "'CCN1CCN(CC1)CC2=CN=C(C=C2)NC3=NC=C(C(=N3)C4=CC5=C(C(=C4)F)N=C(N5C(C)C)C)F'"}, "time": 1746315866.365012}