{"duration": 0.3887369632720947, "input_args": {"smiles": "'COc1cc(c(Cl)cc1Cl)-n1c(=S)[nH]c2ccccc2c1=O'"}, "time": 1746309912.2100842}