{"duration": 0.4194459915161133, "input_args": {"smiles": "'CC1=C(C=C(C=C1)C(=O)NC2=CC(=CC(=C2)C(F)(F)F)N3C=C(N=C3)C)NC4=NC=CC(=N4)C5=CN=CC=C5'"}, "time": 1743973442.647776}