{"duration": 0.36909914016723633, "input_args": {"smiles": "'CN1C=C(C2=CC=CC=C21)C3=C(C(=O)NC3=O)C4=CN(C5=CC=CC=C54)CCN'"}, "time": 1746310221.5929441}