{"duration": 0.4371531009674072, "input_args": {"smiles": "'C1=CC(=CC(=C1)Cl)NC2=NC3=C(C=CC(=C3)C(=O)O)C4=C2C=CN=C4'"}, "time": 1746310186.19925}