{"duration": 0.3597900867462158, "input_args": {"smiles": "'Cc1onc(c1-c1ccc(cc1)S(N)(=O)=O)-c1ccccc1'"}, "time": 1746310018.288037}