{"duration": 0.4295670986175537, "input_args": {"smiles": "'CCCc1cc2c(ncnc2s1)N1CCN(CC1)C1=NCC(C)(C)S1'"}, "time": 1746388627.520923}