{"duration": 0.4197549819946289, "input_args": {"smiles": "'C1COCCN1C2=NC(=NC3=C2OC4=C3C=CC=N4)C5=CC(=CC=C5)O'"}, "time": 1743973449.193953}