{"duration": 0.40683436393737793, "input_args": {"smiles": "'CN(C)CC(=O)N1CCC(CC1)C2=CC(=C(C=C2)NC(=O)C3=NC=C(N3)C#N)C4=CCCCC4'"}, "time": 1743973896.482589}