{"duration": 0.4132080078125, "input_args": {"smiles": "'CC1=C2C=C(C=CC2=NN1)C3=CC(=CN=C3)OCC(CC4=CNC5=CC=CC=C54)N'"}, "time": 1743972344.8970041}