{"duration": 0.5014622211456299, "input_args": {"smiles": "'C1=C(C(=O)NC(=O)N1)F'"}, "time": 1746388384.6935081}