{"duration": 0.5042681694030762, "input_args": {"smiles": "'CN1C=C(C2=C1C=CC(=C2)Cl)C3=C(C(=O)NC3=O)C4=CC(=CC=C4)NCC(CO)O'"}, "time": 1746395575.045145}