{"duration": 0.3819561004638672, "input_args": {"smiles": "'C=C(CN1CCN(CC1)C2=CC=CC(=N2)C(F)(F)F)C3=CC=C(C=C3)C(=O)NC4=CC=CC=C4N'"}, "time": 1746310149.9472508}