{"duration": 0.41831398010253906, "input_args": {"smiles": "'CC1=C(C(CCC1)(C)C)C=CC(=CC=CC(=CC(=O)O)C)C'"}, "time": 1746308363.129328}