{"duration": 0.3455691337585449, "input_args": {"smiles": "'CCNC(=O)C[C@@H]1N=C(c2ccc(Cl)cc2)c2cc(OC)ccc2-n2c(C)nnc12'"}, "time": 1746388613.826263}