{"duration": 0.3207879066467285, "input_args": {"smiles": "'C1=C(SC(=C1)C2=CC=C(O2)C3=CC=C(S3)CO)CO'"}, "time": 1743973612.844181}