{"duration": 0.40345120429992676, "input_args": {"smiles": "'CC(CC1=CC2=C(CCC2)C=C1)N'"}, "time": 1746388437.267452}