{"duration": 0.33944201469421387, "input_args": {"smiles": "'C1=CN(C(=O)N=C1N)C2C(C(C(O2)CO)O)O'"}, "time": 1743972412.111277}