{"duration": 0.35936832427978516, "input_args": {"smiles": "'C(C(C(=O)O)NC(=O)CP(=O)(O)O)C(=O)O.[Na+]'"}, "time": 1746310061.352818}