{"duration": 0.38045287132263184, "input_args": {"smiles": "'Cc1c(sc(=O)n1C)-c1ccnc(Nc2ccc(cc2)N2CCNCC2)n1'"}, "time": 1746309852.682436}