{"duration": 0.4774351119995117, "input_args": {"smiles": "'CC1=C(C=CC(=C1)[N+](=O)[O-])NS(=O)(=O)C2=C(C=CC(=C2)Cl)Cl'"}, "time": 1743972354.724052}