{"duration": 0.36818814277648926, "input_args": {"smiles": "'CC(C)N1CCC(CC1)NC2=NC(=NC3=CC(=C(C=C32)OC)OCCCN4CCCC4)N5CCC(CC5)(F)F'"}, "time": 1746388499.463163}