{"duration": 0.9217150211334229, "input_args": {"smiles": "'C1=CC=C(C=C1)CC(=O)NC2=NN=C(S2)CCSCCC3=NN=C(S3)NC(=O)CC4=CC=CC=C4'"}, "time": 1746309694.624634}