{"duration": 0.4047560691833496, "input_args": {"smiles": "'C1C2CC3CC1CC(C2)(C3)C(=O)ON=C(C4=CC=CC=C4)N'"}, "time": 1743972683.131001}