{"duration": 0.3974912166595459, "input_args": {"smiles": "'CC(=O)NC(CS)C(=O)O'"}, "time": 1743973519.848683}