{"duration": 0.3652679920196533, "input_args": {"smiles": "'CC(C)CC(=O)NC1=NNC2=C1CN(C2(C)C)C(=O)C3CCN(CC3)C'"}, "time": 1746308337.5754712}