{"duration": 0.3989589214324951, "input_args": {"smiles": "'OC(=O)CCCc1ccc(cc1)N(CCCl)CCCl'"}, "time": 1746315239.508537}