{"duration": 0.3728299140930176, "input_args": {"smiles": "'CN1CCN(CC1)CCOC2=CC3=C(C(=C2)OC4CCOCC4)C(=NC=N3)NC5=C(C=CC6=C5OCO6)Cl'"}, "time": 1746315759.9912572}