{"duration": 0.39848995208740234, "input_args": {"smiles": "'COC1=CC=C(C=C1)C23C(C(C(C2(C4=C(O3)C=C(C=C4OC)OC)O)O)C(=O)NOC)C5=CC=CC=C5'"}, "time": 1743972718.973825}