{"duration": 0.5126700401306152, "input_args": {"smiles": "'O=C1NC(=O)\\\\C(S1)=C\\\\c1ccc2nccc(-c3ccncc3)c2c1'"}, "time": 1746395110.5074718}