{"duration": 0.4717578887939453, "input_args": {"smiles": "'C1CSC2=C(C(=O)N1)SC3=C2C=C(C=C3)O'"}, "time": 1746394984.649976}