{"duration": 0.3453850746154785, "input_args": {"smiles": "'C1=CC=C2C(=C1)C(=O)C(=C(C2=O)SCCO)SCCO'"}, "time": 1743972759.456827}