{"duration": 0.4409217834472656, "input_args": {"smiles": "'COC1=C(C(=C2C(=C1)CCC(C3=CC(=O)C(=CC=C32)SC)NC(=O)C(F)(F)F)OC)OC'"}, "time": 1743973820.203234}