{"duration": 0.35884904861450195, "input_args": {"smiles": "'CC(C)C12C(O1)C3C4(O3)C5(CCC6=C(C5CC7C4(C2O)O7)COC6=O)C'"}, "time": 1746315614.323211}