{"duration": 0.35098910331726074, "input_args": {"smiles": "'CCN1C2=NC(=NC(=C2C=C(C1=O)C3=CC=NN3)C)N'"}, "time": 1746315923.182858}