{"duration": 0.5576629638671875, "input_args": {"smiles": "'CN1CCN(CC1)CC2=CC=C(C=C2)NC3=NC=C(C(=N3)NC4=CC=CC=C4S(=O)(=O)N(C)C)Cl'"}, "time": 1746395669.989573}