{"duration": 0.47676992416381836, "input_args": {"smiles": "'C1=CC(=C(C(=C1)F)N(C2=NC(=C(C=C2)C(=O)N)C3=C(C=C(C=C3)F)F)C(=O)N)F'"}, "time": 1743972419.23897}