{"duration": 0.43845510482788086, "input_args": {"smiles": "'C1CC(CNC1)C2=CC=C(C=C2)N3C=C4C=CC=C(C4=N3)C(=O)N'"}, "time": 1743972596.800511}