{"duration": 0.39125680923461914, "input_args": {"smiles": "'COc1ccc(cc1)S(=O)(=O)N1CCN(CC1)S(=O)(=O)c1ccc2OCCOc2c1'"}, "time": 1746388630.576323}