{"duration": 0.33850693702697754, "input_args": {"smiles": "'C1COCCN1CC#CC2=CC(=CC=C2)C(=O)C3=C(N(N=C3)C4=CC=C(C=C4)F)N'"}, "time": 1743973972.404329}