{"duration": 0.3754758834838867, "input_args": {"smiles": "'CC1=NN=C2N1C3=CC=CC=C3C(=CC2CC4=NN=C(O4)C)C5=CC=C(C=C5)Cl'"}, "time": 1746315910.238585}