{"duration": 0.35014796257019043, "input_args": {"smiles": "'COC1=C(C=CC2=C3NCCN3C(=NC(=O)C4=CN=C(N=C4)N)N=C21)OCCCN5CCOCC5'"}, "time": 1746315768.722549}