{"duration": 0.3681001663208008, "input_args": {"smiles": "'OCCn1cc(c(n1)-c1ccncc1)-c1ccc2c(CC\\\\C2=N/O)c1'"}, "time": 1746309887.059892}