{"duration": 0.35904979705810547, "input_args": {"smiles": "'COC1=CC(=C(C=C1C(=O)C2=CN=C(N=C2N)NC3CCN(CC3)S(=O)(=O)C)F)F'"}, "time": 1746310251.894014}