{"duration": 0.3613409996032715, "input_args": {"smiles": "'CC(=O)ON=C1C2=CC=CC=C2N=C1C3=C(NC4=C3C=CC(=C4)Br)O'"}, "time": 1746315791.200004}