{"duration": 0.6146070957183838, "input_args": {"smiles": "'CC1CN(C(=O)C2=C(C=CC(=C2)NS(=O)(=O)C3=CN(C=N3)C)OC1CN(C)CC4CC4)C(C)CO'"}, "time": 1743973562.457055}