{"duration": 0.3312079906463623, "input_args": {"smiles": "'CC(C)OC(=O)C1=CN(CC(C2=C1NC3=CC=CC=C32)(C)C)C(=O)C4=CC(=C(C=C4)F)F'"}, "time": 1743973622.4953222}