{"duration": 0.36923909187316895, "input_args": {"smiles": "'CC12CCC(CC1=CCC3C2CCC4(C3CC=C4C5=CN=CC=C5)C)O'"}, "time": 1746310151.99541}