{"duration": 0.39899396896362305, "input_args": {"smiles": "'CCCCCCCCCCC1C(OC1=O)CCC2=CC(=C(C=C2)OC)OC'"}, "time": 1743972726.1383958}