{"duration": 0.38170814514160156, "input_args": {"smiles": "'Fc1ccc(Nc2ncnc3cc(OCCCN4CCOCC4)c(NC(=O)C=C)cc23)cc1Cl'"}, "time": 1746388681.870419}