{"duration": 0.49664998054504395, "input_args": {"smiles": "'COCC1(C(=O)C2CCN1CC2)CO'"}, "time": 1746388534.111883}