{"duration": 0.339616060256958, "input_args": {"smiles": "'C(CCl)N(C(=O)NC(C=O)C(C(C(CO)O)O)O)N=O'"}, "time": 1743973805.8964438}