{"duration": 0.4910888671875, "input_args": {"smiles": "'Cc1c(oc2ccc3ccccc3c12)[N+]([O-])=O'"}, "time": 1746308430.2966871}