{"duration": 0.4908449649810791, "input_args": {"smiles": "'CN1CCC(CC1)COC2=C(C=C3C(=C2)N=CN=C3NC4=C(C=C(C=C4)Br)F)OC'"}, "time": 1746395500.294394}