{"duration": 0.3667032718658447, "input_args": {"smiles": "'C1=CC=C(C=C1)NS(=O)(=O)C2=CC=CC(=C2)C=CC(=O)NO'"}, "time": 1746309695.788464}