{"duration": 0.3427619934082031, "input_args": {"smiles": "'C1=CC=C2C=C3C(=CC2=C1)NC(=N3)CNC4=CC=C(C=C4)C(=O)O'"}, "time": 1743973560.9540339}