{"duration": 0.3783712387084961, "input_args": {"smiles": "'Cc1c(sc(=O)n1C)-c1ccnc(Nc2ccc(cc2)N2CCNCC2)n1'"}, "time": 1746308431.990575}