{"duration": 0.39763903617858887, "input_args": {"smiles": "'OC(CBr)C(O)C(O)C(O)CBr'"}, "time": 1746315084.8131661}