{"duration": 0.3924121856689453, "input_args": {"smiles": "'CC1=C2C(=NN1)NC3=C(C=C(C=C3)OC)C(=N2)C4=CC=CC=C4Cl'"}, "time": 1746315833.362342}