{"duration": 0.48920416831970215, "input_args": {"smiles": "'CC(=O)Nc1ccc(cc1)C(=O)Nc1ccc(F)cc1N'"}, "time": 1746395053.819916}