{"duration": 0.35242295265197754, "input_args": {"smiles": "'CC1CN(C(=O)CC2=C(C=CC(=C2)NC(=O)NC(C)C)OC1CN(C)S(=O)(=O)C)C(C)CO'"}, "time": 1743972728.466753}