{"duration": 0.4362969398498535, "input_args": {"smiles": "'C1=CC=C(C=C1)N=C2NC(=O)C(=CC3=CC4=C(C=C3)N=CC=C4)S2'"}, "time": 1743973982.112451}