{"duration": 0.41158103942871094, "input_args": {"smiles": "'CC1=CC=C(C=C1)C(=O)NCCCCCC(=O)NC2=C(C=C(C=C2)F)N'"}, "time": 1743973613.656204}