{"duration": 0.3854787349700928, "input_args": {"smiles": "'COc1ccc(cc1)C#CC1=CCCN(C(=O)\\\\C=C\\\\c2cc(OC)c(OC)c(OC)c2)C1=O'"}, "time": 1746309854.2841952}