{"duration": 0.3626210689544678, "input_args": {"smiles": "'C1=CC=NC(=C1)C2=CSC(=N2)NC3=CC=CC=N3'"}, "time": 1746315724.0692182}