{"duration": 0.542611837387085, "input_args": {"smiles": "'COc1cc(CCc2cc(NC(=O)c3ccc(cc3)N3C[C@H](C)N[C@H](C)C3)n[nH]2)cc(OC)c1'"}, "time": 1746395031.320291}