{"duration": 0.37999892234802246, "input_args": {"smiles": "'CCC(CC)(C=CCC(C)C1=CCC2C1(CCCC2=CC=C3CC(CC(C3=C)F)O)C)O'"}, "time": 1743972660.1916769}