{"duration": 0.42433595657348633, "input_args": {"smiles": "'COc1cc2nccc(Oc3ccc(NC(=O)Nc4ccc(F)cc4F)c(F)c3)c2cc1OC'"}, "time": 1746388623.38792}