{"duration": 0.39341092109680176, "input_args": {"smiles": "'CC1CC(CC(C1)N)C2=C(C=NC=C2)NC(=O)C3=NC(=C(C=C3)F)C4=C(C=CC=C4F)F'"}, "time": 1746315931.715499}