{"duration": 0.35004115104675293, "input_args": {"smiles": "'C1=CC=C(C=C1)COC2=CC3=C(C=C2)NC(=C3)C(=O)O'"}, "time": 1743972711.637853}