{"duration": 0.366563081741333, "input_args": {"smiles": "'CC1=CN=C(N1)C2=CN=C(N=C2C3=C(C=C(C=C3)Cl)Cl)NCCNC4=NC=C(C=C4)C#N'"}, "time": 1743972327.4094799}