{"duration": 0.3503398895263672, "input_args": {"smiles": "'C[As](C)SCC(C(=O)NCC(=O)O)NC(=O)CCC(C(=O)O)N'"}, "time": 1743972721.286274}