{"duration": 0.39428091049194336, "input_args": {"smiles": "'OC(=O)\\\\C=C\\\\c1ccc(c(Cl)c1)-c1ccc(O)c(c1)C12C[C@H]3C[C@H](C[C@H](C3)C1)C2'"}, "time": 1746308407.569133}