{"duration": 0.330456018447876, "input_args": {"smiles": "'Nc1ccn([C@@H]2O[C@H](CO)[C@@H](O)C2(F)F)c(=O)n1'"}, "time": 1746309974.0235279}