{"duration": 0.37874484062194824, "input_args": {"smiles": "'CN1C=C(C2=CC=CC=C21)C3=C(C(=O)NC3=O)C4=CN(C5=CC=CC=C54)CCCCCN'"}, "time": 1746310219.144622}