{"duration": 0.37799501419067383, "input_args": {"smiles": "'COC(=O)C=CC(=O)N(CCCCNCC1=CC=C(C=C1)COC(=O)NC2=CC=CC3=CC=CC=C32)O'"}, "time": 1743972741.360658}