{"duration": 0.4099431037902832, "input_args": {"smiles": "'COCC1(C(=O)C2CCN1CC2)CO'"}, "time": 1746315924.344497}