{"duration": 0.3668677806854248, "input_args": {"smiles": "'C1CCC(C1)C(CC#N)N2C=C(C=N2)C3=C4C=CNC4=NC=N3'"}, "time": 1746309766.570783}