{"duration": 0.5041279792785645, "input_args": {"smiles": "'CCC1(C2=C(COC1=O)C(=O)N3CC4=CC5=CC=CC=C5N=C4C3=C2)OC(=O)CN(CC)CC.Cl'"}, "time": 1746395371.681877}