{"duration": 0.40793609619140625, "input_args": {"smiles": "'CC1CN(C(=O)CC2=C(C=CC(=C2)NC(=O)NC3CCCCC3)OC1CN(C)C(=O)NC4=CC=CC5=CC=CC=C54)C(C)CO'"}, "time": 1743972738.9374971}