{"duration": 0.40853071212768555, "input_args": {"smiles": "'C1=CC(=CC=C1COCC2C(C(C(O2)N3C4=NC=NC(=C4N=C3NCC5=CC(=C(C=C5)Cl)Cl)N)O)O)C#N'"}, "time": 1743973621.6454048}