{"duration": 0.47949790954589844, "input_args": {"smiles": "'CSC1=CC2=C(C=C1)C3=C(C2=O)C4=C(C=C(C=C4)[N+](=O)[O-])C(=O)N3CCCN=[N+]=[N-]'"}, "time": 1746395453.176836}