{"duration": 0.3963778018951416, "input_args": {"smiles": "'CC(CN1C2=C3C=C(C=CC3=NC=C2N(C1=O)C)C4=CC(=CN=C4)C(C)(C)O)OC'"}, "time": 1746315920.4692101}