{"duration": 0.33811211585998535, "input_args": {"smiles": "'CN(CCCl)CCCl'"}, "time": 1746310164.877603}