{"duration": 0.5071570873260498, "input_args": {"smiles": "'COC1=CC=CC=C1N2CCN(CC2)CC(=C)C3=CC=C(C=C3)C(=O)NC4=CC=CC=C4N'"}, "time": 1746395437.631003}