{"duration": 0.5198550224304199, "input_args": {"smiles": "'NC(=O)Nc1cc(sc1C(=O)N[C@H]1CCCNC1)-c1cccc(F)c1'"}, "time": 1746395032.8962371}