{"duration": 0.42472219467163086, "input_args": {"smiles": "'CCC(C)CNCC(=O)N1CCC2=C(C1COC3=CC=CC(=C3)C)C=CS2'"}, "time": 1743972409.7180722}