{"duration": 0.3799259662628174, "input_args": {"smiles": "'CN(CCCl)CCCl'"}, "time": 1743973905.3352919}