{"duration": 0.42670488357543945, "input_args": {"smiles": "'ClC(Cl)C(c1ccc(Cl)cc1)c2ccccc2Cl'"}, "time": 1746315247.644921}