{"duration": 0.5326690673828125, "input_args": {"smiles": "'C1N=C(NC(=O)N1C2C(C(C(O2)CO)O)O)N.Cl'"}, "time": 1746395346.817461}