{"duration": 0.39609622955322266, "input_args": {"smiles": "'C1=CN(C(=O)N=C1)C2C(C(C(O2)CO)O)O'"}, "time": 1743973667.4167628}