{"duration": 0.3297920227050781, "input_args": {"smiles": "'CCCCCCCCC=CCCCCCCCC(=O)OCC1C(C(C(O1)N2C=CC(=NC2=O)N)(F)F)O'"}, "time": 1743973939.6254568}