{"duration": 0.5262229442596436, "input_args": {"smiles": "'Nc1ccc(cc1NC(=O)c1ccc(cc1)C(=O)NCCc1ccncc1)-c1cccs1'"}, "time": 1746395067.687575}