{"duration": 0.4168698787689209, "input_args": {"smiles": "'COC[C@]1(CO)[N@@]2CC[C@@H](CC2)C1=O'"}, "time": 1746309926.3819652}