{"duration": 0.8792660236358643, "input_args": {"smiles": "'C1CC(NC1)C2=NC3=C(C(=O)N2)OC4=C3C=C(C=C4)Cl'"}, "time": 1743974005.2356532}