{"duration": 0.39095187187194824, "input_args": {"smiles": "'CC1=C2C(=NN1)NC3=C(C=C(C=C3)OC)C(=N2)C4=CC=CC=C4Cl'"}, "time": 1743973964.02118}