{"duration": 0.4107089042663574, "input_args": {"smiles": "'C1CCN(C1)C(=O)NC2=CC=CC(=C2)NC3=NC=C(C(=N3)NCCC4=CN=CN4)Br'"}, "time": 1746315756.162894}