{"duration": 0.42632102966308594, "input_args": {"smiles": "'C1=CC=C2C(=C1)C(=CN2)CCN(CCO)CC3=CC=C(C=C3)C=CC(=O)NO'"}, "time": 1746308284.2817101}