{"duration": 0.37390589714050293, "input_args": {"smiles": "'NC(=S)N\\\\N=C\\\\c1ncccc1O'"}, "time": 1746314788.0814779}