{"duration": 0.3427248001098633, "input_args": {"smiles": "'CN(C)N=Nc1[nH]cnc1C(=O)N'"}, "time": 1746315247.9993641}