{"duration": 0.5091650485992432, "input_args": {"smiles": "'CCC(C)SSc1ncc[nH]1'"}, "time": 1746395163.3970659}