{"duration": 0.34424805641174316, "input_args": {"smiles": "'CCOC(=O)NC(=O)C(=CC1=CC(=C(C=C1)Cl)Cl)C#N'"}, "time": 1743973583.173394}