{"duration": 0.48511815071105957, "input_args": {"smiles": "'C1COCCN1C2=CC(=CC(=C2)C3=NC(=NC=C3)NC4=CC=C(C=C4)N5C=NC(=N5)N6CCOCC6)F'"}, "time": 1746308305.658987}