{"duration": 0.8744919300079346, "input_args": {"smiles": "'CC1=CC2=C(C=C1)N=C(C3=NC=C(N23)C)NCCN.Cl'"}, "time": 1743973389.45893}