{"duration": 0.509087085723877, "input_args": {"smiles": "'CN1CCN(C(=O)C1)CC2=C(N=C3C(=C2)CCCN3C(=O)NC4=NC=C(C(=C4)NCCOC)C#N)C=O'"}, "time": 1746395680.029375}