{"duration": 0.5503928661346436, "input_args": {"smiles": "'C1=CC=NC(=C1)CCN=C2NC(=O)C(=CC3=CC4=C(C=C3)N=CC=C4)S2'"}, "time": 1746395585.0177789}