{"duration": 0.3431529998779297, "input_args": {"smiles": "'CC(=O)ON=C1C2=CC=CC=C2N=C1C3=C(NC4=C3C=CC(=C4)Br)O'"}, "time": 1743973933.321536}