{"duration": 0.40642809867858887, "input_args": {"smiles": "'COc1cc2nccc(Oc3ccc(NC(=O)NC4CC4)c(Cl)c3)c2cc1C(N)=O'"}, "time": 1746309979.865341}