{"duration": 0.3584470748901367, "input_args": {"smiles": "'O1[As]2O[As]3O[As]1O[As](O2)O3'"}, "time": 1746310176.6332512}