{"duration": 0.36891794204711914, "input_args": {"smiles": "'NC1=NC(=O)N(C=N1)C2OC(CO)C(O)C2O'"}, "time": 1746314789.2747688}