{"duration": 0.43021321296691895, "input_args": {"smiles": "'CC(C)S(=O)(=O)C1=CC=CC=C1NC2=NC(=NC=C2Cl)NC3=CC(=CC=C3)NC(=O)CN'"}, "time": 1743974013.65568}