{"duration": 0.4916977882385254, "input_args": {"smiles": "'C1CN1C2=NC(=NC(=N2)N3CC3)N4CC4'"}, "time": 1746395296.180566}