{"duration": 0.3342320919036865, "input_args": {"smiles": "'C1CSC2=C(C(=O)N1)SC3=C2C=C(C=C3)O'"}, "time": 1746309799.67896}