{"duration": 0.37586092948913574, "input_args": {"smiles": "'CCC(CO)NC1=NC(=C2C(=N1)N(C=N2)C(C)C)NCC3=CC=CC=C3'"}, "time": 1746388485.035873}