{"duration": 0.3355569839477539, "input_args": {"smiles": "'CC(C1=CC=CC=C1C(F)(F)F)OC2=C(SC(=C2)N3C=NC4=C3C=C(C=C4)CN5CCN(CC5)C)C(=O)N'"}, "time": 1743972783.964194}