{"duration": 0.5688199996948242, "input_args": {"smiles": "'CCOc1cc2ncc(C#N)c(Nc3ccc(OCc4ccccn4)c(Cl)c3)c2cc1NC(=O)\\\\C=C\\\\CN(C)C'"}, "time": 1746395249.478065}