{"duration": 0.557736873626709, "input_args": {"smiles": "'CCN1C(=O)CNC2=NC=C(N=C21)C3=C(N=C(C=C3)C4=NC=NN4)C'"}, "time": 1746395663.72628}