{"duration": 0.3648970127105713, "input_args": {"smiles": "'CCC(CO)NC1=NC(=C2C(=N1)N(C=N2)C(C)C)NCC3=CC=CC=C3'"}, "time": 1746309772.201638}