{"duration": 0.4348571300506592, "input_args": {"smiles": "'Cc1onc(C(=O)N2CCN(CC2)C(c2ccc(Cl)cc2)c2ccc(Cl)cc2)c1[N+]([O-])=O'"}, "time": 1746388631.834624}