{"duration": 0.36989283561706543, "input_args": {"smiles": "'C1COCCN1C2=NC(=NC3=C2OC4=C3C=CC=N4)C5=CC(=CC=C5)NC(=O)C6=CN=C(C=C6)N'"}, "time": 1746388508.844471}