{"duration": 0.37696194648742676, "input_args": {"smiles": "'C(Cc1c[nH]c2ccccc12)Nc1cccc(Nc2ccncc2)c1'"}, "time": 1746310002.433283}