{"duration": 0.5047931671142578, "input_args": {"smiles": "'C1CN(P(=O)(OC1)NCCCl)CCCl'"}, "time": 1746395321.5760908}