{"duration": 0.5649440288543701, "input_args": {"smiles": "'CN(C)CCS(=O)(=O)NC1=CC=C(C=C1)C2=NC(=NC(=N2)N3CCOCC3)N4C5=C(C(=CC=C5)OC)N=C4C(F)F'"}, "time": 1746395632.514103}