{"duration": 0.47306394577026367, "input_args": {"smiles": "'COC1=CC(=CC(=C1OC)OC)C=CC(=O)N2CCC=CC2=O'"}, "time": 1746394936.16506}