{"duration": 0.3893570899963379, "input_args": {"smiles": "'Cc1ccc(cc1)-n1nc(cc1NC(=O)Nc1ccc(OCCN2CCOCC2)c2ccccc12)C(C)(C)C'"}, "time": 1746388553.867666}