{"duration": 0.38460612297058105, "input_args": {"smiles": "'COC1=CC=CC(=C1N)C2=CC(=O)C3=CC=CC=C3O2'"}, "time": 1743973858.699291}