{"duration": 0.48906707763671875, "input_args": {"smiles": "'Cc1cs\\\\c(=N/C2CCCCC2)n1\\\\N=C\\\\c1ccc(O)c(O)c1O'"}, "time": 1746395058.592297}