{"duration": 0.36354684829711914, "input_args": {"smiles": "'BrCCC(=O)N1CCN(CC1)C(=O)CCBr'"}, "time": 1746315068.6840398}