{"duration": 0.36994194984436035, "input_args": {"smiles": "'COc1cc(\\\\C=C\\\\C(=O)CC(=O)\\\\C=C\\\\c2ccc(O)c(OC)c2)ccc1O'"}, "time": 1746315070.601436}