{"duration": 0.3927419185638428, "input_args": {"smiles": "'CC1=NC=CC(=C1)C(=O)NC2=NC3=C(N2C4CCCCN(C4)C(=O)C=CCN(C)C)C(=CC=C3)Cl'"}, "time": 1746315912.266124}