{"duration": 0.5064420700073242, "input_args": {"smiles": "'CC1=C2C(=NN1)NC3=C(C=C(C=C3)[N+](=O)[O-])C(=N2)C4=CC=CC=C4Cl'"}, "time": 1746395556.117748}