{"duration": 0.40259695053100586, "input_args": {"smiles": "'CC1CN(C(CN1)CN2CCOCC2C)CC(=O)N3CC(C4=C3C=C(C(=N4)CO)CC5=CC=C(C=C5)F)(C)C'"}, "time": 1743974051.421862}