{"duration": 0.34418201446533203, "input_args": {"smiles": "'CN1CCN(Cc2ccc(cc2)C(=O)Nc2ccc(C)c(Nc3nccc(n3)-c3cccnc3)c2)CC1'"}, "time": 1746309975.8789818}