{"duration": 0.48033595085144043, "input_args": {"smiles": "'CC12CCC(CC1=CCC3C2CCC4(C3CC=C4C5=CN=CC=C5)C)O'"}, "time": 1746395460.127234}