{"duration": 0.4405789375305176, "input_args": {"smiles": "'NS(=O)(=O)C#Cc1ccccc1'"}, "time": 1746395260.0932071}