{"duration": 0.3975231647491455, "input_args": {"smiles": "'Cc1sc-2c(c1C)C(=N[C@@H](CC(=O)OC(C)(C)C)c1nnc(C)n-21)c1ccc(Cl)cc1'"}, "time": 1746388618.287224}