{"duration": 0.3803420066833496, "input_args": {"smiles": "'CCN1CCN(CC1)CC2=C(C=C(C=C2)NC(=O)C3=CC(=C(C=C3)C)C=CC4=CN=C5C(=C4OC)C=CN5)C(F)(F)F'"}, "time": 1746388436.85651}