{"duration": 0.3545050621032715, "input_args": {"smiles": "'C1=CC=C(C(=C1)CCN=C2NC(=O)C(=CC3=CC4=C(C=C3)N=CC=C4)S2)Cl'"}, "time": 1743973983.273647}