{"duration": 0.5227038860321045, "input_args": {"smiles": "'CCN1CCN(CC1)C(c1ccc(cc1)C(F)(F)F)c1ccc2cccnc2c1O'"}, "time": 1746395139.24647}