{"duration": 0.4067509174346924, "input_args": {"smiles": "'CC1=CC(=C(N1C2=CC=C(C=C2)F)C)C(=O)CN3CCCC3'"}, "time": 1743972731.667028}