{"duration": 0.36850881576538086, "input_args": {"smiles": "'COCCOC1=C(C=C2C(=C1)C(=NC=N2)NC3=CC=CC(=C3)C#C)OCCOC'"}, "time": 1746388426.369345}