{"duration": 0.35153985023498535, "input_args": {"smiles": "'CCCCCCCCC1=CC=C(C=C1)CCC(CO)(CO)N'"}, "time": 1743973636.959498}