{"duration": 0.4014739990234375, "input_args": {"smiles": "'C1CCC2(CC1)C(=O)N(C(=O)N2)CCN(CCCl)CCCl'"}, "time": 1746310056.150172}