{"duration": 0.41279006004333496, "input_args": {"smiles": "'C1CN(CCN1CCCCl)CCCl.Cl'"}, "time": 1743973825.216321}