{"duration": 0.37310099601745605, "input_args": {"smiles": "'C(C1C(C(C(O1)C2=NNC(=C2O)C(=O)N)O)O)O'"}, "time": 1746310051.992738}