{"duration": 0.3997640609741211, "input_args": {"smiles": "'C1=NC(=C2N1C(=O)N(N=N2)CCCl)C(=O)N'"}, "time": 1743973827.5707898}