{"duration": 0.6372849941253662, "input_args": {"smiles": "'CC(CN(C)C)S(=O)(=O)C1=CC=C(C=C1)C2=CN=C(C(=N2)C(=O)NC3=CC=CC=C3)N'"}, "time": 1743973924.339138}