{"duration": 0.35033702850341797, "input_args": {"smiles": "'CC1=C2CN(C=CC2=C(C3=C1C4=C(N3)C=CC(=C4)OC)C)C'"}, "time": 1746315668.195482}