{"duration": 0.31751084327697754, "input_args": {"smiles": "'COC1=CC=C(C=C1)C2(CCOCC2)CNC(=O)C3=CC=C(C=C3)NC(=O)C4=CC=CO4'"}, "time": 1743973588.721716}