{"duration": 0.47942495346069336, "input_args": {"smiles": "'Cc1cnc2c(NCCN)nc3ccc(C)cc3n12'"}, "time": 1746388555.719465}