{"duration": 0.4189271926879883, "input_args": {"smiles": "'Oc1ccccc1C(=O)c1[nH]c(Cl)c(Cl)c1-n1c(cc(Cl)c1Cl)C(=O)c1ccccc1O'"}, "time": 1746388705.4099112}