{"duration": 0.505918025970459, "input_args": {"smiles": "'OC(=O)c1ccc(cc1)-c1ccc2cc(c(O)cc2c1)C12CC3CC(CC(C3)C1)C2'"}, "time": 1746388599.442006}