{"duration": 0.3992180824279785, "input_args": {"smiles": "'CC1=C(SC(=N1)NC(=O)C)C2=CC(=C(C=C2)Cl)S(=O)(=O)NCCO'"}, "time": 1743972386.863647}