{"duration": 0.4761478900909424, "input_args": {"smiles": "'CN(CCCl)CCCl.Cl'"}, "time": 1746395293.263333}