{"duration": 0.4165198802947998, "input_args": {"smiles": "'C1=CC=C2C(=C1)C=CC(=C2SSC3=C(C=CC4=CC=CC=C43)O)O'"}, "time": 1746308271.279972}