{"duration": 0.3209517002105713, "input_args": {"smiles": "'CC1CN(CC(O1)C)C2=NC3=C(C=CC(=N3)C4=CC(=C(C=C4)OC)CO)C(=N2)N5CCOCC5'"}, "time": 1743973590.961196}