{"duration": 0.6252279281616211, "input_args": {"smiles": "'CN1CCN(CC1)C2=CC=C(C=C2)NC3=NC4=C(C(=N3)OC5=CC=CC(=C5)NC(=O)C=C)SC=C4'"}, "time": 1746395659.2151191}