{"duration": 0.3365519046783447, "input_args": {"smiles": "'CC(C)CNC1=NC(=NC=C1)NCC2=CSC(=N2)C3=CC=CC=C3'"}, "time": 1743972776.499555}