{"duration": 0.48932600021362305, "input_args": {"smiles": "'CC1=C(C(=O)C2=C(C1=O)N3CC4C(C3(C2COC(=O)N)OC)N4)N'"}, "time": 1746394914.424934}