{"duration": 0.3546929359436035, "input_args": {"smiles": "'C1CC2=C(C1)C=C(C=C2)OC3=NC(=C4C(=N3)N(C=N4)CC5=CC=C(C=C5)C6=CC=CC=C6)NC(CC7=CC=CC=C7)CO'"}, "time": 1743973457.443118}