{"duration": 0.49379992485046387, "input_args": {"smiles": "'CC1=CC2=C(C=C1C)N(C(=N2)NCCCO)CC(=O)C3=CC(=C(C(=C3)C(C)(C)C)O)C(C)(C)C'"}, "time": 1743972747.6402922}