{"duration": 0.38291406631469727, "input_args": {"smiles": "'Cc1nc2c(cc(cc2n1Cc1cccc(c1C)C(F)(F)F)N1CCOCC1)C(O)=O'"}, "time": 1746388612.6562262}