{"duration": 0.47600293159484863, "input_args": {"smiles": "'CC1=CC(=CC(=C1OCCO)C)C2=NC3=C(C(=CC(=C3)OC)OC)C(=O)N2'"}, "time": 1743972603.1532428}