{"duration": 0.47119903564453125, "input_args": {"smiles": "'CC1=C2C=C[N+](=CC2=C(C3=C1NC4=CC=CC=C43)C)C.[I-]'"}, "time": 1743973826.4463098}