{"duration": 0.5052847862243652, "input_args": {"smiles": "'Cc1ccc(cc1)C(=O)NCCCCCC(=O)Nc1ccc(F)cc1N'"}, "time": 1746395168.622446}