{"duration": 0.46743297576904297, "input_args": {"smiles": "'COC(=O)NC1=NC2=CC=CC=C2N1'"}, "time": 1746395322.0459478}