{"duration": 0.36815595626831055, "input_args": {"smiles": "'Cc1cnc(Nc2ccc(OCCN3CCCC3)cc2)nc1Nc1cccc(c1)S(=O)(=O)NC(C)(C)C'"}, "time": 1746309940.934746}