{"duration": 0.47900915145874023, "input_args": {"smiles": "'C1=CC=C(C=C1)C2=C(C=CC=N2)C(=O)O'"}, "time": 1746394945.553916}