{"duration": 0.5186069011688232, "input_args": {"smiles": "'CCC1(C2=C(COC1=O)C(=O)N3CC4=C(C5=CC=CC=C5N=C4C3=C2)C=NNC(=O)C(CC6=CNC7=CC=CC=C76)N)O.Cl'"}, "time": 1746395414.907136}