{"duration": 0.42421913146972656, "input_args": {"smiles": "'CN1C=C(C=N1)C2=NC(=C(C3=C2C(=O)NC3)F)NC4CCCCC4N'"}, "time": 1746315925.523541}