{"duration": 0.42101192474365234, "input_args": {"smiles": "'C(CCl)N(C(=O)NC(C=O)C(C(C(CO)O)O)O)N=O'"}, "time": 1746315618.036285}