{"duration": 0.39743995666503906, "input_args": {"smiles": "'CC1=CC=C(C=C1)C(=O)N(CCCN)C(C2=NC3=C(C(=NS3)C)C(=O)N2CC4=CC=CC=C4)C(C)C'"}, "time": 1743972444.5292218}