{"duration": 0.4056739807128906, "input_args": {"smiles": "'C1=CC=C(C=C1)NC(=O)C2=CC(=CC=C2)C(=O)NO'"}, "time": 1743972738.0149639}