{"duration": 0.39998388290405273, "input_args": {"smiles": "'CC1(CN=C(S1)N2CCN(CC2)C3=C4C5=C(CCCC5)SC4=NC=N3)C'"}, "time": 1743972754.850264}