{"duration": 0.3782482147216797, "input_args": {"smiles": "'CC1=C(C=CC(=C1)NC2=NC=NC3=C2C=C(C=C3)NC4=NC(CO4)(C)C)OC5=CC6=NC=NN6C=C5'"}, "time": 1746315794.797438}