{"duration": 0.415956974029541, "input_args": {"smiles": "'C1CC2C(=O)NC(C(=O)NC(C(=O)NCC(C(=O)N2C1)CC3=CC=CC=C3)CC4=CC=CC=C4)CCCCN'"}, "time": 1743973891.576541}