{"duration": 0.4704921245574951, "input_args": {"smiles": "'C1CNP(=O)(OC1)N(CCCl)CCCl'"}, "time": 1746395299.5462332}