{"duration": 0.3991870880126953, "input_args": {"smiles": "'Cc1cccc(n1)-c1[nH]c(nc1-c1ccc2nccnc2c1)C(C)(C)C'"}, "time": 1746309932.5951722}