{"duration": 0.33806300163269043, "input_args": {"smiles": "'C1C(C(OC1N2C=NC(=NC2=O)N)CO)O'"}, "time": 1743973634.448436}