{"duration": 0.38655519485473633, "input_args": {"smiles": "'C1=CC=C(C=C1)CCN=C(N)N=C(N)N'"}, "time": 1746388470.5022469}