{"duration": 0.45622825622558594, "input_args": {"smiles": "'CCC1(C2=C(COC1=O)C(=O)N3CC4=CC5=C(C=CC(=C5NC(=O)C)O)N=C4C3=C2)O'"}, "time": 1743973836.887218}