{"duration": 0.4329519271850586, "input_args": {"smiles": "'Brc1ccc(cc1)\\\\C=C1/SC(NS(=O)(=O)c2cccc3ccccc23)=NC1=O'"}, "time": 1746395261.0796092}