{"duration": 0.3300151824951172, "input_args": {"smiles": "'CN1C(=C(C=N1)Cl)C2=C(SC(=C2)C(=O)NC(CC3=CC(=CC=C3)F)CN)Cl'"}, "time": 1743973498.520163}