{"duration": 0.37476038932800293, "input_args": {"smiles": "'CS(=O)(=O)O.C1=CC(=CC(=C1)Br)NC2=NC=NC3=CC(=NC=C32)N'"}, "time": 1746315674.9299378}