{"duration": 0.5253491401672363, "input_args": {"smiles": "'Fc1ccc(Cc2n[nH]c(=O)c3ccccc23)cc1C(=O)N1CCN(CC1)C(=O)C1CC1'"}, "time": 1746395253.18994}