{"duration": 0.38184595108032227, "input_args": {"smiles": "'C=CC(=O)N1CCN(CC1)C(=O)CNC2=CC(=C(C=C2O)Cl)I'"}, "time": 1746388526.486801}