{"duration": 0.31061601638793945, "input_args": {"smiles": "'C1=NC(=NC(=O)N1C2C(C(C(O2)CO)O)O)N'"}, "time": 1743973493.456279}