{"duration": 0.5220019817352295, "input_args": {"smiles": "'CCC1(C2=C(COC1=O)C(=O)N3CC4=CC5=C(C=CC(=C5[N+](=O)[O-])OC)N=C4C3=C2)O'"}, "time": 1746395377.5497441}