{"duration": 0.3346121311187744, "input_args": {"smiles": "'Nc1n[nH]c(N)n1'"}, "time": 1746315238.1905751}