{"duration": 0.40689992904663086, "input_args": {"smiles": "'C1C2=C(C=CC(=C2)N)N=C3N1C(=O)C4=CC=CC=C43'"}, "time": 1746315636.9653702}