{"duration": 0.5119490623474121, "input_args": {"smiles": "'CN1CCC(C(C1)O)C2=C(C=C(C3=C2OC(=CC3=O)C4=CC=CC=C4Cl)O)O'"}, "time": 1746308262.368567}