{"duration": 0.34986305236816406, "input_args": {"smiles": "'C1(=NC(=NN1)N)N'"}, "time": 1746310023.2994711}