{"duration": 0.4160020351409912, "input_args": {"smiles": "'Cc1ccc(cc1)\\\\C=C1\\\\CNC\\\\C(=C/c2ccc(C)cc2)C1=O'"}, "time": 1746309915.464407}