{"duration": 0.36426377296447754, "input_args": {"smiles": "'COC(=O)\\\\C=C\\\\C(=O)N(O)CCCCNCc1ccc(COC(=O)Nc2cccc3ccccc23)cc1'"}, "time": 1746309983.478327}