{"duration": 0.37798500061035156, "input_args": {"smiles": "'CC(C)N(CCCNC(=O)NC1=CC=C(C=C1)C(C)(C)C)CC2C(C(C(O2)N3C=C(C4=C(N=CN=C43)N)Br)O)O'"}, "time": 1743973462.933283}