{"duration": 0.4388878345489502, "input_args": {"smiles": "'CC1=C(SC2=C1N=C(N=C2N3CCOCC3)C4=CN=C(N=C4)N)C5(COC5)OC'"}, "time": 1746308388.574699}