{"duration": 0.4060502052307129, "input_args": {"smiles": "'CCCC(C1=CC=CC=C1)NC(=O)C(=CC2=NC(=CC=C2)Br)C#N'"}, "time": 1743972729.309021}