{"duration": 0.3697540760040283, "input_args": {"smiles": "'CC1=CC(=C(C(=O)N1)CNC(=O)C2=C3C=NN(C3=CC(=C2)Br)C(C)C)C'"}, "time": 1743973558.7640572}