{"duration": 0.4001600742340088, "input_args": {"smiles": "'C[C@H](CO)N1C[C@H](C)[C@H](CN(C)CC2CC2)Oc2ccc(NS(=O)(=O)c3cn(C)cn3)cc2C1=O'"}, "time": 1746308443.920053}