{"duration": 0.5473096370697021, "input_args": {"smiles": "'C1CN2C(=CC=N2)N1'"}, "time": 1746395304.963091}