{"duration": 0.3870358467102051, "input_args": {"smiles": "'CC1=CC(=NN1)NC2=NN3C(=C(N=C3C(=C2)CN4CCOCC4)C)CC5=C(C=C(C=C5)Cl)F'"}, "time": 1746310202.363262}