{"duration": 0.37476396560668945, "input_args": {"smiles": "'CC1=CC(=C(C=C1Br)NC(=O)NC2=NC=C(N=C2)C)OCC3CNCCO3'"}, "time": 1746315773.0584168}