{"duration": 0.4083380699157715, "input_args": {"smiles": "'C1=CC2=C(C=CC(=C2)C=C3C(=O)NC(=NCCC4=CC=CS4)S3)N=C1'"}, "time": 1746310249.788674}