{"duration": 0.3407139778137207, "input_args": {"smiles": "'CC1=CC(=O)N(C(=C1)C2CCCCC2)O'"}, "time": 1743973630.490685}