{"duration": 0.38703107833862305, "input_args": {"smiles": "'OC(=O)[C@H](Cc1c[nH]c2ccccc12)N1C(=O)c2ccccc2C1=O'"}, "time": 1746388653.535944}