{"duration": 0.3697681427001953, "input_args": {"smiles": "'CC1COCCN1C2=NC(=NC(=N2)N3CCOCC3)C4=CN=C(C=C4C(F)F)N'"}, "time": 1746315944.543978}