{"duration": 0.4205319881439209, "input_args": {"smiles": "'C1CN(CCC12C(=O)NCN2C3=CC=CC=C3)CCNC(=O)C4=CC5=CC=CC=C5C=C4'"}, "time": 1743972750.615242}