{"duration": 0.36008381843566895, "input_args": {"smiles": "'COc1cc2c(ncnc2cc1OCCCN1CCCCC1)N1CCN(CC1)C(=O)Nc1ccc(OC(C)C)cc1'"}, "time": 1746388733.823722}