{"duration": 0.36333489418029785, "input_args": {"smiles": "'CN(C)C1CCN(CC1)C2=CC(=C(C=C2)NC3=NC=C(C(=N3)NC4=CC=CC=C4P(=O)(C)C)Cl)OC'"}, "time": 1746315882.8902001}