{"duration": 0.37847328186035156, "input_args": {"smiles": "'COC1=CC2=C(C=CN=C2C=C1OC)OC3=CC=C(C=C3)NC(=O)C4(CC4)C(=O)NC5=CC=C(C=C5)F'"}, "time": 1743973403.012681}