{"duration": 0.41313886642456055, "input_args": {"smiles": "'C1COCCN1C2=NC(=NC(=N2)N3C4=CC=CC=C4N=C3C(F)F)N5CCOCC5'"}, "time": 1746315793.633402}