{"duration": 0.48085594177246094, "input_args": {"smiles": "'C1=CC=C2C(=C1)C(=CC(=C2O)SCC(=O)O)NS(=O)(=O)C3=CC=C(C=C3)Br'"}, "time": 1743972630.597486}