{"duration": 0.42603206634521484, "input_args": {"smiles": "'CCCCCCCCC1=CC=C(C=C1)CCC(CO)(CO)N'"}, "time": 1746308294.01277}