{"duration": 0.5284640789031982, "input_args": {"smiles": "'CCC(C)CNCC(=O)N1CCC2=C(C1COC3=CC=CC(=C3)C)C=CS2'"}, "time": 1746394941.9217799}