{"duration": 0.38657617568969727, "input_args": {"smiles": "'CC1CC2=CC(=O)CCC2(C3C1C4CCC(C4(CC3)C)(C)O)C'"}, "time": 1746310037.769744}