{"duration": 0.46060800552368164, "input_args": {"smiles": "'CC1=C(C2=CC=CC=C2N1C)C3=C(C(=O)NC3=O)C4=CN(C5=CC=CC=C54)C'"}, "time": 1746395545.128376}