{"duration": 0.4111621379852295, "input_args": {"smiles": "'CN1C=C(C2=CC=CC=C21)C3=C(C(=O)NC3=O)C4=CN(C5=CC=CC=C54)CCCCCN'"}, "time": 1743973953.898192}