{"duration": 0.3750920295715332, "input_args": {"smiles": "'C1COCCN1C2=C(C(=C(S2)C3=NC=NN3)C4=C(C=C(C=C4)C#N)F)C#N'"}, "time": 1746310273.7008598}