{"duration": 0.3578522205352783, "input_args": {"smiles": "'NC(=O)NO'"}, "time": 1746315070.2291489}