{"duration": 0.33975887298583984, "input_args": {"smiles": "'CC(C)(C)C1=CN=C(O1)CSC2=CN=C(S2)NC(=O)C3CCNCC3'"}, "time": 1746310209.209883}