{"duration": 0.3779110908508301, "input_args": {"smiles": "'C1CC(CCC1C2=CC=C(C=C2)NC3=NN(C(=N3)N)C4=CC=CC=N4)N5CCOCC5'"}, "time": 1746315870.537287}