{"duration": 0.4822347164154053, "input_args": {"smiles": "'CS(=O)(=O)N1CCC(CC1)NC2=NC=C(C(=N2)N)C(=O)C3=C(C=CC=C3F)F'"}, "time": 1746395591.6270878}