{"duration": 0.378079891204834, "input_args": {"smiles": "'CC(C)(O)CCc1ccc(O)c2c1oc1cc3O[C@H]4OC=C[C@@]4(O)c3c(O)c1c2=O'"}, "time": 1746388673.368335}