{"duration": 0.5186161994934082, "input_args": {"smiles": "'CC1=C(C=CC(=C1)Br)S(=O)(=O)NC2=CC3=C(C=C2OC)N(C(=O)N3C)C'"}, "time": 1746308395.797154}