{"duration": 0.517146110534668, "input_args": {"smiles": "'CC1=C(NC(=O)C=C)C=C(C=C1)N1C(=O)C=CC2=C1C1=CC(=CC=C1N=C2)C1=CC=C(NS(C)(=O)=O)C=C1'"}, "time": 1746394939.806612}