{"duration": 0.4139988422393799, "input_args": {"smiles": "'OCCSC1=C(SCCO)C(=O)c2ccccc2C1=O'"}, "time": 1746309915.882913}