{"duration": 0.3701467514038086, "input_args": {"smiles": "'C1=CN2C3C(C(C(O3)CO)O)OC2=NC1=N.Cl'"}, "time": 1746315612.262851}