{"duration": 0.45507287979125977, "input_args": {"smiles": "'CCC(=O)OCN1C(=O)C=CC1=O'"}, "time": 1746388528.981518}