{"duration": 0.36856818199157715, "input_args": {"smiles": "'CC1=C2C(=CC=C1)N=C3C=CC=C(C3=N2)C(=O)NCCNCCNCCNC(=O)C4=CC=CC5=NC6=CC=CC(=C6N=C54)C'"}, "time": 1746315731.787643}