{"duration": 0.41756415367126465, "input_args": {"smiles": "'ClCCN(CCCl)P1(=O)NCCCO1'"}, "time": 1746315243.901145}