{"duration": 0.35285401344299316, "input_args": {"smiles": "'CC1=CC(=C(N1)C=C2C(=CC(=C3C=C4C=CC=CC4=N3)N2)OC)C.CS(=O)(=O)O'"}, "time": 1743973444.105879}