{"duration": 0.37029504776000977, "input_args": {"smiles": "'C=C(CN1CCN(CC1)C2=CC=CC=N2)C3=CC=C(C=C3)C(=O)NC4=CC=CC=C4N'"}, "time": 1743973875.636381}