{"duration": 0.37378716468811035, "input_args": {"smiles": "'CC(C)(C1=NC(=CC=C1)N2C3=NC(=NC=C3C(=O)N2CC=C)NC4=CC=C(C=C4)N5CCN(CC5)C)O'"}, "time": 1746315727.776764}