{"duration": 1.1875929832458496, "input_args": {"smiles": "'CC(C)NC(=O)N(C)C[C@H]1Oc2ccc(cc2C(=O)N(C[C@H]1C)[C@H](C)CO)N(C)C'"}, "time": 1746395055.0115168}