{"duration": 0.5609359741210938, "input_args": {"smiles": "'CCN(CC)CCCCNC1=NC2=NC(=C(C=C2C=N1)C3=CC(=CC(=C3)OC)OC)NC(=O)NC(C)(C)C'"}, "time": 1746394924.190576}