{"duration": 0.49849605560302734, "input_args": {"smiles": "'CC1=C2C(=NN1)NC3=C(C=C(C=C3)OC)C(=N2)C4=CC=CC=C4Cl'"}, "time": 1746395557.632685}