{"duration": 0.4597280025482178, "input_args": {"smiles": "'CCCCCCCCC1C(C(=C)C(=O)O1)C(=O)O'"}, "time": 1746388410.407403}