{"duration": 0.47928810119628906, "input_args": {"smiles": "'C(CCl)NC(=O)N(CCCl)N=O'"}, "time": 1746308378.269233}