{"duration": 0.5940029621124268, "input_args": {"smiles": "'ONC(=O)\\\\C=C\\\\c1cccc(c1)S(=O)(=O)Nc1ccccc1'"}, "time": 1746395198.53366}