{"duration": 0.44139814376831055, "input_args": {"smiles": "'CC1=CN=C(N=C1C2=CNC(=C2)C(=O)NC(CO)C3=CC(=CC=C3)Cl)NC4=C(C=C(C=C4)F)Cl'"}, "time": 1746308365.9703848}