{"duration": 0.5179047584533691, "input_args": {"smiles": "'CC1=C2COC(=O)C2=C(C(=C1OC)CC=C(C)CCC(=O)O)O'"}, "time": 1746395326.025378}