{"duration": 0.4801197052001953, "input_args": {"smiles": "'C1CC1N2C3=NC(=NC=C3C=C(C2=O)OC4=C(C=C(C=C4)F)F)NC5CCOCC5'"}, "time": 1746395579.092319}