{"duration": 0.527522087097168, "input_args": {"smiles": "'Nc1ccn([C@@H]2O[C@H](CO)[C@@H](O)[C@@H]2O)c(=O)n1'"}, "time": 1746388687.3002439}