{"duration": 0.3669760227203369, "input_args": {"smiles": "'CN1CCN(CCCN2c3ccccc3Sc3ccc(cc23)C(F)(F)F)CC1'"}, "time": 1746310017.117723}