{"duration": 0.36783695220947266, "input_args": {"smiles": "'CC(C)OC1=C(C=CC(=C1)OC)C2=NC(C(N2C(=O)N3CCNC(=O)C3)C4=CC=C(C=C4)Cl)C5=CC=C(C=C5)Cl'"}, "time": 1746315744.3243341}