{"duration": 0.3385648727416992, "input_args": {"smiles": "'C1=CN(C(=O)N=C1N)C2C(C(C(O2)CO)O)(F)F.Cl'"}, "time": 1746315662.195898}