{"duration": 0.38326406478881836, "input_args": {"smiles": "'CCOC1=C(C=CC(=C1)N2CCC(CC2)O)NC3=NC=C4C(=N3)N(C5=CC=CC=C5C(=O)N4C)C'"}, "time": 1743972432.3437881}