{"duration": 0.3942689895629883, "input_args": {"smiles": "'CCC1(C2=C(COC1=O)C(=O)N3CC4=C(C5=CC=CC=C5N=C4C3=C2)C=NNC(=O)C[N+]6=CC=CC=C6)O.[Cl-]'"}, "time": 1743973864.455887}