{"duration": 0.42136192321777344, "input_args": {"smiles": "'CCCCCCCCCCCCCCCCCCOCC(COP(=O)(O)OC1C(CC(C(C1O)O)O)O)OC'"}, "time": 1746310128.4941068}