{"duration": 0.41428279876708984, "input_args": {"smiles": "'CC(C)C1=C2C(=NN1)NC3=C(C=C(C=C3)[N+](=O)[O-])C(=N2)C4=CC=CC=C4Cl'"}, "time": 1743973963.274955}