{"duration": 0.34998178482055664, "input_args": {"smiles": "'C1=CC(=C(C=C1C2=C(C(=O)C3=C(C=C(C=C3O2)O)O)O)O)O'"}, "time": 1746310163.3790138}