{"duration": 0.47750091552734375, "input_args": {"smiles": "'Nc1ccccc1NC(=O)c1ccc(CNC(=O)OCc2cccnc2)cc1'"}, "time": 1746395221.657752}