{"duration": 0.3855140209197998, "input_args": {"smiles": "'CCOC(=O)C=CN1N=C(N=N1)C2=CC(=CC=C2)Cl'"}, "time": 1743972751.0088441}