{"duration": 0.4025611877441406, "input_args": {"smiles": "'CC1=C2C(=CC=C1)C(=CN2C)C3=C(C(=O)NC3=O)C4=CC(=CC=C4)OC'"}, "time": 1743973977.79296}