{"duration": 0.38030576705932617, "input_args": {"smiles": "'CN1C2=NC=NC3=C2C(=CN3C4C(C(C(O4)COP(=O)(O)O)O)O)C(=N1)N'"}, "time": 1746315630.989622}