{"duration": 0.3971269130706787, "input_args": {"smiles": "'C1=CC(=C(C=C1NC2=C3C=C(C=C(C3=NC=C2C#N)Cl)NCC4=CN=CN4)Cl)F'"}, "time": 1743972748.4612741}