{"duration": 0.3408050537109375, "input_args": {"smiles": "'CCCC1=CC2=C(N=CN=C2S1)N3CCN(CC3)C4=NCC(S4)(C)C'"}, "time": 1743972782.878557}