{"duration": 0.3724210262298584, "input_args": {"smiles": "'C1CC(=CC2=CC=CS2)C(=O)C1=CC3=CC=CS3'"}, "time": 1746309701.06866}