{"duration": 0.5468511581420898, "input_args": {"smiles": "'CC1=CC(CN2C1=C(C3=C(N=CN=C32)N)C4=CC5=CC=CC=C5N=C4)NC(=O)C=C'"}, "time": 1746395685.8394802}