{"duration": 0.6267509460449219, "input_args": {"smiles": "'CC1=C2C=C[N+](=CC2=C(C3=C1NC4=C3C=C(C=C4)OC)C)C.CC(=O)[O-]'"}, "time": 1746395395.566559}