{"duration": 0.4350738525390625, "input_args": {"smiles": "'CC1=NC(=CC=C1)C2=C(N=C(N2)C(C)(C)C)C3=CC4=C(C=C3)OCO4'"}, "time": 1746308346.329498}