{"duration": 0.7642781734466553, "input_args": {"smiles": "'C[C@@H](CO)N1C[C@H](C)[C@H](CN(C)C(=O)Cc2ccncc2)Oc2cc(ccc2S1(=O)=O)C#Cc1ccccc1F'"}, "time": 1746388563.264032}