{"duration": 0.38469505310058594, "input_args": {"smiles": "'C1COCCN1C2=NC(=C(N=N2)C3=CC=CC=C3)C4=CC=CC=C4'"}, "time": 1743972781.431197}