{"duration": 0.5274868011474609, "input_args": {"smiles": "'C1=CC(=CC(=C1)C(=O)C2=C(N(N=C2)C3=C(C=C(C=C3)F)F)N)C4=CC=NC=C4'"}, "time": 1746395570.369088}