{"duration": 0.3750760555267334, "input_args": {"smiles": "'C1COCCN1C2=CC(=O)C3=C(O2)C(=CC=C3)C4=CC=CC5=C4SC6=CC=CC=C56'"}, "time": 1746388457.362672}