{"duration": 0.3855011463165283, "input_args": {"smiles": "'Nc1ccc(cc1NC(=O)C1=CCCC1)-c1cccs1'"}, "time": 1746388582.005045}