{"duration": 0.40518808364868164, "input_args": {"smiles": "'CC(C1=C(N=C2C=C(C=CC2=C1)F)C3=CC=CC=N3)NC4=NC=NC5=C4NC=N5'"}, "time": 1743972625.476075}