{"duration": 0.38135790824890137, "input_args": {"smiles": "'CN(C1CCS(=O)(=O)C1)C(=O)COC(=O)\\\\C=C\\\\c1cccc(c1)[N+]([O-])=O'"}, "time": 1746309879.1358268}