{"duration": 0.4393899440765381, "input_args": {"smiles": "'CN1CCN(CC1)CCCOC2=C(C=C3C(=C2)N=CC(=C3NC4=CC(=C(C(=C4)Cl)OC)Cl)C#N)OC'"}, "time": 1746310160.564616}