{"duration": 0.35106396675109863, "input_args": {"smiles": "'C1=CC(=CC=C1S(=O)(=O)N(CC2=C(C=C(C=C2)C3=NOC=N3)F)C(CCC(F)(F)F)C(=O)N)Cl'"}, "time": 1743973385.7513669}