{"duration": 0.49846982955932617, "input_args": {"smiles": "'C1=CC=C(C(=C1)NC(=O)NC2=C(C=C(C=C2)[N+](=O)[O-])O)Br'"}, "time": 1743972750.190808}