{"duration": 0.5179767608642578, "input_args": {"smiles": "'Nc1ncn([C@H]2C[C@H](O)[C@@H](CO)O2)c(=O)n1'"}, "time": 1746395217.277473}