{"duration": 0.3958761692047119, "input_args": {"smiles": "'CC(C)C1=CC=CC=C1OC(=O)NCCC2=CC3=CC=CC=C3C=C2'"}, "time": 1743972790.479048}