{"duration": 0.549062967300415, "input_args": {"smiles": "'NC(=O)c1ccc(cc1)-c1nc(c([nH]1)-c1ccccn1)-c1ccc2OCOc2c1'"}, "time": 1746395169.678935}