{"duration": 0.4024679660797119, "input_args": {"smiles": "'CC1(CC=C(C2=C1C=CC(=C2)C(=O)NC3=CC=C(C=C3)C(=O)O)C4=CC5=CC=CC=C5N=C4)C'"}, "time": 1743972732.072656}