{"duration": 0.34964609146118164, "input_args": {"smiles": "'COc1ccc(cc1)S(=O)(=O)N(C(=O)C)c2ccccc2C=Cc3cc[n+]([O-])cc3'"}, "time": 1746309862.839783}