{"duration": 0.43822598457336426, "input_args": {"smiles": "'CCC1=C2N=C(C=C(N2N=C1)NCC3=C[N+](=CC=C3)[O-])N4CCCCC4CCO'"}, "time": 1746309808.516144}