{"duration": 0.40743398666381836, "input_args": {"smiles": "'COC(=O)CNC(=O)C(=O)OC'"}, "time": 1743972353.804671}