{"duration": 0.4882090091705322, "input_args": {"smiles": "'CN1C=C(C2=CC=CC=C21)C3=C(C(=O)NC3=O)C4=CC=C(C=C4)OC'"}, "time": 1746395535.0876741}