{"duration": 0.40555715560913086, "input_args": {"smiles": "'CC1CCCC=CC2CC(CC2C(C=CC(=O)O1)O)O'"}, "time": 1743972664.69523}