{"duration": 0.4806559085845947, "input_args": {"smiles": "'CC12CCC3C(C1CCC2O)CCC4=C3C=CC(=C4)OC(=O)N(CCCl)CCCl'"}, "time": 1746395312.8221068}