{"duration": 0.503054141998291, "input_args": {"smiles": "'CC1=CC(=C(C=C1Br)NC(=O)NC2=NC=C(N=C2)C)OCC3CNCCO3'"}, "time": 1746310184.873176}