{"duration": 0.41240429878234863, "input_args": {"smiles": "'COc1cc2nccc(Oc3ccc(NC(=O)Nc4ccc(F)cc4F)c(F)c3)c2cc1OC'"}, "time": 1746309899.8717551}