{"duration": 0.40889620780944824, "input_args": {"smiles": "'C1=CC=C2C(=C1)N=C(S2)C(C#N)C3=NC(=NC=C3)NCCC4=CN=CC=C4'"}, "time": 1743972365.3760152}