{"duration": 0.36875104904174805, "input_args": {"smiles": "'CC1=CC(=NC2=C1C3=C(S2)C(=NC=N3)N)C'"}, "time": 1746310244.259857}