{"duration": 0.3708951473236084, "input_args": {"smiles": "'CC1=C2COC(=O)C2=C(C(=C1OC)CC=C(C)CCC(=O)O)O'"}, "time": 1743973519.44515}