{"duration": 0.34507012367248535, "input_args": {"smiles": "'C1CSCC2=C1N=C(NC2=O)C3=CC=C(C=C3)C(F)(F)F'"}, "time": 1743973486.6531851}