{"duration": 0.34316015243530273, "input_args": {"smiles": "'CN1C=C(C2=CC=CC=C21)C3=C(C(=O)NC3=O)C4=C5CCCCCN5C6=CC=CC=C64'"}, "time": 1743973968.3135638}