{"duration": 0.42014575004577637, "input_args": {"smiles": "'C1=CC(=CC(=C1)NC(=O)C2=C(C(=CC=C2)O)O)NC(=O)C3=C(C(=CC=C3)O)O'"}, "time": 1746309824.393646}