{"duration": 0.5496089458465576, "input_args": {"smiles": "'C1=CC(=CC=C1CC(C(=O)O)N)N(CCCl)CCCl.Cl'"}, "time": 1746395295.686784}