{"duration": 0.4046018123626709, "input_args": {"smiles": "'CN1C=C(C2=CC=CC=C21)C3=C(C(=O)NC3=O)C4=CN(C5=C4C=CC(=C5)OC)C'"}, "time": 1743973945.945954}