{"duration": 0.3355872631072998, "input_args": {"smiles": "'CC1CN(S(=O)(=O)C2=C(C=C(C=C2)C#CC3CCCC3)OC1CN(C)C(=O)NC4=C(C=CC(=C4)F)F)C(C)CO'"}, "time": 1743973555.056162}