{"duration": 0.5239009857177734, "input_args": {"smiles": "'C1=CC=C(C=C1)C(COC2=CC3=C(C=C2)NC(=O)N3)NC(=O)C4=CC=CN(C4=O)CC5=CC(=C(C=C5)F)F'"}, "time": 1746394899.761048}