{"duration": 0.37614011764526367, "input_args": {"smiles": "'C1CNCCC1C2=CC(=NN2)C3=CC=NC=C3'"}, "time": 1746308286.986113}