{"duration": 0.3493921756744385, "input_args": {"smiles": "'CC1=C(C(=O)N(N1CC(C)(C)O)C2=CC=CC=C2)C(=O)NC3=NC=C(C=C3)OC4=C5C=CC(=CC5=NC=C4)OC'"}, "time": 1746310155.480721}