{"duration": 0.3852701187133789, "input_args": {"smiles": "'C1CC(=O)NC(=O)C1NC(=O)N(CCCl)N=O'"}, "time": 1746310039.7572238}