{"duration": 0.5186080932617188, "input_args": {"smiles": "'C1=CC=C(C(=C1)CCN=C2NC(=O)C(=CC3=CC4=C(C=C3)N=CC=C4)S2)Cl'"}, "time": 1746395581.1392572}