{"duration": 0.37886476516723633, "input_args": {"smiles": "'Clc1ccc(Cl)c(c1)-c1ccc(\\\\C=C(/C#N)C(=O)Nc2cccc3ncccc23)o1'"}, "time": 1746388546.590658}