{"duration": 0.3625187873840332, "input_args": {"smiles": "'CN1C=C(C2=CC=CC=C21)C3=C(C(=O)NC3=O)C4=CN(C5=CC=CC=C54)CCSC(=N)N'"}, "time": 1746310224.804777}