{"duration": 0.3414430618286133, "input_args": {"smiles": "'C1=CC(=CC=C1C=CC(=O)C2=C(C=C(C=C2)O)O)O'"}, "time": 1743972717.4275799}