{"duration": 0.37310099601745605, "input_args": {"smiles": "'COC1=C(C=CC(=C1)OCCCN2CCCC2)NC3=NC=C(C(=N3)NC4=CC=CC=C4P(=O)(C)C)Cl'"}, "time": 1746310185.757031}