{"duration": 0.5549349784851074, "input_args": {"smiles": "'CCC(C)C(=O)OC1CC(C=C2C1C(C(C=C2)C)CCC3CC(CC(=O)O3)O)C'"}, "time": 1743973643.8040261}