{"duration": 0.36135411262512207, "input_args": {"smiles": "'C1COCCN1C2=CC=C(C=C2)NC3=NC=CC(=N3)C4=CC=C(C=C4)C(=O)NCC#N'"}, "time": 1743973645.249314}