{"duration": 0.3605990409851074, "input_args": {"smiles": "'CC1=NC(=CC=C1)C2=C(N=C(N2)C(C)(C)C)C3=CC4=C(C=C3)OCO4'"}, "time": 1743973461.7915158}