{"duration": 0.3720860481262207, "input_args": {"smiles": "'CCOc1cc(cc(Cl)c1OCC(=O)OC)\\\\C=C1C(=O)N(N=C/1C)c1ccccc1'"}, "time": 1746388658.598617}