{"duration": 0.46974897384643555, "input_args": {"smiles": "'COc1cc(C=CC(=O)CC(=O)C=Cc2ccc(O)c(OC)c2)ccc1O'"}, "time": 1746395212.093469}