{"duration": 0.3632540702819824, "input_args": {"smiles": "'CN(CCCl)CCCl.Cl'"}, "time": 1746310022.594041}