{"duration": 0.4070608615875244, "input_args": {"smiles": "'COC1=C(C=C2C(=C1)C(=NC=N2)N3C(=NC(=N3)C4=CC=CC=N4)N)OC'"}, "time": 1743973400.450288}