{"duration": 0.37891316413879395, "input_args": {"smiles": "'CCC1=NC(=C(S1)C2=CC(=NC=C2)NC(=O)C3=CC=CC=C3)C4=CC=CC(=C4)C'"}, "time": 1743972366.5291169}