{"duration": 0.35816407203674316, "input_args": {"smiles": "'NC1=NC(=O)N(C=N1)C2OC(CO)C(O)C2O'"}, "time": 1746315258.775649}