{"duration": 0.46002984046936035, "input_args": {"smiles": "'CC(C)NC1=NC=C(C(=C1)C2=CNC(=C2)C(=O)NC(CO)C3=CC(=CC=C3)Cl)Cl'"}, "time": 1743972593.426564}