{"duration": 0.4868900775909424, "input_args": {"smiles": "'C1=C(C(=O)NC(=O)N1)F'"}, "time": 1746394820.747487}