{"duration": 0.44971489906311035, "input_args": {"smiles": "'COc1ccc(cc1[N+]([O-])=O)S(=O)(=O)N(C(C)=O)c1ccc(OC(C)=O)c2ccccc12'"}, "time": 1746388588.221349}