{"duration": 0.4781820774078369, "input_args": {"smiles": "'C1CC(=O)NC(=O)C1NC(=O)N(CCCl)N=O'"}, "time": 1746395314.7911732}