{"duration": 0.5110011100769043, "input_args": {"smiles": "'C1CC(NC1)C(=O)NC2=CC=C(C=C2)C3=NC(=NC=C3)NC4=CC=C(C=C4)N5CCOCC5'"}, "time": 1743974000.7296379}