{"duration": 0.3677661418914795, "input_args": {"smiles": "'CC(=CC(=O)NC1=CC=CC=C1C(=O)O)C2=CC3=CC=CC=C3C=C2'"}, "time": 1746308384.636309}