{"duration": 0.38678598403930664, "input_args": {"smiles": "'COc1ccc(C2=NC(C(N2C(=O)N2CCNC(=O)C2)c2ccc(Cl)cc2)c2ccc(Cl)cc2)c(OC(C)C)c1'"}, "time": 1746388713.903693}