{"duration": 0.3516550064086914, "input_args": {"smiles": "'CS(=O)(=O)NC1=C(N=CC(=C1)C2=CC3=C(C=C2)N=CN=C3NC4=CC(=C(C=C4)F)Cl)Cl'"}, "time": 1743974029.0835688}