{"duration": 0.3734729290008545, "input_args": {"smiles": "'CC(=CC=CC(=CC(=O)O)C)C=CC1=C(C)CCCC1(C)C'"}, "time": 1746310016.363016}