{"duration": 0.41657280921936035, "input_args": {"smiles": "'CC=CCC=CCCC(=O)C1C(O1)C(=O)N'"}, "time": 1743973629.728548}