{"duration": 0.3725409507751465, "input_args": {"smiles": "'CCCCCCCCC1C(C(=C)C(=O)O1)C(=O)O'"}, "time": 1746309699.81654}