{"duration": 0.3735620975494385, "input_args": {"smiles": "'CC1=CC=C(C=C1)C(=O)N(CCCN)C(C2=C(C(=O)C3=C(O2)C=C(C=C3)Cl)CC4=CC=CC=C4)C(C)C'"}, "time": 1746310266.8024142}