{"duration": 0.48540210723876953, "input_args": {"smiles": "'COc1nccnc1NS(=O)(=O)c1ccc(NC(=O)\\\\C=C\\\\c2ccc(s2)[N+]([O-])=O)cc1'"}, "time": 1746395247.772913}