{"duration": 0.38820791244506836, "input_args": {"smiles": "'C1COS(=O)(=O)CS(=O)(=O)O1'"}, "time": 1746315642.374826}