{"duration": 0.4351768493652344, "input_args": {"smiles": "'C1=CC(=CC(=C1)F)NC(=O)NC2=CC=C(C=C2)C3=CSC4=C3C(=NC=C4C5=CN(N=C5)CCO)N'"}, "time": 1746310205.273855}