{"duration": 0.38189697265625, "input_args": {"smiles": "'COC1=CC(=CC(=C1O)OC)C2C3C(COC3=O)C(C4=CC5=C(C=C24)OCO5)OC6C(C(C7C(O6)COC(O7)C8=CC=CS8)O)O'"}, "time": 1743972609.912821}