{"duration": 0.4516720771789551, "input_args": {"smiles": "'CC1=C2C(=CC=C1)N=C(N(C2=O)C3=CC=CC=C3C)CN4C=NC5=C(N=CN=C54)N'"}, "time": 1743972370.594053}