{"duration": 0.36701011657714844, "input_args": {"smiles": "'C1CCC(C1)C(CC#N)N2C=C(C=N2)C3=C4C=CNC4=NC=N3'"}, "time": 1743973460.7646909}