{"duration": 0.3862490653991699, "input_args": {"smiles": "'CCC1(C2=C(COC1=O)C(=O)N3CC4=CC5=CC=CC=C5N=C4C3=C2)OP(=O)(O)O'"}, "time": 1743973844.07697}