{"duration": 0.6130998134613037, "input_args": {"smiles": "'CCOc1ccccc1-c1cc(=O)[nH]c2cc3OCOc3cc12'"}, "time": 1746395106.071137}