{"duration": 0.3361170291900635, "input_args": {"smiles": "'CC1=CC2=C(N1)C=CC(=C2F)OC3=NC=NC4=CC(=C(C=C43)OC)OCCCN5CCCC5'"}, "time": 1743973501.808748}