{"duration": 0.47509312629699707, "input_args": {"smiles": "'C1=CC=C2C(=C1)C3=NNC4=CC=CC(=C43)C2=O'"}, "time": 1743972676.811243}