{"duration": 0.38031697273254395, "input_args": {"smiles": "'COC1=C(C(=CC=C1)F)C(=O)C2=CN=C(N=C2N)NC3CCN(CC3)S(=O)(=O)C'"}, "time": 1746315858.077454}