{"duration": 0.3854048252105713, "input_args": {"smiles": "'CC1=C2C(=CC=C1)C(=CN2C)C3=C(C(=O)NC3=O)C4=CN(C5=CC=CC=C54)C'"}, "time": 1746315820.304522}