{"duration": 0.38779497146606445, "input_args": {"smiles": "'CCCCC1=NC2=C(N1CCN(CC)CC)C=CC(=C2)C=CC(=O)NO'"}, "time": 1746315753.302612}