{"duration": 0.38834285736083984, "input_args": {"smiles": "'C1=CC(=CC(=C1)C(=O)N)C2=CC(=NC=N2)NC3=CC=C(C=C3)OC(F)(F)F'"}, "time": 1746309719.48986}