{"duration": 0.3609650135040283, "input_args": {"smiles": "'CC(C)NC(=O)C1=CC=C(C=C1)CNNC.Cl'"}, "time": 1746315591.981055}