{"duration": 0.43279409408569336, "input_args": {"smiles": "'COc1cc(OC2CCN(C)CC2)ccc1Nc1ncc2n(C)c(=O)n(C3CCCC3)c2n1'"}, "time": 1746308413.488692}