{"duration": 0.556063175201416, "input_args": {"smiles": "'COc1cc2c(NC3CCN(CC3)C(C)C)nc(nc2cc1OCCCN1CCCC1)C1CCCCC1'"}, "time": 1746395184.663295}