{"duration": 0.37781190872192383, "input_args": {"smiles": "'C1C(O1)C(C(C2CO2)O)O'"}, "time": 1743973796.557523}