{"duration": 0.48285722732543945, "input_args": {"smiles": "'CC1=C(C=C(C=N1)CCCN(C)C)NC2=NC=C3CC(=S)NC4=C(C3=N2)C=CC(=C4)C(F)(F)F'"}, "time": 1746395593.729397}