{"duration": 0.3772587776184082, "input_args": {"smiles": "'C1C(C(OC1N2C=NC(=NC2=O)N)CO)O'"}, "time": 1746310046.98014}