{"duration": 0.34633517265319824, "input_args": {"smiles": "'COC1=C(C=C2C(=C1)C3=C(C4=CC5=C(C=C4C3=O)OCO5)N(C2=O)CCCNCCO)OC.Cl'"}, "time": 1743973869.2866418}