{"duration": 0.536052942276001, "input_args": {"smiles": "'C\\\\C1=C\\\\CC[C@@]2(C)O[C@@H]2[C@H]2OC(=O)C(=C)[C@@H]2CC1'"}, "time": 1746395257.564657}