{"duration": 0.36431193351745605, "input_args": {"smiles": "'CC1=CN=C(N1)C2=CN=C(N=C2C3=C(C=C(C=C3)Cl)Cl)NCCNC4=NC=C(C=C4)C#N'"}, "time": 1746388417.990527}