{"duration": 0.7959277629852295, "input_args": {"smiles": "'COC1=C2CN3C(=CC4=C(C3=O)COC(=O)C4(CC(=O)OC)O)C2=NC5=CC=CC=C51'"}, "time": 1746395353.013984}