{"duration": 0.37394213676452637, "input_args": {"smiles": "'CC1C(C(C(C(O1)OC2=C(OC3=CC(=CC(=C3C2=O)O)O)C4=CC=C(C=C4)O)O)OC(=O)C)OC(=O)C'"}, "time": 1746308347.952255}