{"duration": 0.36930012702941895, "input_args": {"smiles": "'CC(C)(C(=O)NCC(F)(F)C(F)(F)F)C(=O)N[C@H]1c2ccccc2-c2ccccc2NC1=O'"}, "time": 1746388654.3401659}