{"duration": 0.35927510261535645, "input_args": {"smiles": "'Nc1nc(Cl)nc2c1ncn2C3CC(O)C(CO)O3'"}, "time": 1746314790.07058}