{"duration": 0.39944982528686523, "input_args": {"smiles": "'COC1=C(C=C2C(=C1)N=CN=C2NC3=CC=CC(=C3)C#C)OCCCCCCC(=O)NO'"}, "time": 1746315938.628035}