{"duration": 0.38815784454345703, "input_args": {"smiles": "'CC(C(=O)O)OC1=CC=C(C=C1)OC2=CN=C3C=CC(=CC3=N2)Cl.[Na+]'"}, "time": 1743973852.755597}