{"duration": 0.3249390125274658, "input_args": {"smiles": "'CCCCCCCCCCC(C)(C)C(=O)NC1=C(C=C(C=C1OC)OC)OC'"}, "time": 1743972779.888103}