{"duration": 0.4246988296508789, "input_args": {"smiles": "'C1=CSC(=C1)C2=CC(=C(C=C2)N)NC(=O)C3=CC=C(C=C3)C(=O)NCCC4=CC=NC=C4'"}, "time": 1743972749.689037}