{"duration": 0.8289272785186768, "input_args": {"smiles": "'COc1ccc2c3C[C@@H]4N([C@@H](CC(C)C)c3[nH]c2c1)C(=O)[C@H](CCC(=O)OC(C)(C)C)NC4=O'"}, "time": 1746309900.709078}