{"duration": 0.3667612075805664, "input_args": {"smiles": "'CC(C1=C(C=NC=C1Cl)Cl)OC2=CC3=C(C=C2)NN=C3C=CC4=CN(N=C4)CCO'"}, "time": 1743973997.832937}