{"duration": 0.91986083984375, "input_args": {"smiles": "'C1=CC(=CC(=C1)I)CSC2=NN=C(O2)C3=CC=NC=C3'"}, "time": 1746388442.743218}