{"duration": 0.3922557830810547, "input_args": {"smiles": "'C1=CC=C(C=C1)COC2=NC(=NC3=C2NC=N3)N'"}, "time": 1743972783.276921}