{"duration": 0.3511478900909424, "input_args": {"smiles": "'CCC(=O)OCN1C(=O)C=CC1=O'"}, "time": 1746308394.112992}