{"duration": 0.37512874603271484, "input_args": {"smiles": "'Cc1n[nH]c2NC3=C([C@@H](c12)c1ccccc1)C(=O)CC(C)(C)C3'"}, "time": 1746308437.13358}