{"duration": 0.36772680282592773, "input_args": {"smiles": "'CC1(C2=NC3=C(N2CCO1)N=C(N=C3N4CCOCC4)C5=CN=C(N=C5)N)C'"}, "time": 1746315927.8895721}