{"duration": 0.3706529140472412, "input_args": {"smiles": "'C1C(C(OC1N2C=NC3=C2NC(=NC3=S)N)CO)O'"}, "time": 1746315589.418045}