{"duration": 0.40450501441955566, "input_args": {"smiles": "'C1CC1NC(=O)C2=NOC(=C2)C3=CC=CS3'"}, "time": 1743973649.184202}