{"duration": 0.3823060989379883, "input_args": {"smiles": "'CC1=CC(=C(N1)C=C2C(=CC(=C3C=C4C=CC=CC4=N3)N2)OC)C'"}, "time": 1743973650.395915}