{"duration": 0.6173431873321533, "input_args": {"smiles": "'O=C1N(C2CCC(=O)NC2=O)C(=O)c2ccccc12'"}, "time": 1746395280.128135}