{"duration": 0.4041018486022949, "input_args": {"smiles": "'CC1=C(C=CC(=C1)NC2=NC=NC3=C2C=C(C=C3)NC4=NC(CO4)(C)C)OC5=CC6=NC=NN6C=C5'"}, "time": 1743973936.6210508}