{"duration": 0.3583948612213135, "input_args": {"smiles": "'Cn1cncc1[C@@](N)(c1ccc(Cl)cc1)c1ccc2n(C)c(=O)cc(-c3cccc(Cl)c3)c2c1'"}, "time": 1746388737.722403}