{"duration": 0.36885809898376465, "input_args": {"smiles": "'CN(C)CCS(=O)(=O)NC1=CC=C(C=C1)C2=NC(=NC(=N2)N3CCOCC3)N4C5=C(C(=CC=C5)OC)N=C4C(F)F'"}, "time": 1746315902.7835069}