{"duration": 0.41086578369140625, "input_args": {"smiles": "'COC1=C(C=C2C(=C1)C(=NC=N2)NC3=CC(=CC=C3)Br)OC.C(CS(=O)(=O)O)O'"}, "time": 1746310110.2355561}