{"duration": 0.3733208179473877, "input_args": {"smiles": "'C1C2CC3CC1CC(C2)(C3)C4=C(C=CC(=C4)C5=C(C=C(C=C5)C=CC(=O)O)Cl)O'"}, "time": 1743972657.580597}