{"duration": 0.47564697265625, "input_args": {"smiles": "'C1=CC=C2C(=C1)C(=CN2CC3=CC=C(C=C3)Cl)C(=O)C(=O)NC4=CC=NC=C4'"}, "time": 1746395488.907331}