{"duration": 0.3939781188964844, "input_args": {"smiles": "'CN1C2=NC(=NC=C2C=C(C1=O)OC3=C(C=C(C=C3)F)F)NC4CCOCC4'"}, "time": 1746310243.4815202}