{"duration": 0.4204521179199219, "input_args": {"smiles": "'C1=CC=NC(=C1)CCN=C2NC(=O)C(=CC3=CC4=C(C=C3)N=CC=C4)S2'"}, "time": 1746310249.376968}