{"duration": 0.3575131893157959, "input_args": {"smiles": "'C1COCCN1CC2=CNC(=C2)C=C3C4=C(C=CC(=C4)CN5CCOC5=O)NC3=O'"}, "time": 1746315798.602755}