{"duration": 0.38945603370666504, "input_args": {"smiles": "'CCC1=CNC2=C1C(=NC=N2)N3CCC(C3)(CNC(=O)C4=C(C=C(C=C4)F)F)N'"}, "time": 1746310258.926177}