{"duration": 0.42795324325561523, "input_args": {"smiles": "'BrCCC(=O)N1CCN(CC1)C(=O)CCBr'"}, "time": 1746315243.478401}