{"duration": 0.37601470947265625, "input_args": {"smiles": "'Cc1ccc(cc1)-n1nc(cc1NC(=O)Nc1ccc(OCCN2CCOCC2)c2ccccc12)C(C)(C)C'"}, "time": 1746308418.626592}