{"duration": 0.591738224029541, "input_args": {"smiles": "'C1CCC(C1)C2=CC(=NN2)NC3=NC(=NC=C3)NC4=CC=C(C=C4)NC(=O)NC5=CC=CC(=C5)C(F)(F)F'"}, "time": 1746394858.954725}