{"duration": 0.3932838439941406, "input_args": {"smiles": "'CC(C)C(C(=O)NC(C)C(=O)NC1C2=CC=CC=C2CCN(C1=O)C)O'"}, "time": 1743972756.141859}