{"duration": 0.5170431137084961, "input_args": {"smiles": "'COC(=O)c1ccc2n(CCCc3ccccc3)c(NC(=O)c3ccccc3)nc2c1'"}, "time": 1746395165.434437}