{"duration": 0.42146778106689453, "input_args": {"smiles": "'CCCCCCCCCC[C@H]1[C@H](CCc2ccc(OC)c(OC)c2)OC1=O'"}, "time": 1746388716.899803}