{"duration": 0.4262959957122803, "input_args": {"smiles": "'CC1=C2C(=NN1)NC3=C(C=C(C=C3)C#N)C(=N2)C4=CC=CC=C4F'"}, "time": 1746315832.965406}