{"duration": 0.3860201835632324, "input_args": {"smiles": "'CC1=C(C(=NO1)C)C2=C(C=C3C(=C2)N=CC4=C3N(C(=O)N4)C(C)C5=CC=CC=N5)OC'"}, "time": 1746315861.588764}