{"duration": 1.5026850700378418, "input_args": {"smiles": "'CCCCCCCCc1ccc(cc1)-c1ccc(cc1)C(O)=O'"}, "time": 1746308411.0274749}