{"duration": 0.3612940311431885, "input_args": {"smiles": "'CC1CC2C3CCC4=CC(=O)C=CC4(C)C3(F)C(O)CC2(C)C1(O)C(=O)CO'"}, "time": 1746388690.529326}