{"duration": 0.521122932434082, "input_args": {"smiles": "'COc1cc(cc(c1)C(F)(F)F)-c1ncn(\\\\C=C/C(=O)OC(C)C)n1'"}, "time": 1746395122.03967}