{"duration": 0.3856949806213379, "input_args": {"smiles": "'CCOC(=O)\\\\C=C/n1nnc(n1)-c1cccc(Cl)c1'"}, "time": 1746309883.1927621}