{"duration": 0.5978519916534424, "input_args": {"smiles": "'C1CCC(CC1)N(CCNCCC2=C3C(=C(C=C2)O)NC(=O)CO3)C(=O)CCNCCC4=CC(=C(C=C4)Cl)Cl'"}, "time": 1746395625.838491}