{"duration": 0.3914322853088379, "input_args": {"smiles": "'CC1CN(C(=O)C2=C(C(=CC=C2)NS(=O)(=O)C3=CC=C(C=C3)F)OC1CN(C)C(=O)NC4CCCCC4)C(C)CO'"}, "time": 1743973544.743211}