{"duration": 0.8260190486907959, "input_args": {"smiles": "'CN(C)CC1=C(OC2=CC=CC=C21)C(=O)NCCOC3=CC=C(C=C3)C(=O)NO'"}, "time": 1743973932.974924}