{"duration": 0.33873677253723145, "input_args": {"smiles": "'CN1C=C(C2=CC=CC=C21)C3=C(C(=O)NC3=O)C4=CC=CC=C4[N+](=O)[O-]'"}, "time": 1743973953.075377}