{"duration": 0.3377690315246582, "input_args": {"smiles": "'COC1=CC(=CC(=C1OC)OC)C2C3C(COC3=O)C(C4=CC5=C(C=C24)OCO5)Br'"}, "time": 1743973525.935667}