{"duration": 0.42909717559814453, "input_args": {"smiles": "'CNNCc1ccc(cc1)C(=O)NC(C)C'"}, "time": 1746395262.01384}