{"duration": 0.3599421977996826, "input_args": {"smiles": "'CC1=C(C(=O)C2=C(C1=O)N3CC4C(C3(C2COC(=O)N)OC)N4C)N'"}, "time": 1743973783.696338}