{"duration": 0.40696001052856445, "input_args": {"smiles": "'Cn1cc(cn1)-c1ccc2nnc(Sc3ccc4ncccc4c3)n2n1'"}, "time": 1746388657.810409}