{"duration": 0.4130258560180664, "input_args": {"smiles": "'CC1=CC(=CC2=C1N=C(N2)C3=C(C=CNC3=O)NCC(C4=CC(=CC=C4)Cl)O)N5CCOCC5'"}, "time": 1743973390.317678}