{"duration": 0.8556580543518066, "input_args": {"smiles": "'Cc1nc(NC(=O)N2CCC[C@H]2C(N)=O)sc1-c1ccnc(c1)C(C)(C)C(F)(F)F'"}, "time": 1746395087.582187}