{"duration": 0.5449049472808838, "input_args": {"smiles": "'C1=CC2=C(C=CC(=C2)C=C3C(=O)NC(=O)S3)N=C1'"}, "time": 1746395590.667812}