{"duration": 0.4488849639892578, "input_args": {"smiles": "'CCN(CCO)CCCOc1ccc2c(Nc3cc(CC(=O)Nc4cccc(F)c4)[nH]n3)ncnc2c1'"}, "time": 1746388675.8286521}