{"duration": 0.4866340160369873, "input_args": {"smiles": "'COC1=C(C=C2C(=C1)C3=C(C4=CC5=C(C=C4C3=O)OCO5)N(C2=O)CCCN6CCOCC6)OC'"}, "time": 1743973874.059424}