{"duration": 0.38805198669433594, "input_args": {"smiles": "'COc1cc2c3n([C@H](C)c4ccccn4)c(=O)[nH]c3cnc2cc1-c1c(C)noc1C'"}, "time": 1746388616.2399821}