{"duration": 0.4621548652648926, "input_args": {"smiles": "'C1COCCN1CC#CC2=CC(=CC=C2)C(=O)C3=C(N(N=C3)C4=CC=C(C=C4)F)N'"}, "time": 1746310236.9571068}