{"duration": 0.39963388442993164, "input_args": {"smiles": "'COC1=C(C=C(C=C1)C2=CC3=NC=CN3C(=N2)NC4=C(C=CC=N4)C(=O)N)OC.Cl.Cl'"}, "time": 1743973386.9421802}