{"duration": 0.43250608444213867, "input_args": {"smiles": "'NC(=S)N\\\\N=C\\\\c1ncccc1O'"}, "time": 1746315083.184447}