{"duration": 0.36646103858947754, "input_args": {"smiles": "'CC(Nc1nc(nc2ccccc12)N1CCCC1)c1ccccc1'"}, "time": 1746388699.6355689}