{"duration": 0.3553438186645508, "input_args": {"smiles": "'C1=CC(=C(N=C1)C=NNC(=S)N)O'"}, "time": 1746315597.325272}