{"duration": 0.49649667739868164, "input_args": {"smiles": "'CC1=C2C=C[N+](=CC2=C(C3=C1SC4=CC=CC=C43)C)C.[I-]'"}, "time": 1746395399.575628}