{"duration": 0.4978001117706299, "input_args": {"smiles": "'C=C(CNCC1=CC=CC=C1)C2=CC=C(C=C2)C(=O)NC3=CC=CC=C3N'"}, "time": 1746395436.595072}