{"duration": 0.41547417640686035, "input_args": {"smiles": "'C1CN(CCN1)C(=O)C2=CC=C(C=C2)C=CC3=NNC4=CC=CC=C43'"}, "time": 1746315765.590493}