{"duration": 0.5352730751037598, "input_args": {"smiles": "'Oc1cccc(c1)-c1nc(N2CCOCC2)c2oc3ncccc3c2n1'"}, "time": 1746395159.1921978}