{"duration": 0.5520780086517334, "input_args": {"smiles": "'Brc1cc2OCOc2cc1C1Nc2ccccc2C2C=CCC12'"}, "time": 1746395135.0476851}