{"duration": 0.39566802978515625, "input_args": {"smiles": "'CC(C1=CC=CC=C1)C(C(=O)NC2=C(C=C(C=C2)I)F)N3C(=O)C(NC3=O)C4=CC=C(C=C4)OCC(CO)O'"}, "time": 1746315860.388391}