{"duration": 0.4503500461578369, "input_args": {"smiles": "'C1CC(OC1CO)N2C=CC(=NC2=O)N'"}, "time": 1746315653.756634}