{"duration": 0.4899630546569824, "input_args": {"smiles": "'CCN(CC)CCCC(C)Nc1nc(C)cc(Nc2ccc3nc(C)cc(N)c3c2)n1'"}, "time": 1746395145.673953}