{"duration": 0.4836769104003906, "input_args": {"smiles": "'CCC1(C2=C(COC1=O)C(=O)N3CC4=CC5=C(C=CC(=C5[N+](=O)[O-])OC)N=C4C3=C2)O'"}, "time": 1746310088.791884}