{"duration": 0.3643910884857178, "input_args": {"smiles": "'CN(CCCl)CCCl.Cl'"}, "time": 1746315575.695762}