{"duration": 0.4986140727996826, "input_args": {"smiles": "'CCN(CC)CCNC(=O)C1=C(NC(=C1C)C=C2C3=C(C=CC(=C3)F)NC2=O)C'"}, "time": 1746394955.933942}