{"duration": 0.3413698673248291, "input_args": {"smiles": "'CC1=NC2=CN=C3C(=C2N1C4CCNCC4)C=CN3'"}, "time": 1743972592.9627771}