{"duration": 0.5084779262542725, "input_args": {"smiles": "'CCCc1cc2c(ncnc2s1)N1CCN(CC1)C1=NCC(C)(C)S1'"}, "time": 1746395131.1981351}