{"duration": 0.5284132957458496, "input_args": {"smiles": "'CS(=O)(=O)N1CCC2=C(N=C(N=C21)N3CCOCC3)C4=CN=C(N=C4)N'"}, "time": 1746395511.237576}