{"duration": 0.3831479549407959, "input_args": {"smiles": "'OC(=O)c1ccc(NCc2nc3cc4ccccc4cc3[nH]2)cc1'"}, "time": 1746388582.801574}