{"duration": 0.5078370571136475, "input_args": {"smiles": "'CC(CN(C)C)NC(=O)C1=C2C(=CC=C1)N=C3C=CC4=C(C3=N2)C=CC=C4OC'"}, "time": 1746395469.077729}