{"duration": 0.3795318603515625, "input_args": {"smiles": "'C1CSC2=C(C(=O)N1)SC3=C2C=C(C=C3)O'"}, "time": 1743973492.892874}