{"duration": 0.4256577491760254, "input_args": {"smiles": "'CN1CC=CCCOC2=CC=CC(=C2)C3=NC(=NC=C3)NC4=CC=CC(=C4)C1'"}, "time": 1743973928.6852071}