{"duration": 0.504810094833374, "input_args": {"smiles": "'CN(C)CCNC(=O)c1cc2CSc3ccc(Cl)cc3-c2s1'"}, "time": 1746395097.5508668}