{"duration": 0.6103706359863281, "input_args": {"smiles": "'CNC(=O)C1=NC=CC(=C1)COC2=NN=C(C3=C2OC=C3)NC4=CC=C(C=C4)Cl'"}, "time": 1743974005.84975}