{"duration": 0.4644889831542969, "input_args": {"smiles": "'CC(=O)N1CCC(CC1)C(=O)Nc1cc(ccc1N)-c1cccs1'"}, "time": 1746395073.713166}