{"duration": 0.41602396965026855, "input_args": {"smiles": "'CC1CN(CC(N1)C)C2=CC=C(C=C2)C(=O)NC3=NNC(=C3)CCC4=CC(=CC(=C4)OC)OC'"}, "time": 1746309691.039925}