{"duration": 0.47292208671569824, "input_args": {"smiles": "'C1(=NC(=NN1)N)N'"}, "time": 1746395294.159395}