{"duration": 0.5283701419830322, "input_args": {"smiles": "'CC(=O)NC1CCC2=CC(=C(C(=C2C3=CC=C(C(=O)C=C13)SC)OC)OC)O'"}, "time": 1746395370.6645918}