{"duration": 0.4044978618621826, "input_args": {"smiles": "'C1=CC(=CC=C1C=C2C(=O)N=C(S2)N)O'"}, "time": 1746308319.1998348}