{"duration": 0.39826297760009766, "input_args": {"smiles": "'C1=CC2=C(C=C1CNC3=CC(=C(C=C3)C(=O)NC(CC(=O)O)C(=O)O)Cl)C(=NC(=N2)N)N'"}, "time": 1743973797.379631}