{"duration": 0.400115966796875, "input_args": {"smiles": "'CC1(CCCC1N2C3=NC(=NC=C3C=C(C2=O)C(F)F)NC4CCN(CC4)S(=O)(=O)C)O'"}, "time": 1746310327.299034}