{"duration": 0.6069400310516357, "input_args": {"smiles": "'Oc1cccc(C(=O)Nc2cccc(NC(=O)c3cccc(O)c3O)c2)c1O'"}, "time": 1746395142.510015}