{"duration": 0.39752197265625, "input_args": {"smiles": "'CC(=CC(=O)NC1=CC=CC=C1C(=O)O)C2=CC3=CC=CC=C3C=C2'"}, "time": 1746388518.278496}