{"duration": 0.4033820629119873, "input_args": {"smiles": "'C1=CC=C2C(=C1)C(=CN2)CCN(CCO)CC3=CC=C(C=C3)C=CC(=O)NO'"}, "time": 1743973406.1924539}