{"duration": 0.6106231212615967, "input_args": {"smiles": "'C1=NC(=C(N1C2C(C(C(O2)CO)O)O)N)C(=O)N'"}, "time": 1746394837.3755221}