{"duration": 0.3589951992034912, "input_args": {"smiles": "'CO[C@]12[C@H]3N[C@H]3CN1C4=C([C@H]2COC(=O)N)C(=O)C(=C(C)C4=O)N'"}, "time": 1746315244.272647}