{"duration": 0.41385769844055176, "input_args": {"smiles": "'C1=CN(C(=O)N=C1N)C2C(C(C(O2)CO)O)O.Cl'"}, "time": 1746310033.083956}