{"duration": 0.49599409103393555, "input_args": {"smiles": "'CN1CC=CCCOC2=CC=CC(=C2)C3=NC(=NC=C3)NC4=CC=CC(=C4)C1'"}, "time": 1746395512.7944279}