{"duration": 0.3961930274963379, "input_args": {"smiles": "'CC1=C(C=CC(=C1)C2=C3N=C(C=C(N3N=C2)NCC4CC(C4)(C)O)OC5=CN=CC=C5)C(=O)NC6CC6'"}, "time": 1746315941.7613811}