{"duration": 0.35075974464416504, "input_args": {"smiles": "'C1=CC=C(C(=C1)N)NC(=O)C2=CC=C(C=C2)CNC(=O)OCC3=CN=CC=C3'"}, "time": 1746308288.5274932}