{"duration": 0.47868800163269043, "input_args": {"smiles": "'C=C(CN1CCC2=CC=CC=C2C1)C3=CC=C(C=C3)C(=O)NC4=CC=C(C=C4)N'"}, "time": 1746395443.9303522}