{"duration": 0.5115809440612793, "input_args": {"smiles": "'C1=C(C(=O)NC(=O)N1)N(CCCl)CCCl'"}, "time": 1746395301.978328}