{"duration": 0.4013209342956543, "input_args": {"smiles": "'CN1C=C(C2=CC=CC=C21)C3=C(C(=O)NC3=O)C4=CN(C5=CC=CC=C54)CCSC(=N)N'"}, "time": 1746315828.858815}