{"duration": 0.7498939037322998, "input_args": {"smiles": "'CC1=CCCC2(C(O2)C3C(CC1)C(=C)C(=O)O3)C'"}, "time": 1746394819.754859}