{"duration": 0.38547682762145996, "input_args": {"smiles": "'C1CSC2=C(C(=O)N1)SC3=C2C=C(C=C3)O'"}, "time": 1746388511.596011}