{"duration": 0.40903210639953613, "input_args": {"smiles": "'CC(C)n1cnc2c(NCCc3ccc(O)cc3)nc(nc12)-c1csc2ccccc12'"}, "time": 1746388663.771487}