{"duration": 0.3808269500732422, "input_args": {"smiles": "'C=CCNC1=C(C(=O)C2=CC=CC=C2C1=O)Cl'"}, "time": 1743973556.304893}