{"duration": 0.43614792823791504, "input_args": {"smiles": "'C1=CC=C(C=C1)N(C2=CC=CC=C2)C3=NC=C(C=N3)C(=O)NCCCCCCC(=O)NO'"}, "time": 1746308250.4875991}