{"duration": 0.3942220211029053, "input_args": {"smiles": "'N=C(NOC(=O)C12CC3CC(CC(C3)C1)C2)c1ccccc1'"}, "time": 1746388601.90451}