{"duration": 0.3449258804321289, "input_args": {"smiles": "'C1=NNC2=C1C(=O)NC=N2'"}, "time": 1746310022.94453}