{"duration": 0.3413279056549072, "input_args": {"smiles": "'CN1C=C(C=N1)NC2=NC3=C(C(=CN3)Cl)C(=N2)OCC4CN(CC4OC)C(=O)C=C'"}, "time": 1743974054.973134}