{"duration": 0.4480619430541992, "input_args": {"smiles": "'CC(=CC=CC(=CC(=O)O)C)C=CC1=C(C)CCCC1(C)C'"}, "time": 1746388740.547764}