{"duration": 0.3800802230834961, "input_args": {"smiles": "'CC(=O)CCCCCC(C(=O)NC1CCCCN1C)C(=O)NC2=NC(=CS2)C3=CC=CC=C3'"}, "time": 1743972749.258018}