{"duration": 0.36266016960144043, "input_args": {"smiles": "'C1=CC(=CC=C1CCC2=CNC3=C2C(=O)NC(=N3)N)C(=O)NC(CCC(=O)[O-])C(=O)[O-]'"}, "time": 1746315732.559822}