{"duration": 0.5453011989593506, "input_args": {"smiles": "'CC1C(CN(C(=O)C2=CC=CC(=C2OCC3C(CCC(O3)CCN(C1=O)C)OC)C#N)C)OC'"}, "time": 1743973564.092536}