{"duration": 0.3782460689544678, "input_args": {"smiles": "'CC(C1=C(C=NC=C1Cl)Cl)OC2=CC3=C(C=C2)NN=C3C=CC4=CN(N=C4)CCO'"}, "time": 1746310262.756434}