{"duration": 0.3380300998687744, "input_args": {"smiles": "'CC(=O)NC1=CC2=C(C=C1)C(=CN2C)C3=C(C(=O)NC3=O)C4=CN(C5=CC=CC=C54)C'"}, "time": 1743973950.833459}