{"duration": 0.39641714096069336, "input_args": {"smiles": "'C[C@]12CC[C@H]3[C@@H](CCC4=CC(=O)CC[C@H]34)[C@@H]1CC[C@@H]2OC(=O)CCc5ccccc5'"}, "time": 1746315242.2356732}