{"duration": 0.46671485900878906, "input_args": {"smiles": "'CC1CC(CC(C1)N)C2=C(C=NC=C2)NC(=O)C3=NC(=C(C=C3)F)C4=C(C=CC=C4F)F'"}, "time": 1746395666.127715}