{"duration": 0.3481779098510742, "input_args": {"smiles": "'CCC[C@H](NC(=O)C(=C\\\\c1cccc(Br)n1)\\\\C#N)c1ccccc1'"}, "time": 1746309946.386799}