{"duration": 0.34217405319213867, "input_args": {"smiles": "'C1CCN(CC1)CCOC2=CC=C(C=C2)C(=O)C3=C(SC4=C3C=CC(=C4)O)C5=CC=C(C=C5)O'"}, "time": 1743973893.664534}