{"duration": 0.43134498596191406, "input_args": {"smiles": "'CN1C=C(C2=CC=CC=C21)C3=NC(=NC=C3)NC4=C(C=C(C(=C4)NC(=O)C=C)N(C)CCN(C)C)OC'"}, "time": 1746308396.716295}