{"duration": 0.38808512687683105, "input_args": {"smiles": "'CN1C2=NC(=NC=C2C=C(C1=O)OC3=CC(=CC=C3)F)NC4CCOCC4'"}, "time": 1746310242.705302}