{"duration": 0.4082796573638916, "input_args": {"smiles": "'CC1=CC(=C(C=C1C2=C(N=C3C(=C2)C=NC(=N3)NC)C)NC(=O)NCCC(C)(C)C)F'"}, "time": 1743974016.979618}