{"duration": 0.5276200771331787, "input_args": {"smiles": "'O=S(=O)(N1CCCc2ccccc12)c1ccc(cc1)-c1cnc(o1)C1CC1'"}, "time": 1746395103.3218188}