{"duration": 0.3757312297821045, "input_args": {"smiles": "'CCOC(=O)c1c(C(=CN)C#N)c2ccc(Cl)c(Cl)c2n1C'"}, "time": 1746309896.3174698}