{"duration": 0.5219249725341797, "input_args": {"smiles": "'CC1CN(CC(O1)C)CC2=CC=C(C=C2)C=CC3=NNC4=C3C=CC(=C4)C5CC56C7=C(C=CC(=C7)OC)NC6=O'"}, "time": 1746310304.8704581}