{"duration": 0.4107649326324463, "input_args": {"smiles": "'C=C(CN1CCC2=CC=CC=C2C1)C3=CC=C(C=C3)CCCC(=O)NC4=CC=CC=C4N'"}, "time": 1743973882.254858}