{"duration": 0.3627018928527832, "input_args": {"smiles": "'COC[C@]1(CO)[N@@]2CC[C@@H](CC2)C1=O'"}, "time": 1746388649.837205}