{"duration": 0.3602879047393799, "input_args": {"smiles": "'ONC(=O)CCCCCCC(=O)Nc1ccccc1'"}, "time": 1746388744.9890409}