{"duration": 0.328214168548584, "input_args": {"smiles": "'CC1=CC(=C(C=C1C2CCNCC2)OC(C)C)NC3=NC=C(C(=N3)NC4=CC=CC=C4S(=O)(=O)C(C)C)Cl'"}, "time": 1743974006.591935}