{"duration": 0.441011905670166, "input_args": {"smiles": "'C1=C(C(=O)NC(=O)N1)F'"}, "time": 1746309673.0963168}