{"duration": 0.37705016136169434, "input_args": {"smiles": "'C1=CN(C(=O)N=C1N)C2C(C(C(O2)CO)O)(F)F'"}, "time": 1746309723.593065}