{"duration": 0.3745849132537842, "input_args": {"smiles": "'CN1N=Nc2c(ncn2C1=O)C(=O)N'"}, "time": 1746310010.949078}