{"duration": 0.3691582679748535, "input_args": {"smiles": "'CC(C1=CC=CC=C1)N=C(NC#N)NC2=CC=CC3=C2C=CC=N3'"}, "time": 1743972768.540916}