{"duration": 0.4781219959259033, "input_args": {"smiles": "'CC1=CC(=NN1)NC2=CC(=NC(=N2)C#CC3=CC=CC=C3)N4CCN(CC4)C'"}, "time": 1746310176.265949}