{"duration": 0.39595961570739746, "input_args": {"smiles": "'C1=CC=C(C(=C1)CCN=C2NC(=O)C(=CC3=CC4=C(C=C3)N=CC=C4)S2)Cl'"}, "time": 1746315851.607921}