{"duration": 0.37496495246887207, "input_args": {"smiles": "'CC(C)(C)CNCCN1C2=C(C(=NC=C2)N)N=C1SC3=CC4=C(C=C3N(C)C)OCO4'"}, "time": 1743973921.780278}