{"duration": 0.3948640823364258, "input_args": {"smiles": "'CC1=C(C(=O)N(C2=NC(=NC=C12)NC3=NC=C(C=C3)N4CCNCC4)C5CCCC5)C(=O)C'"}, "time": 1746309756.265599}