{"duration": 0.6729221343994141, "input_args": {"smiles": "'CC1=CSC(=NC2CCCCC2)N1N=CC3=C(C(=C(C=C3)O)O)O'"}, "time": 1746394909.9716768}