{"duration": 0.40424203872680664, "input_args": {"smiles": "'C1=CC=C2C(=C1)N=C(S2)C(C#N)C3=NC(=NC=C3)NCCC4=CN=CC=C4'"}, "time": 1743973373.830587}