{"duration": 0.3514730930328369, "input_args": {"smiles": "'CC12CCC3C(C1CCC2O)C(CC4=C3C=CC(=C4)O)CCCCCCCCCS(=O)CCCC(C(F)(F)F)(F)F'"}, "time": 1743972444.884638}