{"duration": 0.3780989646911621, "input_args": {"smiles": "'COc1cc2c(NC3CCN(CC3)C(C)C)nc(nc2cc1OCCCN1CCCC1)C1CCCCC1'"}, "time": 1746309943.0024781}