{"duration": 0.39462900161743164, "input_args": {"smiles": "'CC1=NN(C(=O)C\\\\1=N\\\\Nc1ccccc1C(O)=O)c1nc(cs1)-c1ccccc1'"}, "time": 1746388560.627038}