{"duration": 0.5767850875854492, "input_args": {"smiles": "'CN\\\\C(NCCSCc1nc[nH]c1C)=N/C#N'"}, "time": 1746395210.0077372}