{"duration": 0.3994150161743164, "input_args": {"smiles": "'CC1=NN(C(=N1)C2=CN3CCOC4=C(C3=N2)C=CC(=C4)C5=CN(N=C5)C(C)(C)C(=O)N)C(C)C'"}, "time": 1743972599.257828}