{"duration": 0.35265588760375977, "input_args": {"smiles": "'C1CC(=CC2=CC=CS2)C(=O)C1=CC3=CC=CS3'"}, "time": 1743973396.9320462}