{"duration": 0.3569338321685791, "input_args": {"smiles": "'CC(CN(C)C)NC(=O)C1=C2C(=CC=C1)N=C3C=CC4=C(C3=N2)C=CC=C4OC'"}, "time": 1746310158.545805}