{"duration": 0.5358190536499023, "input_args": {"smiles": "'OC(=O)c1ccc(NCc2nc3cc4ccccc4cc3[nH]2)cc1'"}, "time": 1746395070.760672}