{"duration": 0.3648519515991211, "input_args": {"smiles": "'C1=CC(=CC(=C1)C(=O)C2=C(N(N=C2)C3=CC=C(C=C3)F)N)C4=CC=NC=C4'"}, "time": 1746310238.582569}