{"duration": 0.40372180938720703, "input_args": {"smiles": "'CC1=C(C2=CC=CC=C2N1C)C3=C(C(=O)NC3=O)C4=CN(C5=CC=CC=C54)C'"}, "time": 1743973953.4843872}