{"duration": 0.4202408790588379, "input_args": {"smiles": "'C=C(CN1CCC2=CC=CC=C2C1)C3=CC=C(C=C3)C(=O)NC4=CC=C(C=C4)N'"}, "time": 1746315707.785731}