{"duration": 0.34420204162597656, "input_args": {"smiles": "'Nc1n[nH]c(N)n1'"}, "time": 1746314768.556833}