{"duration": 0.40341901779174805, "input_args": {"smiles": "'C1=NC2=C(C(=O)N1)N=CN2C(C=O)OC(CO)C=O'"}, "time": 1743973794.8011038}