{"duration": 0.5244457721710205, "input_args": {"smiles": "'CC1=C2C=C[N+](=CC2=C(C3=C1NC4=C3C=C(C=C4)O)C)C.CC(=O)[O-]'"}, "time": 1746395346.2817469}