{"duration": 0.4201009273529053, "input_args": {"smiles": "'CCN1C(=O)C2=CC(=C(N=C2N(C1=O)C3CC3)N)C(=O)N'"}, "time": 1746309674.23933}