{"duration": 0.351686954498291, "input_args": {"smiles": "'CN1CCN(CC1)CCCN2C3=CC=CC=C3SC4=C2C=C(C=C4)Cl'"}, "time": 1743973655.624258}