{"duration": 0.5036020278930664, "input_args": {"smiles": "'C1CC1C(=O)N2CCN(CC2)C(=O)C3=C(C=CC(=C3)CC4=NNC(=O)C5=CC=CC=C54)F'"}, "time": 1746394922.0223098}