{"duration": 0.3717079162597656, "input_args": {"smiles": "'C[C@@]1(CCCN1)c1nc2c(cccc2[nH]1)C(N)=O'"}, "time": 1746310019.026596}