{"duration": 0.4427027702331543, "input_args": {"smiles": "'CC1=CC2=C(C=C1)N=C3C(C2=O)(CCN3C4=CC=CC=C4)O'"}, "time": 1743973628.945179}