{"duration": 0.4030919075012207, "input_args": {"smiles": "'CCC(CO)NC1=NC(=C2C(=N1)N(C=N2)C(C)C)NCC3=CC=CC=C3'"}, "time": 1743973466.093489}