{"duration": 0.4756050109863281, "input_args": {"smiles": "'CCC(=O)OCN1C(=O)C=CC1=O'"}, "time": 1746395006.124556}