{"duration": 0.33504319190979004, "input_args": {"smiles": "'C1CCC(CC1)NC(=O)N(CCCl)N=O'"}, "time": 1746310036.5980318}