{"duration": 0.41904187202453613, "input_args": {"smiles": "'C1=CC(=CC=C1C2=CNN=C2)C(CN)(C3=CC=C(C=C3)Cl)O'"}, "time": 1746388513.6295521}