{"duration": 0.5832087993621826, "input_args": {"smiles": "'CCc1cnn2c(NCc3ccc[n+]([O-])c3)cc(nc12)N1CCCC[C@H]1CCO'"}, "time": 1746395218.4994829}