{"duration": 0.40744900703430176, "input_args": {"smiles": "'CC(=CC(=O)OC1CC2=CC(CC3(C(O3)C4C1C(=C)C(=O)O4)C)OC2=O)C'"}, "time": 1743972624.251209}