{"duration": 0.4792060852050781, "input_args": {"smiles": "'CN1C=NC2=C1C=C(C(=C2F)NC3=C(C=C(C=C3)Br)Cl)C(=O)NOCCO'"}, "time": 1746308351.002741}