{"duration": 0.5079731941223145, "input_args": {"smiles": "'C[C@@H](Nc1ccccc1C(O)=O)c1cc(C)cn2c1nc(cc2=O)N1CCOCC1'"}, "time": 1746395031.831964}