{"duration": 0.4150819778442383, "input_args": {"smiles": "'C1CC(OC1CO)N2C=CC(=NC2=O)N'"}, "time": 1743973837.304805}