{"duration": 0.4108750820159912, "input_args": {"smiles": "'Brc1ccc(cc1)\\\\C=C1/SC(NS(=O)(=O)c2cccc3ccccc23)=NC1=O'"}, "time": 1746388721.259422}