{"duration": 0.4717531204223633, "input_args": {"smiles": "'Fc1cc(cc(F)c1CN1CCOCC1)-c1cccc2ncc(nc12)-c1cnn(c1)C1CCNCC1'"}, "time": 1746395150.0646799}