{"duration": 0.388840913772583, "input_args": {"smiles": "'C1=CC(=CC(=C1)C(=O)C2=C(N(N=C2)C3=CC=C(C=C3)F)N)C4=CC=NC=C4'"}, "time": 1743973974.388715}