{"duration": 0.3491048812866211, "input_args": {"smiles": "'CC[C@H](Nc1ncnc2[nH]cnc12)c1nc2cccc(F)c2c(=O)n1-c1ccccc1'"}, "time": 1746388596.9424388}