{"duration": 0.3992311954498291, "input_args": {"smiles": "'C1COCCN1C2=CC(=O)C3=C(O2)C(=CC=C3)C4=CC=CC5=C4SC6=CC=CC=C56'"}, "time": 1743972421.7984378}