{"duration": 0.3785531520843506, "input_args": {"smiles": "'COc1ccc2n(C(=O)c3cccc(Cl)c3Cl)c(C)c(CCN3CCOCC3)c2c1'"}, "time": 1746309891.043602}