{"duration": 0.4565300941467285, "input_args": {"smiles": "'C[C@@H](CO)N1C[C@H](C)[C@H](CN(C)C(=O)Nc2cccc3ccccc23)Oc2ccc(NC(=O)NC3CCCCC3)cc2CC1=O'"}, "time": 1746388578.896787}