{"duration": 0.508821964263916, "input_args": {"smiles": "'CCC1(C2=C(COC1=O)C(=O)N3CC4=CC5=C(C=CC=C5N=C4C3=C2)N)O'"}, "time": 1746395377.02542}