{"duration": 0.3502049446105957, "input_args": {"smiles": "'COc1cc2c(Oc3ccc4[nH]c(C)cc4c3F)ncnc2cc1OCCCN1CCCC1'"}, "time": 1746309959.582279}