{"duration": 0.4555020332336426, "input_args": {"smiles": "'C[C@H](CO)N1C[C@@H](C)[C@H](CN(C)Cc2ccc3OCOc3c2)Oc2c(NC(=O)c3ccncc3)cccc2C1=O'"}, "time": 1746388561.5527942}