{"duration": 0.34409594535827637, "input_args": {"smiles": "'OCC1(CO)N2CCC(CC2)C1=O'"}, "time": 1746388649.469812}