{"duration": 0.37047314643859863, "input_args": {"smiles": "'CC1=CN=C(N=C1C2=CN3CC(N(C(=O)C3=N2)CC4=CC(=C(C=C4)F)F)COC)NC5=CC=NN5C'"}, "time": 1746310324.843879}