{"duration": 0.5296399593353271, "input_args": {"smiles": "'CN(C)CCCNc1nc(CN2CCN(CC2)C(c2ccc(Cl)cc2)c2ccc(Cl)cc2)nc2ccccc12'"}, "time": 1746395171.399363}