{"duration": 0.3733372688293457, "input_args": {"smiles": "'CC1=CN=C(N1)C2=CN=C(N=C2C3=C(C=C(C=C3)Cl)Cl)NCCNC4=NC=C(C=C4)C#N'"}, "time": 1743973398.808934}