{"duration": 0.45945310592651367, "input_args": {"smiles": "'OCC(O)CONC(=O)c1cc(Br)c(F)c(F)c1Nc1ccc(I)cc1F'"}, "time": 1746309920.622536}