{"duration": 0.410020112991333, "input_args": {"smiles": "'C1=CC=C2C(=C1)C3=NC4=NON=C4N=C3C2=O'"}, "time": 1743973617.852106}