{"duration": 0.3255422115325928, "input_args": {"smiles": "'CN(CCCl)CCCl'"}, "time": 1746315237.402066}