{"duration": 0.3564150333404541, "input_args": {"smiles": "'C1C2CN(C1CN2C3=CC=CC=N3)C=CC(=O)C4=CC=CC=C4O'"}, "time": 1743973447.8792598}