{"duration": 0.5085000991821289, "input_args": {"smiles": "'Cc1cnc2c(NCCN)nc3ccc(C)cc3n12'"}, "time": 1746309840.743954}