{"duration": 0.37840700149536133, "input_args": {"smiles": "'CN1CCN(CC1)C(=O)CC2CCC(C(O2)CO)NC(=O)C3=CC4=C(C=C3)OCO4'"}, "time": 1743972792.384942}