{"duration": 0.35126709938049316, "input_args": {"smiles": "'C(CCl)NC(=O)N(CCCl)N=O'"}, "time": 1746388512.029134}