{"duration": 0.5378239154815674, "input_args": {"smiles": "'CCNC(=O)NC1=NC=C(S1)C2=CC(=NC(=N2)C3=NC=CN=C3)C4=C(C=C(C=C4C)OC)C'"}, "time": 1743972399.063971}