{"duration": 0.4063241481781006, "input_args": {"smiles": "'C1=CC2=NC(=CN2C=C1)C3=CC(=CC=C3)NC(=O)C4=CC5=C(C(=CC=C5)O)OC4=O'"}, "time": 1743972712.827193}