{"duration": 0.4405510425567627, "input_args": {"smiles": "'CN1CCC(CC1)NC(=O)C2=CC(=C(C=C2F)NC3=NC=C4C(=N3)N(CC(C(=O)N4C)(F)F)C5CCCC5)OC'"}, "time": 1743973994.998116}