{"duration": 0.35692286491394043, "input_args": {"smiles": "'FC(F)c1nc2ccccc2n1-c1nc(nc(n1)N1CCOCC1)N1CCOCC1'"}, "time": 1746388671.036282}