{"duration": 0.3465850353240967, "input_args": {"smiles": "'C1CNCCC1C2=CC(=NN2)C3=CC=NC=C3'"}, "time": 1743973409.1332061}