{"duration": 0.4139063358306885, "input_args": {"smiles": "'C1=CC=C2C(=C1)N=C(S2)C(C#N)C3=NC(=NC=C3)NCCC4=CN=CC=C4'"}, "time": 1746308251.690485}