{"duration": 0.39337611198425293, "input_args": {"smiles": "'COc1cc(cc(OC)c1O)[C@H]1[C@@H]2C(COC2=O)C(O[C@@H]2O[C@@H]3CO[C@H](OC3[C@H](O)[C@H]2O)c2cccs2)c2cc3OCOc3cc12'"}, "time": 1746388736.1659598}