{"duration": 0.38066816329956055, "input_args": {"smiles": "'C1=CN(C(=O)N=C1N)C2C(C(C(=C2F)CO)O)O'"}, "time": 1743974027.2559738}