{"duration": 0.5263879299163818, "input_args": {"smiles": "'C1CC(NC1)C2=NC3=C(C(=O)N2)OC4=C3C=C(C=C4)Cl'"}, "time": 1746395612.297169}