{"duration": 0.6047921180725098, "input_args": {"smiles": "'CN1CC[C@H]([C@H](O)C1)c1c(O)cc(O)c2c1oc(cc2=O)-c1ccccc1Cl'"}, "time": 1746395192.8157618}