{"duration": 0.37288403511047363, "input_args": {"smiles": "'CC1(C(=C)N(C2=CC=CC=C21)CCCCCC(=O)O)C'"}, "time": 1746309706.72327}