{"duration": 0.3529961109161377, "input_args": {"smiles": "'C1=CC=C2C(=C1)C(=CN2)CCN(CCO)CC3=CC=C(C=C3)C=CC(=O)NO'"}, "time": 1746388420.649324}