{"duration": 0.4087681770324707, "input_args": {"smiles": "'CN1CCN(CC1)c1cc(Nc2cc(C)[nH]n2)nc(Sc2ccc(NC(=O)C3CC3)cc2)n1'"}, "time": 1746388739.73078}