{"duration": 0.49210429191589355, "input_args": {"smiles": "'C=C(CN1C2=CC=CC=C2C(=O)C3=CC=CC=C31)C4=CC=C(C=C4)C(=O)NC5=CC=CC=C5N'"}, "time": 1746395449.0852108}