{"duration": 0.42377805709838867, "input_args": {"smiles": "'C1=CC2=C(C=C1[N+](=O)[O-])C(=O)N(C3=C2C(=O)C4=C3C=CC(=C4)F)CCCN=[N+]=[N-]'"}, "time": 1746310145.677096}