{"duration": 0.6832449436187744, "input_args": {"smiles": "'CC(CC1=CC2=C(CCC2)C=C1)N'"}, "time": 1743972592.617105}