{"duration": 0.46414899826049805, "input_args": {"smiles": "'CNC(=O)c1cc(Oc2ccc(NC(=O)Nc3ccc(Cl)c(c3)C(F)(F)F)c(F)c2)ccn1'"}, "time": 1746395264.478786}