{"duration": 0.37877392768859863, "input_args": {"smiles": "'CCCCc1ccc2[nH]c(NC(=O)OC)nc2c1'"}, "time": 1746309993.691433}