{"duration": 0.4142272472381592, "input_args": {"smiles": "'CC1=CC=C(C=C1)C2=C(N(C3=NC=NC(=C23)N)CCCO)C(=O)CF'"}, "time": 1746308292.472648}