{"duration": 0.3952047824859619, "input_args": {"smiles": "'COC1=C(C(=CC=C1)OCCCN)C2=CC(=NN2)NC3=NC=C(N=C3)C#N'"}, "time": 1746315755.360832}