{"duration": 0.4231438636779785, "input_args": {"smiles": "'CC12CCC(C(C1CCC3C24CCC(C(C3)C4)(COC(=O)CN)O)(C)CO)O.Cl'"}, "time": 1746315634.61572}