{"duration": 0.3840639591217041, "input_args": {"smiles": "'C1CCC(C(C1)[NH-])[NH-].C1=CC(=C(C=C1C(=O)O)C(=O)O)C(=O)O.[Pt+2]'"}, "time": 1746310067.430658}