{"duration": 0.4349329471588135, "input_args": {"smiles": "'CCCCCCCCCCCC1=C(C(=O)C=C(C1=O)O)O'"}, "time": 1746388424.74118}