{"duration": 0.3762989044189453, "input_args": {"smiles": "'CC(=CC(=O)OC1CC2=CC(CC3(C(O3)C4C1C(=C)C(=O)O4)C)OC2=O)C'"}, "time": 1743973504.902636}