{"duration": 0.48697495460510254, "input_args": {"smiles": "'N.N.Cl[Pt]Cl'"}, "time": 1746394866.283542}