{"duration": 0.4427909851074219, "input_args": {"smiles": "'CN(C)CC1CN(C1)C(=O)Nc1cc(ccc1N)-c1ccc(F)cc1'"}, "time": 1746388566.625159}