{"duration": 0.3753039836883545, "input_args": {"smiles": "'CC1=C(C=C(C=C1)N2C(=O)C=CC3=CN=C4C=CC(=CC4=C32)C5=CNN=C5)NC(=O)C=C'"}, "time": 1746388473.301244}