{"duration": 0.8541898727416992, "input_args": {"smiles": "'CC1=CSC(=C1)C2=NN=C(C3=CC=CC=C32)NC4=CC=C(C=C4)OC5=C(C=CC=N5)C6=NC(=NC=C6)N'"}, "time": 1746310184.358805}