{"duration": 0.36861491203308105, "input_args": {"smiles": "'C1=CC=C(C(=C1)CCN=C2NC(=O)C(=CC3=CC4=C(C=C3)N=CC=C4)S2)F'"}, "time": 1746310246.5546088}