{"duration": 0.3548860549926758, "input_args": {"smiles": "'C1CNCCC1N2C=C(C=N2)C3=NC4=C(C=CC=C4N=C3)C5=CC(=C(C(=C5)F)CN6CCOCC6)F'"}, "time": 1743972679.186311}