{"duration": 0.3551821708679199, "input_args": {"smiles": "'Oc1cccc(C(=O)Nc2cccc(NC(=O)c3cccc(O)c3O)c2)c1O'"}, "time": 1746309911.8178089}