{"duration": 0.39719605445861816, "input_args": {"smiles": "'CN1C=C(N=C1)C2=CC3=NC=CC(=C3S2)OC4=C(C=C(C=C4)NC(=S)NC(=O)CC5=CC=CC=C5)F'"}, "time": 1743972744.5720599}