{"duration": 0.4123220443725586, "input_args": {"smiles": "'C1CC(CN(C1)C2=C(C=CC=C2C3=CC=CC=C3)C=C4C(=O)NC(=O)S4)N'"}, "time": 1743972448.124313}