{"duration": 0.566906213760376, "input_args": {"smiles": "'CC(CNC1=NC=CC(=C1)C2=C(C3=C(N2)C=CC=N3)C4=CC=C(C=C4)F)O'"}, "time": 1746395571.8747468}