{"duration": 0.3761100769042969, "input_args": {"smiles": "'CCC1(C2=C(COC1=O)C(=O)N3CC4=C(C5=C(C=CC(=C5)O)N=C4C3=C2)CC[Si](C)(C)C)O'"}, "time": 1746310127.700673}