{"duration": 0.4614369869232178, "input_args": {"smiles": "'COC1=C(C=C2C(=C1)N=CN=C2NC3=CC(=C(C=C3)F)Cl)OCCCN4CCOCC4'"}, "time": 1743972412.5832782}