{"duration": 0.34365200996398926, "input_args": {"smiles": "'CCN1CCN(CC1)CC2=C(C=C(C=C2)NC(=O)C3=CC(=C(C=C3)C)C=CC4=CN=C5C(=C4OC)C=CN5)C(F)(F)F'"}, "time": 1743973421.733966}