{"duration": 0.5575380325317383, "input_args": {"smiles": "'CCOC(=O)NC(=O)C(=C\\\\c1ccc(Cl)c(Cl)c1)\\\\C#N'"}, "time": 1746395106.632587}