{"duration": 0.40862393379211426, "input_args": {"smiles": "'CC(C)N1C2=NC=NC(=C2C(=N1)C3=CC4=C(N3)C=CC(=C4)O)N'"}, "time": 1746315793.217825}