{"duration": 0.3794260025024414, "input_args": {"smiles": "'ONC(=O)c1cccc(c1)C(=O)Nc1ccccc1'"}, "time": 1746308437.897314}