{"duration": 0.3426969051361084, "input_args": {"smiles": "'O=C1NC=Nc2[nH]ncc12'"}, "time": 1746315062.87024}