{"duration": 0.5453188419342041, "input_args": {"smiles": "'C=C(CNC(=O)C1=CC=CC=C1)C2=CC=C(C=C2)C(=O)NC3=CC=CC=C3N'"}, "time": 1746395441.076534}