{"duration": 0.7619078159332275, "input_args": {"smiles": "'C1=CN=C(N=C1)C2=NN(N=N2)CC3=C(C=C(C=C3F)C(=O)NO)F'"}, "time": 1746309724.7464309}