{"duration": 0.4737851619720459, "input_args": {"smiles": "'CCC[C@H](NC(=O)C(=C\\\\c1cccc(Br)n1)\\\\C#N)c1ccccc1'"}, "time": 1746388668.661669}