{"duration": 0.3864712715148926, "input_args": {"smiles": "'Nc1ccc(cc1NC(=O)C1=CCCC1)-c1cccs1'"}, "time": 1746309862.486054}