{"duration": 0.4936239719390869, "input_args": {"smiles": "'CN(C(=O)NC(C=O)C(C(C(CO)O)O)O)N=O'"}, "time": 1746395311.866076}