{"duration": 0.41418910026550293, "input_args": {"smiles": "'CCC(=C(C1=CC=C(C=C1)C=CC(=O)O)C2=CC3=C(C=C2)NN=C3)C4=C(C=C(C=C4)F)Cl'"}, "time": 1746388522.562324}