{"duration": 0.4817368984222412, "input_args": {"smiles": "'C1=C(C(=O)NC(=O)N1)F'"}, "time": 1743973369.626128}