{"duration": 0.3503150939941406, "input_args": {"smiles": "'CNC(=O)C1=NC=CC(=C1)OC2=CC=C(C=C2)NC(=O)NC3=CC(=C(C=C3)Cl)C(F)(F)F'"}, "time": 1743973468.8068821}