{"duration": 0.5248887538909912, "input_args": {"smiles": "'CCOC1=CC=CC=C1C2CC(=O)NC3=CC4=C(C=C23)OCO4'"}, "time": 1743973582.415475}