{"duration": 0.3032541275024414, "input_args": {"smiles": "'C1=CN=CC=C1C(=O)NO'"}, "time": 1743973640.629261}