{"duration": 0.3524940013885498, "input_args": {"smiles": "'CN1CCC2=C(C1)C3=CC=CC=C3N2CC4=CC=C(C=C4)C(=O)NO'"}, "time": 1746309786.7603588}