{"duration": 0.4990551471710205, "input_args": {"smiles": "'Fc1ccc(CNc2ncnc3ccc(F)cc23)cc1'"}, "time": 1746395272.9692538}