{"duration": 0.379561185836792, "input_args": {"smiles": "'OC(=O)CCCc1ccc(cc1)N(CCCl)CCCl'"}, "time": 1746315064.452513}