{"duration": 0.3315110206604004, "input_args": {"smiles": "'CC1(C)CCC(C)(C)c2cc(ccc12)C(=O)Nc1ccc(cc1)C(O)=O'"}, "time": 1746309832.755757}