{"duration": 0.3751840591430664, "input_args": {"smiles": "'B(C(CC(C)C)NC(=O)CNC(=O)C1=C(C=CC(=C1)Cl)Cl)(O)O'"}, "time": 1746315810.4323578}