{"duration": 0.3415718078613281, "input_args": {"smiles": "'CCN(CC)C1=C(C=C(C=C1)C2=NNC(=O)CC2C)[N+](=O)[O-]'"}, "time": 1743973580.6687832}