{"duration": 0.438413143157959, "input_args": {"smiles": "'ONC(=O)CCCCCCC(=O)Nc1ccccc1'"}, "time": 1746310020.304847}