{"duration": 0.3869619369506836, "input_args": {"smiles": "'CC(C)CC1C2=C(CC3N1C(=O)C(NC3=O)CCC(=O)OC(C)(C)C)C4=C(N2)C=C(C=C4)OC'"}, "time": 1743972767.4472268}