{"duration": 0.4159998893737793, "input_args": {"smiles": "'COc1ccc2c(c[n+](C)c3c2ccc4cc5OCOc5cc34)c1OC'"}, "time": 1746314777.7360141}