{"duration": 0.5113809108734131, "input_args": {"smiles": "'C=CC(=O)NC1=CC2=C(C=C1)N=CN=C2NC3=CC(=C(C=C3)OCC4=CC(=CC=C4)F)Cl'"}, "time": 1746394826.730301}