{"duration": 0.363523006439209, "input_args": {"smiles": "'CC(C)n1cnc2c(NCc3ccccc3)nc(NCCO)nc12'"}, "time": 1746388637.062808}