{"duration": 0.4976670742034912, "input_args": {"smiles": "'C1CN(CCN1C(=O)CCBr)C(=O)CCBr'"}, "time": 1746315581.8669188}