{"duration": 0.31560397148132324, "input_args": {"smiles": "'C1CC(=NO)C2=C1C=C(C=C2)C3=CN(N=C3C4=CC=NC=C4)CCO'"}, "time": 1743973583.8523169}