{"duration": 0.37674498558044434, "input_args": {"smiles": "'COC1=C(C(=C2C(=C1)CCC(C3=CC(=O)C(=CC=C32)SC)NC(=O)C(F)(F)F)OC)OC'"}, "time": 1746310073.599411}