{"duration": 0.37813782691955566, "input_args": {"smiles": "'CCOC(=O)CCNc1cc(nc(n1)-c1ccccn1)N1CCc2ccccc2CC1'"}, "time": 1746309888.697794}