{"duration": 0.843595027923584, "input_args": {"smiles": "'CCCCNCC(=O)OC1(C2=C(COC1=O)C(=O)N3CC4=CC5=CC=CC=C5N=C4C3=C2)CC.Cl'"}, "time": 1746395382.0373929}