{"duration": 0.36528706550598145, "input_args": {"smiles": "'CC1(C=CC2=C(O1)C=CC3=C2[N+](=C4C3=CC56C(C4(C)C)CC7(CCCN7C5=O)C(=O)N6)[O-])C'"}, "time": 1743972688.760776}