{"duration": 0.3405890464782715, "input_args": {"smiles": "'CC(C)C(C1=CC=CC=C1)C(=O)NC2=CC=C(C=C2)C(=O)NO'"}, "time": 1743973373.056569}