{"duration": 0.6535060405731201, "input_args": {"smiles": "'C1COCCN1CC2=CNC(=C2)C=C3C4=C(C=CC(=C4)CN5CCOC5=O)NC3=O'"}, "time": 1746395525.327596}