{"duration": 0.33662986755371094, "input_args": {"smiles": "'CC1=C(C2=C(C3(CC3)C(C(=O)C2=C1)(C)O)C)CO'"}, "time": 1743973866.246186}