{"duration": 0.44887399673461914, "input_args": {"smiles": "'CC1(C(=C)N(C2=CC=CC=C21)CCCCCC(=O)O)C'"}, "time": 1746308281.0023959}