{"duration": 0.39121007919311523, "input_args": {"smiles": "'C1=CC2=C(C=CC(=C2)C=C3C(=O)NC(=NCCC4=CC=CS4)S3)N=C1'"}, "time": 1743973986.188262}