{"duration": 0.3454911708831787, "input_args": {"smiles": "'CCCCCCCCCCCCCCCCCCOP(=O)([O-])OC1CC[N+](CC1)(C)C'"}, "time": 1743973851.138124}