{"duration": 0.4084029197692871, "input_args": {"smiles": "'C1CN(C2CN(C(=O)C(N2C1=O)CC3=CC=C(C=C3)O)CC4=CC=CC5=CC=CC=C54)C(=O)NCC6=CC=CC=C6'"}, "time": 1743973902.639274}