{"duration": 0.6226422786712646, "input_args": {"smiles": "'C1CN(CC2=CC=CC=C21)CC(CNC(=O)C3=CC(=NC=N3)NC4COC4)O'"}, "time": 1746395641.871912}