{"duration": 0.44473695755004883, "input_args": {"smiles": "'C1CC(=CC2=CC=CS2)C(=O)C1=CC3=CC=CS3'"}, "time": 1746394857.750588}