{"duration": 0.4214746952056885, "input_args": {"smiles": "'COc1cc2c(NC3CCN(C)CC3)nc(nc2cc1OCCOCCN(C)C)N1CCCN(C)CC1'"}, "time": 1746388666.1924071}