{"duration": 0.5187067985534668, "input_args": {"smiles": "'COc1cc2c(NC3CCN(C)CC3)nc(nc2cc1OCCOCCN(C)C)N1CCCN(C)CC1'"}, "time": 1746395184.1027079}