{"duration": 0.6176800727844238, "input_args": {"smiles": "'COc1ccc(cc1[N+]([O-])=O)S(=O)(=O)N(C(C)=O)c1ccc(OC(C)=O)c2ccccc12'"}, "time": 1746395077.044513}