{"duration": 0.40161895751953125, "input_args": {"smiles": "'B(C(CC(C)C)NC(=O)CNC(=O)C1=C(C=CC(=C1)Cl)Cl)(O)O'"}, "time": 1743973601.367448}