{"duration": 0.4051399230957031, "input_args": {"smiles": "'C1=CC=C(C=C1)CN2C3=CC=CC=C3C(=C(C2=O)C(=O)NCC(=O)O)O'"}, "time": 1743972435.811491}