{"duration": 0.41913700103759766, "input_args": {"smiles": "'CC(=CCC(C1=CC(=O)C2=C(C=CC(=C2C1=O)O)O)O)C'"}, "time": 1746388486.694386}