{"duration": 0.41857409477233887, "input_args": {"smiles": "'COC(=O)C(CCSC)NC(=O)C1=C(C=C(C=C1)NCC(CS)N)C2=CC=CC=C2'"}, "time": 1743972354.2292962}