{"duration": 0.4995551109313965, "input_args": {"smiles": "'CCC1=C(N=C(C(=N1)C(=O)N)NC2=CC(=C(C=C2)N3CCC(CC3)N4CCN(CC4)C)OC)NC5CCOCC5'"}, "time": 1746395647.330434}