{"duration": 0.49227070808410645, "input_args": {"smiles": "'COc1ccc(OC)c(c1)-c1nnc2SCC(=Nn12)c1ccc(OC)c(OC)c1'"}, "time": 1746395285.555552}