{"duration": 0.36107516288757324, "input_args": {"smiles": "'CC1(C2=NC3=C(N2CCO1)N=C(N=C3N4CCOCC4)C5=CN=C(N=C5)N)C'"}, "time": 1746310307.691401}