{"duration": 0.4283301830291748, "input_args": {"smiles": "'COc1cc2c(Oc3ccc(NC(=O)C4(CC4)C(=O)Nc4ccc(F)cc4)cc3F)ccnc2cc1OCCCN1CCOCC1'"}, "time": 1746309972.966893}