{"duration": 0.3584277629852295, "input_args": {"smiles": "'O=C(NCC#N)c1ccc(cc1)-c1ccnc(Nc2ccc(cc2)N2CCOCC2)n1'"}, "time": 1746309984.215446}