{"duration": 0.420306921005249, "input_args": {"smiles": "'CN(C)CCCN1C2=C(C3=C(C1=O)C=C(C=C3)[N+](=O)[O-])C(=O)C4=C2C=CC(=C4)OC.Cl'"}, "time": 1746310148.322505}