{"duration": 0.440324068069458, "input_args": {"smiles": "'Nc1nc(F)nc2c1ncn2C3OC(CO)C(O)C3O'"}, "time": 1746315088.206739}