{"duration": 0.33089280128479004, "input_args": {"smiles": "'OC[C@@H](O[C@H](C=O)n1cnc2C(=O)N=CNc12)C=O'"}, "time": 1746315262.988736}