{"duration": 0.5795729160308838, "input_args": {"smiles": "'CN1CCN(CCOc2cc(OC3CCOCC3)c3c(Nc4c5OCOc5ccc4Cl)ncnc3c2)CC1'"}, "time": 1746395266.6020448}