{"duration": 0.49331092834472656, "input_args": {"smiles": "'CC1C(C(CC(O1)OC2CC(CC3=C2C(=C4C(=C3O)C(=O)C5=C(C4=O)C(=CC=C5)OC)O)(C(=O)CO)O)N)O'"}, "time": 1746394872.1998029}