{"duration": 0.576080322265625, "input_args": {"smiles": "'CCC1=CN=CN=C1N2CCN(CC2)CC3=NC4=C(N3)C=C(C=C4)C(F)(F)F'"}, "time": 1746394926.913619}