{"duration": 0.3815491199493408, "input_args": {"smiles": "'CCC(C)C(=O)OC1CC(C)C=C2C=CC(C)C(CCC(O)CC(O)CC(O)=O)C12'"}, "time": 1746309981.936791}