{"duration": 0.3386192321777344, "input_args": {"smiles": "'CC(C)CC(C(C(=O)NO)O)C(=O)NC(C1=CC=CC=C1)C(=O)OC2CCCC2'"}, "time": 1743972783.6258738}