{"duration": 0.3833138942718506, "input_args": {"smiles": "'C1=CC=C(C=C1)C2=NN3C=CC=CC3=C2C4=CC5=C(NN=C5N=N4)N'"}, "time": 1743972374.996866}