{"duration": 0.3858468532562256, "input_args": {"smiles": "'Cc1cc(C(=O)CN2CCCC2)c(C)n1-c1ccc(F)cc1'"}, "time": 1746309894.3987122}