{"duration": 0.3739609718322754, "input_args": {"smiles": "'O=C(Cc1ccc(cn1)-c1ccc(OCCN2CCOCC2)cc1)NCc1ccccc1'"}, "time": 1746388622.957889}