{"duration": 0.37416720390319824, "input_args": {"smiles": "'C1=NC(=C2N1C(=O)N(N=N2)CCCl)C(=O)N'"}, "time": 1746310080.814364}