{"duration": 0.35320401191711426, "input_args": {"smiles": "'CC1=C(C=NN1)C2=CC3=C(S2)C(=O)NC(=N3)C4CC5CCN4CC5'"}, "time": 1743974047.975724}