{"duration": 0.41504907608032227, "input_args": {"smiles": "'CS(=O)(=O)N1CCC(CC1)NC2=NC=C(C(=N2)N)C(=O)C3=C(C=CC=C3F)F'"}, "time": 1746310254.296916}