{"duration": 0.3506591320037842, "input_args": {"smiles": "'CC(C(=O)Nc1cccc(c1)\\\\N=C\\\\c1c(O)ccc2ccccc12)c1ccccc1'"}, "time": 1746388724.6942441}