{"duration": 0.3292360305786133, "input_args": {"smiles": "'COC1=C(C2=CC=CC=C2C=C1)CN3C=NC4=C(C3=O)C5=C(S4)CC(CC5)NCC6=CN=CC=C6'"}, "time": 1743973511.215523}