{"duration": 0.36788105964660645, "input_args": {"smiles": "'CCC(C1=C(C(=O)N2CC3=CC4=CC=CC=C4N=C3C2=C1)CO)(C(=O)O)O.[Na+]'"}, "time": 1746310040.633614}