{"duration": 0.39198970794677734, "input_args": {"smiles": "'O=C(N1CCNCC1)c1ccc(cc1)\\\\C=C\\\\c1n[nH]c2ccccc12'"}, "time": 1746388622.579242}