{"duration": 0.33672404289245605, "input_args": {"smiles": "'C(=O)(N)NO'"}, "time": 1746315583.4153962}