{"duration": 0.3625612258911133, "input_args": {"smiles": "'CC1CN(C(=O)C2=C(C=CC(=C2)N(C)C)OC1CN(C)CC3=CC(=C(C=C3)Cl)Cl)C(C)CO'"}, "time": 1743972699.470077}