{"duration": 0.5599758625030518, "input_args": {"smiles": "'C1C2CC3CC1CC(C2)(C3)C(=O)ON=C(C4=CC=CC=C4)N'"}, "time": 1743973575.35688}