{"duration": 0.35068416595458984, "input_args": {"smiles": "'CC1=C(C=CC(=C1)N(CCOS(=O)(=O)C)CCOS(=O)(=O)C)C=O'"}, "time": 1743973815.593196}