{"duration": 0.6017410755157471, "input_args": {"smiles": "'C1CNCCC1C2=CC(=NN2)C3=CC=NC=C3'"}, "time": 1746394873.310601}