{"duration": 0.3779318332672119, "input_args": {"smiles": "'CN1CCN(CC1)C2=CC(=C(C=C2)C(=O)NC3=NNC4=C3C=C(C=C4)CC5=CC(=CC(=C5)F)F)NC6CCOCC6'"}, "time": 1746310268.81733}