{"duration": 0.3995687961578369, "input_args": {"smiles": "'CC1CCC(CC1)NC(=O)N(CCCl)N=O'"}, "time": 1746315596.5982552}