{"duration": 0.7022550106048584, "input_args": {"smiles": "'C1=CN(C(=O)N=C1)C2C(C(C(O2)CO)O)O'"}, "time": 1743972661.270721}