{"duration": 0.36966490745544434, "input_args": {"smiles": "'CC(C(=O)NC(CC1=CC=C(C=C1)OC)C(=O)NC(CC2=CC=CC=C2)C(=O)C3(CO3)C)NC(=O)CN4CCOCC4'"}, "time": 1746315781.582916}