{"duration": 0.42665696144104004, "input_args": {"smiles": "'CN(Cc1cnc2nc(N)nc(N)c2n1)c3ccc(cc3)C(=O)N[C@@H](CCC(=O)O)C(=O)O'"}, "time": 1746314766.762387}