{"duration": 0.3902468681335449, "input_args": {"smiles": "'CC1CN(C(=O)C2=C(C(=CC=C2)NC(=O)C3=CC=NC=C3)OC1CN(C)CC4=CC=C(C=C4)OC5=CC=CC=C5)C(C)C'"}, "time": 1743973553.039568}