{"duration": 0.40061187744140625, "input_args": {"smiles": "'C1=CN(C(=O)N=C1N)C2C(C(C(O2)CO)O)(F)F'"}, "time": 1743973420.6285791}