{"duration": 0.43631482124328613, "input_args": {"smiles": "'C1CCC(C1)C(CC#N)N2C=C(C=N2)C3=C4C=CNC4=NC=N3'"}, "time": 1746388477.5532732}