{"duration": 0.4218459129333496, "input_args": {"smiles": "'CC1=NC2=CN=C3C(=C2N1C4CCNCC4)C=CN3'"}, "time": 1743973513.303079}