{"duration": 0.40637707710266113, "input_args": {"smiles": "'CCC(=O)N1CCOC2=C(C1)C=C(C=C2OCC3CCCN(C3)C)C4=CC(=C(C=C4)OC)OC'"}, "time": 1743972449.8573241}