{"duration": 0.372330904006958, "input_args": {"smiles": "'CNC(C)C(=O)NC1CN(CCC2CCC(N2C1=O)C(=O)NC(c3ccccc3)c4ccccc4)C(=O)CC(C)C'"}, "time": 1746308412.209762}