{"duration": 0.539466142654419, "input_args": {"smiles": "'O[As](O)(=O)c1ccc(Cc2ccc(cc2)[As](O)(O)=O)cc1'"}, "time": 1746395146.755405}