{"duration": 0.4145200252532959, "input_args": {"smiles": "'COc1ccc(cc1)C(=O)CC1(O)C(=O)Nc2c1c(Cl)ccc2Cl'"}, "time": 1746388670.300606}