{"duration": 0.4377782344818115, "input_args": {"smiles": "'C=CCC1=C(C(=CC=C1)C=NNC(=O)CN2CCN(CC2)CC3=CC=CC=C3)O'"}, "time": 1743972356.160373}