{"duration": 0.40720319747924805, "input_args": {"smiles": "'O\\\\N=C1/C(Nc2ccccc12)=C1/C(=O)Nc2cc(Br)ccc12'"}, "time": 1746388611.54057}