{"duration": 0.3736100196838379, "input_args": {"smiles": "'COC1=C(C=CC(=C1)NS(=O)(=O)C)NC2=C3C=CC=CC3=NC4=CC=CC=C42.Cl'"}, "time": 1746315611.025632}