{"duration": 0.441220760345459, "input_args": {"smiles": "'COC1=CC=C(C=C1)COC2=C(C=C(C=C2)CC3=CN=C(N=C3N)N)OC'"}, "time": 1746388433.767235}