{"duration": 0.33547401428222656, "input_args": {"smiles": "'Cc1c(oc2ccc3ccccc3c12)[N+]([O-])=O'"}, "time": 1746309851.063773}