{"duration": 0.35127902030944824, "input_args": {"smiles": "'C1=CC(=C(C=C1I)F)NC2=C(C=CC(=C2F)F)C(=O)NOCC(CO)O'"}, "time": 1743973445.53025}