{"duration": 0.34285807609558105, "input_args": {"smiles": "'CC(C1=CC2=C(C(=CC=C2)Cl)C(=O)N1C3=CC=CC=C3)NC4=NC=NC5=C4NC=N5'"}, "time": 1746315872.459556}