{"duration": 0.5171301364898682, "input_args": {"smiles": "'COC1=C(C=CC(=C1)C=CC(=O)CC(=O)C=CC2=CC(=C(C=C2)O)OC)O'"}, "time": 1746395300.99419}