{"duration": 0.3379511833190918, "input_args": {"smiles": "'C1CC2=C(C=CC(=C2)NC3=C(C=C(C=C3)F)F)C(=O)C4=C1C=CC(=C4)OCC(CO)O'"}, "time": 1743972786.752671}