{"duration": 0.4100959300994873, "input_args": {"smiles": "'CC(C)C[C@H](NC(=O)CNC(=O)c1cc(Cl)ccc1Cl)B(O)O'"}, "time": 1746388635.070736}