{"duration": 0.4007527828216553, "input_args": {"smiles": "'C=C(CN1CCN(CC1)C2=CC(=CC=C2)F)C3=CC=C(C=C3)C(=O)NC4=CC=CC=C4N'"}, "time": 1746310142.612534}