{"duration": 0.40700197219848633, "input_args": {"smiles": "'NC(=O)C1C(=O)C[C@@H]2C[C@@H]3Cc4cccc(O)c4C(=O)C3C(=O)[C@]2(O)C1=O'"}, "time": 1746388603.948585}