{"duration": 0.37183523178100586, "input_args": {"smiles": "'C=C(CN1C2=CC=CC=C2SC3=CC=CC=C31)C4=CC=C(C=C4)C(=O)NC5=CC=CC=C5N'"}, "time": 1746315712.905011}