{"duration": 0.3628242015838623, "input_args": {"smiles": "'C1C2N1C(=O)N=C2N'"}, "time": 1746310129.6326709}