{"duration": 0.38899993896484375, "input_args": {"smiles": "'C[C@H](CO)N1C[C@H](C)[C@H](CN(C)C(=O)Nc2cc(F)ccc2F)Oc2cc(ccc2S1(=O)=O)C#CC1CCCC1'"}, "time": 1746388574.5506718}