{"duration": 0.39044713973999023, "input_args": {"smiles": "'C[C@@H](CO)N1C[C@@H](C)[C@@H](CN(C)CC2CCCCC2)Oc2ccc(NC(=O)Nc3c(C)noc3C)cc2C1=O'"}, "time": 1746308425.1355038}