{"duration": 0.40407395362854004, "input_args": {"smiles": "'C1CSCC2=C1N=C(NC2=O)C3=CC=C(C=C3)C(F)(F)F'"}, "time": 1743972441.195277}