{"duration": 0.32497310638427734, "input_args": {"smiles": "'C1CNP(=O)(OC1)N(CCCl)CCCl'"}, "time": 1743972598.384176}