{"duration": 0.4377591609954834, "input_args": {"smiles": "'CCOC1=C(C(=CC(=N1)NC(=O)CC2=C(C=CC(=C2)OC)OC)N)C#N'"}, "time": 1746388440.210805}