{"duration": 0.41646790504455566, "input_args": {"smiles": "'CN1C(=O)N2C=NC(=C2N=N1)C(=O)N'"}, "time": 1743972442.4795258}