{"duration": 0.40041112899780273, "input_args": {"smiles": "'CN1C=C(C2=CC=CC=C21)C3=C(C(=O)NC3=O)C4=C(N(C5=CC=CC=C54)C)SC'"}, "time": 1746310211.839815}