{"duration": 0.4218409061431885, "input_args": {"smiles": "'C1=NC(=C2C(=N1)N(C(=N2)Cl)C3C(C(C(O3)CO)O)O)N'"}, "time": 1746310081.240695}