{"duration": 0.7000150680541992, "input_args": {"smiles": "'CC1=C(SC2=C1C(=NC(C3=NN=C(N32)C)CC(=O)NC4=CC=C(C=C4)O)C5=CC=C(C=C5)Cl)C'"}, "time": 1743972603.858975}