{"duration": 0.45752596855163574, "input_args": {"smiles": "'CN(CCO)C1CCN(CC1)C2=CN=C(C=C2)NC3=NC=C4C5=C(C(=NC=C5)F)N(C4=N3)C6CCCC6'"}, "time": 1746310274.162088}