{"duration": 0.454815149307251, "input_args": {"smiles": "'CCN1CCN(CC1)CC2=C(C=C(C=C2)NC(=O)C3=CC(=C(C=C3)C)OC4=C5C=CNC5=NC=C4)C(F)(F)F'"}, "time": 1746309745.104596}