{"duration": 0.4017372131347656, "input_args": {"smiles": "'CN1C2=NC(=NC=C2C=C(C1=O)OC3=C(C=C(C=C3)F)F)NC4CCC(CC4)O'"}, "time": 1746310243.886846}