{"duration": 0.5191872119903564, "input_args": {"smiles": "'CCC1C2=C(COC1=O)C(=O)N3CC4=CC5=CC=CC=C5N=C4C3=C2'"}, "time": 1746395320.041149}