{"duration": 0.39504098892211914, "input_args": {"smiles": "'C1CNCCC1C2=CC(=NN2)C3=CC=NC=C3'"}, "time": 1746309712.7090912}