{"duration": 0.36800384521484375, "input_args": {"smiles": "'COC1=NC(=NC2=C1N=CN2C3C(C(C(O3)CO)O)O)N'"}, "time": 1746308394.903289}