{"duration": 0.3745157718658447, "input_args": {"smiles": "'CCC(=O)NC1=CC(=CC=C1)OC2=NC(=NC=C2Cl)NC3=C(C=C(C=C3)N4CCN(CC4)C)OC'"}, "time": 1746388542.4576662}