{"duration": 0.4926900863647461, "input_args": {"smiles": "'C1CN(CCC1(C(=O)NC(CCO)C2=CC=C(C=C2)Cl)N)C3=NC=NC4=C3C=CN4'"}, "time": 1746394864.8608088}