{"duration": 0.39407801628112793, "input_args": {"smiles": "'CC(=O)NC1=CC=C(C=C1)C(=O)NC2=CC=CC=C2N'"}, "time": 1743972740.5714052}