{"duration": 0.3720841407775879, "input_args": {"smiles": "'C1CN(CCC1CC2=CC3=CC=CC=C3N=C2)C(=O)NC4=CC=CC=C4'"}, "time": 1743972774.0596428}