{"duration": 0.4672098159790039, "input_args": {"smiles": "'C[C@H](\\\\N=C(\\\\NC#N)Nc1cccc2ncccc12)c1ccccc1'"}, "time": 1746395024.503063}