{"duration": 0.3614389896392822, "input_args": {"smiles": "'C(CCl)N(C(=O)NC(C=O)C(C(C(CO)O)O)O)N=O'"}, "time": 1746310057.673982}