{"duration": 0.39983105659484863, "input_args": {"smiles": "'CCC(=O)OCN1C(=O)C=CC1=O'"}, "time": 1743972623.834083}