{"duration": 0.4273998737335205, "input_args": {"smiles": "'CCC(CC)N1C=NC2=C(N=C(N=C21)N3CC4CCC(C3)O4)C5=CN=C(C=N5)N'"}, "time": 1743974048.75883}