{"duration": 0.4899561405181885, "input_args": {"smiles": "'CC1CC=CC(=O)C2C(O2)CC(C(C3=C(C(=CC(=C3)OC)O)C(=O)O1)O)O'"}, "time": 1746395368.383359}