{"duration": 0.35839104652404785, "input_args": {"smiles": "'CC1COCCN1C2=NC(=NC(=C2)C3(CC3)S(=O)(=O)C4CC4)C5=CC=C(C=C5)NC(=S)NCCO'"}, "time": 1743974023.904049}