{"duration": 0.3737478256225586, "input_args": {"smiles": "'CC1=CC=C(C=C1)N2C(=CC(=N2)C(C)(C)C)NC(=O)NCC3=C(C=CC(=C3)F)OC4=CC5=C(C=C4)N(N=C5)CCO'"}, "time": 1743974010.1821592}