{"duration": 0.3457920551300049, "input_args": {"smiles": "'CN1CCC(C(C1)O)C2=C(C=C(C3=C2OC(=CC3=O)C4=CC=CC=C4Cl)O)O'"}, "time": 1746388399.080703}