{"duration": 0.4092268943786621, "input_args": {"smiles": "'CC(C)C(C1=CC=CC=C1)C(=O)NC2=CC=C(C=C2)C(=O)NO'"}, "time": 1746308251.274017}