{"duration": 0.40995001792907715, "input_args": {"smiles": "'CC12CCC3C(C1CCC(=O)O2)CCC4=CC(=O)C=CC34C'"}, "time": 1746310026.89329}