{"duration": 0.49721503257751465, "input_args": {"smiles": "'CN1C2=C(C=C(C=C2)OC3=NC=C(C=C3)N(C)C(=O)C4=CC=C(C=C4)C(F)(F)F)C=C1C(=O)N5CCN(CC5)CC6=CC=C(C=C6)OC(F)F'"}, "time": 1746310166.2315788}