{"duration": 0.5055158138275146, "input_args": {"smiles": "'COC1=NC=CN=C1NS(=O)(=O)C2=CC=C(C=C2)NC(=O)C=CC3=CC=C(S3)[N+](=O)[O-]'"}, "time": 1743973647.960459}