{"duration": 0.415769100189209, "input_args": {"smiles": "'CC12CCC3C(C1CCC2OC(=O)CCC4=CC=CC=C4)CCC5=CC(=O)CCC35'"}, "time": 1746310026.479684}