{"duration": 0.4418220520019531, "input_args": {"smiles": "'C[C@]12CC[C@H]3[C@@H](CC[C@H]4C[C@H](O)CC[C@]34C)[C@@H]1C[C@H](Br)C2=O'"}, "time": 1746309829.332698}