{"duration": 0.4304788112640381, "input_args": {"smiles": "'CN1CCCCC1NC(=O)[C@H](CCCCCC(C)=O)C(=O)Nc1nc(cs1)-c1ccccc1'"}, "time": 1746309843.709871}