{"duration": 0.3851468563079834, "input_args": {"smiles": "'CC1=CC=C(C=C1)C(=O)N(CCCN)C(C2=NC3=C(C=CC(=C3)Cl)C(=O)N2CC4=CC=CC=C4)C(C)C'"}, "time": 1746308304.1376262}