{"duration": 0.3749380111694336, "input_args": {"smiles": "'CCC(C(C)O)NC1=NC(=C2C(=N1)N(C=N2)C(C)C)NCC3=CN=C(C=C3C)C'"}, "time": 1743974053.067948}