{"duration": 0.46751999855041504, "input_args": {"smiles": "'OC(=O)c1ccc2cc(ccc2c1)-c1ccc(O)c(c1)C12CC3CC(CC(C3)C1)C2'"}, "time": 1746388599.914593}