{"duration": 0.45831799507141113, "input_args": {"smiles": "'CC1=C(C=C(C=C1)C(=O)NC2=CC=CC(=C2)C(F)(F)F)NC3=C4C=NN(C4=NC(=N3)C5=CN=CC=C5)C'"}, "time": 1746394847.336365}