{"duration": 0.44864487648010254, "input_args": {"smiles": "'CC[C@](O)(C(=O)O)C1=C(CO)C(=O)N2Cc3cc4ccccc4nc3C2=C1'"}, "time": 1746315258.0539641}