{"duration": 0.3977689743041992, "input_args": {"smiles": "'COCCOC1=C(C=C2C(=C1)C(=NC=N2)NC3=CC=CC(=C3)C#C)OCCOC'"}, "time": 1743973411.3986182}