{"duration": 0.36066603660583496, "input_args": {"smiles": "'CC1CCC(CN1C2=NC(=NC(=C2)C3=CC4=C(C=C3)C(=NN4)N)NC)C(=O)NC5CCCCC5'"}, "time": 1746315763.928661}