{"duration": 0.5090208053588867, "input_args": {"smiles": "'CN1C2=C(C(=C(C1=O)F)NC3=C(C=C(C=C3)I)F)C(=O)N(C=N2)CC(CO)O'"}, "time": 1746395504.621721}