{"duration": 0.3924980163574219, "input_args": {"smiles": "'CN1CCN(CC1)C(=O)C[C@@H]1O[C@H](CO)[C@@H](NS(=O)(=O)c2cccc(F)c2)C=C1'"}, "time": 1746309844.862245}