{"duration": 0.4230473041534424, "input_args": {"smiles": "'CCOC1=C(C=C2C(=C1)N=CC(=C2NC3=CC(=C(C=C3)F)Cl)C#N)NC(=O)C=CCN(C)C'"}, "time": 1746308335.991797}