{"duration": 0.41367602348327637, "input_args": {"smiles": "'CC1=C2COC(=O)C2=C(C(=C1OC)CC=C(C)CCC(=O)O)O'"}, "time": 1743972626.71123}