{"duration": 0.397794246673584, "input_args": {"smiles": "'CCC(C)CNCC(=O)N1CCC2=C(C1COC3=CC=CC(=C3)C)C=CS2'"}, "time": 1746309765.3023648}