{"duration": 0.384951114654541, "input_args": {"smiles": "'CNC[C@@H]1Oc2ccc(NS(C)(=O)=O)cc2CC(=O)N(C[C@@H]1C)[C@H](C)CO'"}, "time": 1746309855.852959}