{"duration": 0.3426637649536133, "input_args": {"smiles": "'CC(=C)C1CCC2(C1C3CCC4C5(CCC(C(C5CCC4(C3(CC2)C)C)(C)C)O)C)C(=O)O'"}, "time": 1743972740.175144}