{"duration": 0.41928982734680176, "input_args": {"smiles": "'CN1CCCCCOC2=C(C=C3C(=C2)C(=NC=N3)NC4=C(C1)C=CC(=C4)Br)OC'"}, "time": 1746315905.266742}