{"duration": 0.3461036682128906, "input_args": {"smiles": "'COc1ccc(cc1)C1(CNC(=O)c2ccc(NC(=O)c3ccco3)cc2)CCOCC1'"}, "time": 1746309895.501955}