{"duration": 0.5633902549743652, "input_args": {"smiles": "'CC1CC(C)CN(C1)c1cc(Nc2ccccc2C(O)=O)c2C(=O)c3ccccc3-c3onc1c23'"}, "time": 1746395117.1372359}