{"duration": 0.36824584007263184, "input_args": {"smiles": "'CN1C=C(C=N1)NC2=NC3=C(C(=CN3)Cl)C(=N2)OCC4CN(CC4OC)C(=O)C=C'"}, "time": 1746310325.5750349}