{"duration": 0.3679158687591553, "input_args": {"smiles": "'C1C(C(OC1N2C=NC3=C2NC=NCC3O)CO)O'"}, "time": 1746310060.587212}