{"duration": 0.3692169189453125, "input_args": {"smiles": "'CN1CCN(CC1)C2=NC3=CC=CC=C3C(=N2)C4=C(C(=O)NC4=O)C5=CNC6=CC=CC=C65'"}, "time": 1743972695.2318459}