{"duration": 0.43992185592651367, "input_args": {"smiles": "'COC1=C(C=C(C=C1)F)C(=O)C2=CN=C(N=C2N)NC3CCN(CC3)S(=O)(=O)C'"}, "time": 1743973987.723469}