{"duration": 0.5427799224853516, "input_args": {"smiles": "'C1C(C(OC1N2C=C(C(=O)NC2=O)F)CO)O'"}, "time": 1743973780.671537}