{"duration": 0.3694882392883301, "input_args": {"smiles": "'C1=CC(=C(C(=C1)F)N(C2=NC(=C(C=C2)C(=O)N)C3=C(C=C(C=C3)F)F)C(=O)N)F'"}, "time": 1746388501.095377}