{"duration": 0.4889109134674072, "input_args": {"smiles": "'CC1=C2C(=CC=C1)C(=CN2C)C3=C(C(=O)NC3=O)C4=CN(C5=CC=CC=C54)C'"}, "time": 1746395541.720469}