{"duration": 0.4191019535064697, "input_args": {"smiles": "'CC1=C(SC(=N1)N)C2=NC(=NC=C2)NC3=CC=C(C=C3)N4CCOCC4'"}, "time": 1746315763.205593}