{"duration": 0.3778831958770752, "input_args": {"smiles": "'Oc1ccc(CCC(=O)c2c(O)cc(O)cc2O)cc1'"}, "time": 1746388719.762021}