{"duration": 0.47472429275512695, "input_args": {"smiles": "'CC1=C(SC2=C1N=C(N=C2N3CCOCC3)C4=CN=C(N=C4)N)C5(COC5)OC'"}, "time": 1746388523.0526872}