{"duration": 0.5078439712524414, "input_args": {"smiles": "'CC1=C2C(=NN1)NC3=C(C=C(C=C3)C(=O)N)C(=N2)C4=CC=CC=C4F'"}, "time": 1746395559.7996511}