{"duration": 0.421140193939209, "input_args": {"smiles": "'C1=CC=C(C=C1)NS(=O)(=O)C2=CC=CC(=C2)C=CC(=O)NO'"}, "time": 1746308270.0311701}