{"duration": 0.467972993850708, "input_args": {"smiles": "'C1CCC(C(C1)[NH-])[NH-].C(=O)(C(=O)O)O.[Pt+2]'"}, "time": 1746309819.800019}