{"duration": 0.466418981552124, "input_args": {"smiles": "'C1=CC=C(C=C1)CCN=C(N)N=C(N)N'"}, "time": 1746394934.670292}