{"duration": 0.4137899875640869, "input_args": {"smiles": "'CC(C)(C)CC1C2(C(C(N1)C(=O)NCCC(CO)O)C3=CC(=CC=C3)Cl)C4=CC(=C(C=C4NC2=O)Cl)F'"}, "time": 1746315730.2497668}