{"duration": 0.3820040225982666, "input_args": {"smiles": "'CCC1=C2CN3C(=CC4=C(C3=O)COC(=O)C4(CC)O)C2=NC5=C1C=C(C=C5)O'"}, "time": 1746308348.337472}