{"duration": 0.5327539443969727, "input_args": {"smiles": "'CN1CCN(CC1)CCCOC2=C(C=C3C(=C2)N=CC(=C3NC4=CC(=C(C=C4Cl)Cl)OC)C#N)OC'"}, "time": 1746394855.2645319}