{"duration": 0.38819408416748047, "input_args": {"smiles": "'CC1=C(C=C(C=C1)NC2=NC=CC(=N2)N(C)C3=CC4=NN(C(=C4C=C3)C)C)S(=O)(=O)N'"}, "time": 1746309757.058294}