{"duration": 0.3608829975128174, "input_args": {"smiles": "'CCOC(=O)CCNc1cc(nc(n1)-c1ccccn1)N1CCc2ccccc2CC1'"}, "time": 1746388611.90576}