{"duration": 0.6804177761077881, "input_args": {"smiles": "'COc1cc2c(Oc3ccc(NC(=O)C4(CC4)C(=O)Nc4ccc(F)cc4)cc3F)ccnc2cc1OCCCN1CCOCC1'"}, "time": 1746395227.0173461}