{"duration": 0.4396357536315918, "input_args": {"smiles": "'CC1=CC(=NN1)NC2=NC(=NC=C2Cl)NC(C)C3=NC=C(C=N3)F'"}, "time": 1743973377.410054}