{"duration": 0.39888477325439453, "input_args": {"smiles": "'CC1=C2C=C(C(=O)N(C2=NC(=N1)N)C3CCC(CC3)OCCO)C4=CN=C(C=C4)OC'"}, "time": 1746315769.581451}