{"duration": 0.4981720447540283, "input_args": {"smiles": "'CNC(=O)c1ccccc1Sc1ccc2c(\\\\C=C\\\\c3ccccn3)n[nH]c2c1'"}, "time": 1746395195.7497091}