{"duration": 0.5490701198577881, "input_args": {"smiles": "'CC1=C2C=CN=CC2=C(C3=C1NC4=CC=CC=C43)C'"}, "time": 1746315590.780221}