{"duration": 0.42795777320861816, "input_args": {"smiles": "'CC(C)C[C@H]([C@H](O)C(=O)NO)C(=O)N[C@H](C(=O)OC1CCCC1)c1ccccc1'"}, "time": 1746388739.3177788}