{"duration": 0.5122241973876953, "input_args": {"smiles": "'COC1=CC=C(C=C1)N2C(=NN=C2SCCCN3C(=O)C4=CC=CC5=C4C(=CC=C5)C3=O)C6=CC=NC=C6'"}, "time": 1746395021.486038}