{"duration": 0.35291028022766113, "input_args": {"smiles": "'CCC1=CC=CC=C1NC(=O)CSC(=O)NNC(=O)C(CC2=CNC3=CC=CC=C32)NC(=O)OC(C)(C)C'"}, "time": 1743973616.595071}