{"duration": 0.46291565895080566, "input_args": {"smiles": "'C[C@@H](CO)N1C[C@@H](C)[C@@H](CN(C)Cc2ccc(cc2)C(=O)Nc2ccccc2N)Oc2c(NC(=O)Nc3ccccc3)cccc2C1=O'"}, "time": 1746308439.1609101}