{"duration": 0.38355302810668945, "input_args": {"smiles": "'C1=NC2=C(N1C3C(C(C(O3)CO)O)O)N=C(NC2=O)N'"}, "time": 1746388400.6097448}