{"duration": 0.38448286056518555, "input_args": {"smiles": "'CCS(=O)(=O)O.CC1(N=C(N=C(N1C2=CC(=C(C=C2)OCC3=CC(=CC=C3)C(=O)N(C)C)Cl)N)N)C'"}, "time": 1746310050.4281652}