{"duration": 0.474653959274292, "input_args": {"smiles": "'C=C(CN1CCC2=C(C1)NC3=CC=CC=C23)C4=CC=C(C=C4)C(=O)NC5=CC=CC=C5N'"}, "time": 1746315701.728418}