{"duration": 0.3795661926269531, "input_args": {"smiles": "'ClCCN(N=O)C(=O)NC1CCC(=O)NC1=O'"}, "time": 1746315082.745758}