{"duration": 0.36227989196777344, "input_args": {"smiles": "'COc1cc(Nc2ncc3CN=C(c4cc(Cl)ccc4-c3n2)c2c(F)cccc2OC)ccc1C(O)=O'"}, "time": 1746309949.709676}