{"duration": 0.35685205459594727, "input_args": {"smiles": "'Cn1c2cnc3ccc(cc3c2n(-c2ccc(cc2)C(C)(C)C#N)c1=O)-c1cnc2ccccc2c1'"}, "time": 1746388640.878461}