{"duration": 0.5305957794189453, "input_args": {"smiles": "'CC(C)CC(=O)N1CCC2CCC(N2C(=O)C(C1)NC(=O)C(C)NC)C(=O)NC(C3=CC=CC=C3)C4=CC=CC=C4'"}, "time": 1746395522.611636}