{"duration": 0.41646313667297363, "input_args": {"smiles": "'ClC1=C(NCC=C)C(=O)c2ccccc2C1=O'"}, "time": 1746309857.302924}