{"duration": 0.42951107025146484, "input_args": {"smiles": "'C1CC1C(=O)N2CCN(CC2)C(=O)C3=C(C=CC(=C3)CC4=NNC(=O)C5=CC=CC=C54)F'"}, "time": 1746315720.417263}