{"duration": 0.5082581043243408, "input_args": {"smiles": "'CNC[C@@H]1Oc2ccc(NC(=O)CCN3CCOCC3)cc2CC(=O)N(C[C@@H]1C)[C@H](C)CO'"}, "time": 1746395058.099642}