{"duration": 0.3909890651702881, "input_args": {"smiles": "'CN1C=C(C2=CC=CC=C21)C3=C(C(=O)NC3=O)C4=CC(=CC=C4)OCC(CO)O'"}, "time": 1746310240.2622662}