{"duration": 0.3756887912750244, "input_args": {"smiles": "'C1=CN2C3C(C(C(O3)CO)O)OC2=NC1=N.Cl'"}, "time": 1746310052.3736892}