{"duration": 0.35396385192871094, "input_args": {"smiles": "'C1=CC(=C(C(=C1)F)N(C2=NC(=C(C=C2)C(=O)N)C3=C(C=C(C=C3)F)F)C(=O)N)F'"}, "time": 1743973481.299737}