{"duration": 0.5488383769989014, "input_args": {"smiles": "'S=C1N=CNc2nc[nH]c12'"}, "time": 1746315236.5604749}