{"duration": 0.3778660297393799, "input_args": {"smiles": "'CNCCN(C)CC1=C(NN=C1)C2=CC=C(C=C2)OC3CC(C3)OCCC4CCOCC4'"}, "time": 1746315921.24318}