{"duration": 0.3641998767852783, "input_args": {"smiles": "'CC1(CCCN1)C2=NC3=C(C=CC=C3N2)C(=O)N'"}, "time": 1746310154.398278}