{"duration": 0.45897698402404785, "input_args": {"smiles": "'C1COCCN1C2=CC(=O)C3=C(O2)C(=CC=C3)C4=CC=CC=C4'"}, "time": 1746315689.0862012}