{"duration": 0.48532819747924805, "input_args": {"smiles": "'CN1CCCCC1NC(=O)[C@H](CCCCCC(C)=O)C(=O)Nc1nc(cs1)-c1ccccc1'"}, "time": 1746388558.791772}