{"duration": 0.39051008224487305, "input_args": {"smiles": "'CC(C)S(=O)(=O)C1=CC=CC=C1NC2=NC(=NC(=C2Cl)N)NC3=C(C=C(C=C3)N4CCC(CC4)C(=O)N)OC'"}, "time": 1743973421.384209}