{"duration": 0.3963041305541992, "input_args": {"smiles": "'CN(CCCl)CCCl.Cl'"}, "time": 1743973775.753268}