{"duration": 0.37639594078063965, "input_args": {"smiles": "'C1=CC=C(C(=C1)C(=O)C2=CC(=C(N2C3=C(NC(=C3Cl)Cl)C(=O)C4=CC=CC=C4O)Cl)Cl)O'"}, "time": 1743973644.4951758}