{"duration": 0.3742971420288086, "input_args": {"smiles": "'CC(C1=NC=C(S1)C(=O)NC2=NC=C(C(=C2)C(F)(F)F)Cl)NC(=O)C3=C(C(=NC=N3)N)Cl'"}, "time": 1743973601.747369}