{"duration": 0.4919590950012207, "input_args": {"smiles": "'C[C@H](CO)N1C[C@H](C)[C@H](CN(C)Cc2ccc3OCCOc3c2)OCc2cn(CCCC1=O)nn2'"}, "time": 1746395052.3938339}