{"duration": 0.32164621353149414, "input_args": {"smiles": "'C1=CC(=CC=C1CNC2=NC=NC3=C2C=C(C=C3)F)F'"}, "time": 1743972787.4894469}