{"duration": 0.44801926612854004, "input_args": {"smiles": "'CC1C(=O)N(CCN1CCOC2=CC=C(C=C2)C3CCN(CC3)C4=NN5C(=NN=C5OC)C=C4)C'"}, "time": 1746308381.59873}