{"duration": 0.3984651565551758, "input_args": {"smiles": "'CC(=O)N1CCC(CC1)C(=O)NC2=C(C=CC(=C2)C3=CC=CS3)N'"}, "time": 1743972777.645288}