{"duration": 0.378187894821167, "input_args": {"smiles": "'CN1CCN(CCCN2c3ccccc3Sc3ccc(Cl)cc23)CC1'"}, "time": 1746309998.1940491}