{"duration": 0.5751919746398926, "input_args": {"smiles": "'CN(C)c1ccccc1CN1CCCN(Cc2ccccc2N(C)C)C1c1ccncc1'"}, "time": 1746395107.212904}