{"duration": 0.39839911460876465, "input_args": {"smiles": "'CC1=C(C=C(C=C1)NC(=O)C2=CC(=CC=C2)C(C)(C)C#N)NC3=CC4=C(C=C3)N=CN(C4=O)C'"}, "time": 1743973376.1874502}