{"duration": 0.6670269966125488, "input_args": {"smiles": "'CC(C)S(=O)(=O)C1=CC=CC=C1NC2=CC(=NC3=C2C=CN3)NC4=C(C=C(C=C4)N5CCC(CC5)O)OC'"}, "time": 1746308317.1711621}