{"duration": 0.4325559139251709, "input_args": {"smiles": "'CN(C)CCNC(=O)c1cc2CSc3cc(Cl)ccc3-c2s1'"}, "time": 1746388602.342792}