{"duration": 0.42343592643737793, "input_args": {"smiles": "'CO[C@@]12[C@H](COC(=O)N)C3=C(N1C[C@H]4[C@@H]2N4C)C(=O)C(=C(N)C3=O)C'"}, "time": 1746314779.774692}