{"duration": 0.600506067276001, "input_args": {"smiles": "'COc1ccc(C2=NC(C(N2C(=O)N2CCNC(=O)C2)c2ccc(Cl)cc2)c2ccc(Cl)cc2)c(OC(C)C)c1'"}, "time": 1746395252.1768808}