{"duration": 0.41051197052001953, "input_args": {"smiles": "'CNCCCN1C=C(C2=CC=CC=C21)C3=C(C(=O)NC3=O)C4=CN(C5=CC=CC=C54)C'"}, "time": 1743973955.7678301}