{"duration": 0.33541393280029297, "input_args": {"smiles": "'C1=NC2=C(N1)C(=S)N=CN2'"}, "time": 1746310021.849487}