{"duration": 0.4885702133178711, "input_args": {"smiles": "'CC1COC(=N1)NC2=CC3=C(C=C2)N=CN=C3NC4=CC(=C(C=C4)OCC5=NC=CS5)Cl'"}, "time": 1746395524.117455}