{"duration": 0.3865227699279785, "input_args": {"smiles": "'CN1CCN(CC1)C2=CC=C(C=C2)NC3=NC(=C(S3)C(=O)C4=CC5=C(C=C4)OCCO5)N'"}, "time": 1746315840.873106}