{"duration": 0.41424989700317383, "input_args": {"smiles": "'OC(CBr)C(O)C(O)C(O)CBr'"}, "time": 1746315259.1942232}