{"duration": 0.38059306144714355, "input_args": {"smiles": "'ONC(=O)\\\\C=C\\\\c1ccc(cc1)C(=O)N\\\\N=C\\\\c1ccc(O)c(O)c1O'"}, "time": 1746309993.30789}