{"duration": 0.6175129413604736, "input_args": {"smiles": "'C1=CC(=CC=C1C2=CNN=C2)C(CN)(C3=CC=C(C=C3)Cl)O'"}, "time": 1746394987.30634}