{"duration": 0.40272998809814453, "input_args": {"smiles": "'CC(C)N1C=NC2=C(N=C(N=C21)NCCO)NCC3=CC=CC=C3'"}, "time": 1743973602.595666}