{"duration": 0.369952917098999, "input_args": {"smiles": "'COc1cc(ccc1Nc1ncc(Cl)c(Oc2cccc(NC(=O)C=C)c2)n1)N1CCN(C)CC1'"}, "time": 1746388669.0360022}