{"duration": 0.32669997215270996, "input_args": {"smiles": "'CC1=C(C=C(C=C1)NC2=NC=NC(=C2)C3=CC(=CC=C3)N4C(=O)C5=CC=CC=C5C4=O)NS(=O)(=O)C'"}, "time": 1743973427.995423}