{"duration": 0.3478410243988037, "input_args": {"smiles": "'COc1cc(cc(OC)c1OC)\\\\C=C\\\\C(=O)N1CCC=CC1=O'"}, "time": 1746309996.667068}