{"duration": 0.4180111885070801, "input_args": {"smiles": "'CN1CCN(CC1)C2=CC3=C(C=C2)N=C(N3)C4=C(C5=C(C=CC=C5F)NC4=O)N'"}, "time": 1743973917.184374}