{"duration": 0.3480062484741211, "input_args": {"smiles": "'CC1CC(C2=C(N1C(=O)C)C=CC(=C2)C3=CC=C(C=C3)C(=O)O)NC4=CC=C(C=C4)Cl'"}, "time": 1743974020.0944471}