{"duration": 0.4254748821258545, "input_args": {"smiles": "'OCC(O)CONC(=O)c1cc(Br)c(F)c(F)c1Nc1ccc(I)cc1F'"}, "time": 1746388644.1097238}