{"duration": 0.39659786224365234, "input_args": {"smiles": "'C1CCC(CC1)NC(=O)NCC2CCCO2'"}, "time": 1746308248.386445}