{"duration": 0.5437979698181152, "input_args": {"smiles": "'C1CC(CNC1)NC(=O)C2=C(C=C(S2)C3=CC(=CC=C3)F)NC(=O)N'"}, "time": 1743973381.410593}