{"duration": 0.49541401863098145, "input_args": {"smiles": "'CC(C)CC(=O)NC1=NNC2=C1CN(C2(C)C)C(=O)C3CCN(CC3)C'"}, "time": 1746394934.2008471}