{"duration": 0.5295219421386719, "input_args": {"smiles": "'CC(C)(O)CCc1ccc(O)c2c1oc1cc3O[C@H]4OC=C[C@@]4(O)c3c(O)c1c2=O'"}, "time": 1746395193.948585}