{"duration": 0.3358941078186035, "input_args": {"smiles": "'C1=CC(=C(C(=C1)Cl)CN=C2NC(=O)C(=CC3=CC4=C(C=C3)N=CC=C4)S2)Cl'"}, "time": 1743973988.884886}