{"duration": 0.6195979118347168, "input_args": {"smiles": "'CN(CCCl)CCCl'"}, "time": 1746395478.112271}