{"duration": 0.42734432220458984, "input_args": {"smiles": "'C[C@@H](O)COc1cn2ncnc(Oc3ccc4[nH]c(C)cc4c3F)c2c1C'"}, "time": 1746388681.049876}