{"duration": 0.6956071853637695, "input_args": {"smiles": "'CC1(C)CCC(C)(C)c2cc(ccc12)C(=O)Nc1ccc(cc1)C(O)=O'"}, "time": 1746395027.812941}