{"duration": 0.4425210952758789, "input_args": {"smiles": "'CC(C)N1CCC(CC1)NC2=NC(=NC3=CC(=C(C=C32)OC)OCCCN4CCCC4)N5CCC(CC5)(F)F'"}, "time": 1743973480.0101068}