{"duration": 0.35066866874694824, "input_args": {"smiles": "'Cn1c(CCCC(O)=O)nc2cc(ccc12)N(CCCl)CCCl'"}, "time": 1746388676.910708}