{"duration": 0.5461828708648682, "input_args": {"smiles": "'CC(C)CN1C=NC2=C1C3=CC=CC=C3N=C2N'"}, "time": 1746395373.717338}