{"duration": 0.4536118507385254, "input_args": {"smiles": "'C1=NC2=C(N1)C(=S)N=C(N2)N'"}, "time": 1746395291.783655}