{"duration": 0.3851618766784668, "input_args": {"smiles": "'C1C2CC3CC1CC(C2)(C3)C(=O)NC4=CC5=C(C=C4)N=C(S5)NC(=O)C6=CC=CC=C6'"}, "time": 1743973605.665319}