{"duration": 0.3800010681152344, "input_args": {"smiles": "'NC(=S)N\\\\N=C\\\\c1ccc(O)cn1'"}, "time": 1746314791.227514}