{"duration": 0.4055449962615967, "input_args": {"smiles": "'B(CCSCC(C(=O)O)N)(O)O'"}, "time": 1743972761.462189}