{"duration": 0.366365909576416, "input_args": {"smiles": "'C1=CC(=CC=C1C=C2C(=O)N=C(S2)N)O'"}, "time": 1743972424.158603}