{"duration": 0.40924501419067383, "input_args": {"smiles": "'C1CC(CN(C1)C2=C(C=CC=C2C3=CC=CC=C3)C=C4C(=O)NC(=O)S4)N'"}, "time": 1746308254.6904309}