{"duration": 0.4273710250854492, "input_args": {"smiles": "'OC(CBr)C(O)C(O)C(O)CBr'"}, "time": 1746314789.707358}