{"duration": 0.9157721996307373, "input_args": {"smiles": "'C1CCC2(CC1)C(=O)N(C(=O)N2)CCN(CCCl)CCCl'"}, "time": 1743973804.7357519}