{"duration": 0.3797612190246582, "input_args": {"smiles": "'CN1C(=C(C=N1)C#N)C2=CC3=C(C=C2)C(=O)N(C3)C(CC4=CC(=CC=C4)F)CN'"}, "time": 1746315925.9098408}