{"duration": 0.5761139392852783, "input_args": {"smiles": "'Clc1cc(Cl)c(OCC(=O)N\\\\N=C\\\\c2ccc[nH]2)c(Cl)c1'"}, "time": 1746395138.2075222}