{"duration": 0.34592628479003906, "input_args": {"smiles": "'C1=CC(=C(N=C1)C=NNC(=S)N)O'"}, "time": 1743973791.058038}