{"duration": 0.3644230365753174, "input_args": {"smiles": "'CN1C=C(C=N1)C2=CC3=C4C(=CN=C3C=C2)C=CC(=O)N4C5=CC6=C(CCN6C(=O)C=C)C=C5'"}, "time": 1743972330.347459}