{"duration": 0.3692049980163574, "input_args": {"smiles": "'COc1ccc(cc1[N+]([O-])=O)S(=O)(=O)N(C(C)=O)c1ccc(OC(C)=O)c2ccccc12'"}, "time": 1746309867.528987}