{"duration": 0.44890713691711426, "input_args": {"smiles": "'CC(C1=CC2=C(C=C1)C3=CC(=C(C=C3OC2=O)OCC4=CC=C(C=C4)OC)OC)O'"}, "time": 1746315879.623639}