{"duration": 0.4296119213104248, "input_args": {"smiles": "'CC(=O)Nc1ccc(cc1)C(=O)Nc1ccccc1N'"}, "time": 1746310008.2261791}