{"duration": 0.3716092109680176, "input_args": {"smiles": "'C1=CC(=CC=C1CCCC(=O)O)N(CCCl)CCCl'"}, "time": 1746310024.174129}