{"duration": 0.42836785316467285, "input_args": {"smiles": "'O=C1N(C2CCC(=O)NC2=O)C(=O)c2ccccc12'"}, "time": 1746310012.7189162}