{"duration": 0.34731316566467285, "input_args": {"smiles": "'CC1=CC(=C(C=C1SC2=CN=C(S2)NC(=O)C3=CC=C(C=C3)CNC(C)C(C)(C)C)C(=O)N4CCN(CC4)C(=O)C)OC'"}, "time": 1743972343.4987571}