{"duration": 0.3655390739440918, "input_args": {"smiles": "'CC(C(=O)NC(CC1=CC=C(C=C1)OC)C(=O)NC(CC2=CC=CC=C2)C(=O)C3(CO3)C)NC(=O)CN4CCOCC4'"}, "time": 1746310191.045759}