{"duration": 0.4657599925994873, "input_args": {"smiles": "'N[C@H](CSCCB(O)O)C(O)=O'"}, "time": 1746395034.838628}