{"duration": 0.421065092086792, "input_args": {"smiles": "'FC(F)(F)c1ccc(Nc2nccc(n2)-c2cccc(Cl)c2)cc1'"}, "time": 1746309943.426813}