{"duration": 0.5157561302185059, "input_args": {"smiles": "'CC1CC2=CC=CC=C2N1C(=O)CC3=NC(=CC(=O)N3)N4CCOCC4'"}, "time": 1746395625.234011}