{"duration": 0.5012762546539307, "input_args": {"smiles": "'Oc1ccc(Cl)cc1C(=O)Nc1ccc(cc1Cl)[N+]([O-])=O'"}, "time": 1746395250.566706}