{"duration": 0.36326098442077637, "input_args": {"smiles": "'CN1CCN(CC1)C(=O)CC2C=CC(C(O2)CO)NS(=O)(=O)C3=CC=CC(=C3)F'"}, "time": 1743973545.112691}