{"duration": 0.3626580238342285, "input_args": {"smiles": "'CCC1(C2=C(COC1=O)C(=O)N3CC4=C(C3=C2)N=C5C=CC(=CC5=C4)O)O'"}, "time": 1743973793.272182}