{"duration": 0.3809077739715576, "input_args": {"smiles": "'CC1=CN=C(C(=N1)OC)NS(=O)(=O)C2=C(N=CC=C2)C3=CC=C(C=C3)C4=NN=CO4'"}, "time": 1746308377.126647}