{"duration": 0.41399717330932617, "input_args": {"smiles": "'C1=CC=C(C=C1)CSCCC(CCCCC(=O)O)SCC2=CC=CC=C2'"}, "time": 1743973401.216286}