{"duration": 0.43506312370300293, "input_args": {"smiles": "'CC1=NC=CC(=C1)C2=CC=C(C=C2)CC(=O)NC3=CC=C(C=C3)C4=CN=CC=C4'"}, "time": 1746388504.727257}