{"duration": 0.3599817752838135, "input_args": {"smiles": "'CN1CC(=O)N(C1=O)CC(=C)C2=CC=C(C=C2)C(=O)NC3=CC=CC=C3N'"}, "time": 1746315712.096983}