{"duration": 0.36565709114074707, "input_args": {"smiles": "'COC1=C(C=C2C(=C1)C(=NC=N2)NC3=CC(=C(C(=C3)Br)O)Br)OC'"}, "time": 1746388443.12346}