{"duration": 0.4866371154785156, "input_args": {"smiles": "'CC1=NC2=C(N1)C=C(C=C2)N3C(=C(C=N3)C(=O)C4=CC5=CC=CC=C5N4)N'"}, "time": 1746395633.0055318}