{"duration": 0.45160508155822754, "input_args": {"smiles": "'C1CC(=CC2=CC=CS2)C(=O)C1=CC3=CC=CS3'"}, "time": 1743972426.9182441}