{"duration": 0.36718201637268066, "input_args": {"smiles": "'CC1=C2C=C[N+](=CC2=C(C3=C1NC4=CC=CC=C43)C)C.CS(=O)(=O)[O-]'"}, "time": 1743973827.1648371}