{"duration": 0.4193427562713623, "input_args": {"smiles": "'CCCCCCCCc1ccc(CCC(N)(CO)CO)cc1'"}, "time": 1746388695.068085}