{"duration": 0.4235241413116455, "input_args": {"smiles": "'CCC(C)CNCC(=O)N1CCC2=C(C1COC3=CC=CC(=C3)C)C=CS2'"}, "time": 1746308343.866955}