{"duration": 0.395129919052124, "input_args": {"smiles": "'CC1(CCC(C2=C1C=CC(=C2)C(=O)NC3=CC=C(C=C3)C(=O)O)(C)C)C'"}, "time": 1743973538.8860211}