{"duration": 0.44547367095947266, "input_args": {"smiles": "'CN1C2=CN=C3C=CC(=CC3=C2N(C1=O)C4CCOCC4)C5=CN=C(C=C5)OCCCN(C)C'"}, "time": 1746315926.762284}