{"duration": 0.5290982723236084, "input_args": {"smiles": "'COc1cc2nc(nc(NC3CCN(Cc4ccccc4)CC3)c2cc1OC)N1CCCN(C)CC1'"}, "time": 1746395037.051915}