{"duration": 0.529433012008667, "input_args": {"smiles": "'Cc1c(cc(-c2ccccc2)n1CCCN1CCOCC1)C(=O)Nc1cccc(c1)C(F)(F)F'"}, "time": 1746395114.794579}