{"duration": 0.47813916206359863, "input_args": {"smiles": "'COC1=C(C(=C2C(=C1)CCC(C3=CC(=O)C(=CC=C32)SC)NC(=O)C(F)(F)F)OC)OC'"}, "time": 1746395358.1107259}