{"duration": 0.510009765625, "input_args": {"smiles": "'CN1C=C(C2=CC=CC=C21)C3=C(C(=O)NC3=O)C4=CN(C5=CC=CC=C54)CCCCN'"}, "time": 1746310220.4044201}