{"duration": 0.5523910522460938, "input_args": {"smiles": "'Cc1cc(C(=O)CN2C(=O)CCC2=O)c(C)n1Cc1ccccc1'"}, "time": 1746395134.492619}