{"duration": 0.3735039234161377, "input_args": {"smiles": "'CCC1(C2=C(COC1=O)C(=O)N3CC4=C(C5=CC=CC=C5N=C4C3=C2)C=NNC(=O)C(CC6=CN=CN6)N)O.Cl'"}, "time": 1743973861.8838022}