{"duration": 0.3913741111755371, "input_args": {"smiles": "'CC1COCCN1C2=NC3=C(C=CN=C3C4=CC=NN4)C(=C2)C5=CC=NN5C'"}, "time": 1746310316.3973792}