{"duration": 0.3645660877227783, "input_args": {"smiles": "'CC1=[N+](C2=C(N1CCOC)C(=O)C3=CC=CC=C3C2=O)CC4=NC=CN=C4.[Br-]'"}, "time": 1746309772.948858}