{"duration": 0.3351619243621826, "input_args": {"smiles": "'C1=CC=C2C(=C1)C3=CC=CC=C3N2CCC4=NC5=CC=CC=C5N4'"}, "time": 1743972720.541037}