{"duration": 0.4255251884460449, "input_args": {"smiles": "'O=C(NC1CC1)c1cc(on1)-c1cccs1'"}, "time": 1746388712.256861}