{"duration": 0.4247159957885742, "input_args": {"smiles": "'C1=CC(=CC=C1CCC2=CNC3=C2C(=O)NC(=N3)N)C(=O)NC(CCC(=O)O)C(=O)O'"}, "time": 1746388468.8993049}