{"duration": 0.4001278877258301, "input_args": {"smiles": "'CC(C)c1ccccc1Cc1cc(C(=O)Nc2ccc(cc2)S(=O)(=O)c2ccccc2C(C)(C)C)c(O)c(O)c1O'"}, "time": 1746309942.1769578}