{"duration": 0.4679112434387207, "input_args": {"smiles": "'C(C(C(=O)O)N)[N+](=NO)[O-]'"}, "time": 1746395687.3788009}