{"duration": 0.6967940330505371, "input_args": {"smiles": "'CC(=CCC(C1=CC(=O)C2=C(C=CC(=C2C1=O)O)O)O)C'"}, "time": 1746315625.1891599}