{"duration": 0.44939589500427246, "input_args": {"smiles": "'CN1C=C(C2=CC=CC=C21)C3=C(C(=O)NC3=O)C4=C5CC(CN5C6=CC=CC=C64)CN'"}, "time": 1746315830.13827}