{"duration": 0.5652501583099365, "input_args": {"smiles": "'C1=NC2=C(N=C(N=C2N1C3C(C(C(O3)CO)O)F)Cl)N'"}, "time": 1746395384.132355}