{"duration": 0.5353610515594482, "input_args": {"smiles": "'C(C1C(C(C(O1)C2=NNC(=C2O)C(=O)N)O)O)O'"}, "time": 1746395331.63839}