{"duration": 0.6456661224365234, "input_args": {"smiles": "'CC1=CC2=C(C=C1)N=C(C3=NC=C(N23)C)NCCN'"}, "time": 1746394849.071722}