{"duration": 0.3742408752441406, "input_args": {"smiles": "'COC1=C(NC=C1)C=C2C3=C(C=CC(=C3C#CC4(CCNCC4)O)F)NC2=O'"}, "time": 1743973966.384466}