{"duration": 0.3757467269897461, "input_args": {"smiles": "'CC(C(=O)N1CCC(CC1)CCN2C3=NC=NC(=C3N=C2SC4=C(C=C5C(=C4)OCO5)Br)N)O'"}, "time": 1743973938.5735822}