{"duration": 0.3645198345184326, "input_args": {"smiles": "'CCOC1=C(C(=CC(=N1)NC(=O)CC2=C(C=CC(=C2)OC)OC)N)C#N'"}, "time": 1743972422.580292}