{"duration": 0.45127296447753906, "input_args": {"smiles": "'CC1=C(SC(=N1)NC(=O)C)S(=O)(=O)NC2=CC=C(C=C2)C(C(F)(F)F)(C(F)(F)F)O'"}, "time": 1743973618.669966}