{"duration": 0.9970262050628662, "input_args": {"smiles": "'C1=CC(=C(C=C1I)F)NC2=C(C=CN=C2)C(=O)NCC(CO)O'"}, "time": 1746395472.694874}