{"duration": 0.3710951805114746, "input_args": {"smiles": "'Cc1cc(CS(=O)(=O)c2ccccc2)cc(OCc2ccc(CN3CCC[C@@H]3CO)cc2)c1'"}, "time": 1746309922.484564}