{"duration": 0.39095091819763184, "input_args": {"smiles": "'CC1=C2C=C[N+](=CC2=C(C3=C1NC4=C3C=C(C=C4)O)C)C.CC(=O)[O-]'"}, "time": 1746315627.0785332}