{"duration": 0.351715087890625, "input_args": {"smiles": "'CCN1C2=C(C(=O)N(C1=O)CC)N(C(=N2)C=CC3=CC(=C(C=C3)OC)OC)C'"}, "time": 1743972779.232665}