{"duration": 0.3952162265777588, "input_args": {"smiles": "'C1=NC(=C(N1C2C(C(C(O2)CO)O)O)N)C(=O)N'"}, "time": 1746388397.1797152}