{"duration": 0.3795051574707031, "input_args": {"smiles": "'CC1CC(C)CN(C1)c1cc(Nc2ccccc2C(O)=O)c2C(=O)c3ccccc3-c3onc1c23'"}, "time": 1746388617.080211}