{"duration": 0.36164307594299316, "input_args": {"smiles": "'COC1=C(C=C2C(=C1)C(=NC(=N2)N3CCCC3)NCCCCCN4CCCC4)OC'"}, "time": 1743972634.389354}