{"duration": 0.5281898975372314, "input_args": {"smiles": "'CNC(=O)C1=NC=CC(=C1)COC2=NN=C(C3=C2OC=C3)NC4=CC=C(C=C4)Cl'"}, "time": 1746395612.827838}