{"duration": 0.5083730220794678, "input_args": {"smiles": "'CC1=C(C(=O)N(C2=NC(=NC=C12)NC3=NC=C(C=C3)N4CCNCC4)C5CCCC5)C(=O)C'"}, "time": 1746388467.2451599}