{"duration": 0.5080130100250244, "input_args": {"smiles": "'COC1=CC=C(C=C1)C2=CC=C(C=C2)C=CC(=O)NO'"}, "time": 1746395510.214262}