{"duration": 0.3726058006286621, "input_args": {"smiles": "'COC1=C(C=CC(=C1)N2CCC(CC2)N)NC3=NC=C(C(=N3)C4=CNC5=CC=CC=C54)Cl'"}, "time": 1746315883.2640839}