{"duration": 0.5011191368103027, "input_args": {"smiles": "'C(C(C(=O)O)NC(=O)CP(=O)(O)O)C(=O)O.[Na+]'"}, "time": 1746395342.501172}