{"duration": 0.38189196586608887, "input_args": {"smiles": "'COC1=C(C=CC(=C1)NS(=O)(=O)C)NC2=C3C=CC=CC3=NC4=CC=CC=C42'"}, "time": 1746310063.5225432}