{"duration": 0.35392165184020996, "input_args": {"smiles": "'CC1=NN(C(=O)C\\\\1=C\\\\c1ccc(o1)-c1cc(C)c(C)cc1[N+]([O-])=O)c1ccc(cc1)C(O)=O'"}, "time": 1746309872.409985}