{"duration": 0.3758370876312256, "input_args": {"smiles": "'OC(CN1CCNCC1)Cn1c2ccc(Br)cc2c2cc(Br)ccc12'"}, "time": 1746309874.049749}