{"duration": 0.38394999504089355, "input_args": {"smiles": "'CC(C)(C)c1ccc(cc1)S(=O)(=O)NCc1ccc(cc1)C(=O)Nc1cccnc1'"}, "time": 1746388662.537521}