{"duration": 0.34194374084472656, "input_args": {"smiles": "'CC1=C(C2=CC=CC=C2N1)C(C3=CC=C(C=C3)Cl)NC4=CC=CC=N4'"}, "time": 1743972665.400461}