{"duration": 0.3408658504486084, "input_args": {"smiles": "'ClCCNP1(=O)OCCCN1CCCl'"}, "time": 1746309975.530956}