{"duration": 0.5691542625427246, "input_args": {"smiles": "'CC(C)N(CCCNC(=O)NC1=CC=C(C=C1)C(C)(C)C)CC2C(C(C(O2)N3C=C(C4=C(N=CN=C43)N)Br)O)O'"}, "time": 1746394946.706692}