{"duration": 0.3616330623626709, "input_args": {"smiles": "'CN(C)\\\\N=N\\\\c1[nH]cnc1C(N)=O'"}, "time": 1746309965.932665}