{"duration": 0.4176180362701416, "input_args": {"smiles": "'Cc1cc(C(=O)CN2CCCC2)c(C)n1-c1ccc(F)cc1'"}, "time": 1746388617.884187}