{"duration": 0.5067028999328613, "input_args": {"smiles": "'OCCSC1=C(SCCO)C(=O)c2ccccc2C1=O'"}, "time": 1746395147.838204}