{"duration": 0.3625631332397461, "input_args": {"smiles": "'CCNC(=O)CC1C2=NN=C(N2C3=C(C=C(C=C3)OC)C(=N1)C4=CC=C(C=C4)Cl)C'"}, "time": 1743972379.099238}