{"duration": 0.43143296241760254, "input_args": {"smiles": "'CCCCNCC(=O)OC1(C2=C(COC1=O)C(=O)N3CC4=CC5=CC=CC=C5N=C4C3=C2)CC.Cl'"}, "time": 1746315655.914468}