{"duration": 0.3393721580505371, "input_args": {"smiles": "'C1=CC(=C(C=C1I)F)NC2=C(C(=C(C=C2C(=O)NOCC(CO)O)Br)F)F'"}, "time": 1743972669.593712}