{"duration": 0.3662428855895996, "input_args": {"smiles": "'C1=NC2=C(N1C3C(C(C(O3)CO)O)O)N=C(NC2=O)N'"}, "time": 1743973385.397568}