{"duration": 0.39519381523132324, "input_args": {"smiles": "'CC1=C(C(=O)C(=C(C1=O)N2CC2)CO)N3CC3'"}, "time": 1746315689.48835}