{"duration": 0.36835193634033203, "input_args": {"smiles": "'CC1=CCCC2(C(O2)C3C(CC1)C(=C)C(=O)O3)C'"}, "time": 1743972346.0216231}