{"duration": 0.4020841121673584, "input_args": {"smiles": "'C1=CC(=CC=C1C2=CC(=C(S2)NC(=O)N)C(=O)N)F'"}, "time": 1743972388.108326}