{"duration": 0.38062596321105957, "input_args": {"smiles": "'CN1C=C(C=N1)C2=CC3=C(C=CC4=C(C3=O)C=C(C=C4)CS(=O)(=O)NCC5=CC=CC=N5)N=C2'"}, "time": 1743973923.696528}