{"duration": 0.5049428939819336, "input_args": {"smiles": "'CC(C)OC1=NNC(=C1)NC2=NC(=NC=C2Cl)NC(C)C3=NC=C(C=C3)F'"}, "time": 1746308255.1992111}