{"duration": 0.43732500076293945, "input_args": {"smiles": "'CC(C)(C)c1cnc(CSc2cnc(NC(=O)C3CCNCC3)s2)o1'"}, "time": 1746309936.5488188}