{"duration": 0.37190890312194824, "input_args": {"smiles": "'C1CN(CCC1(F)F)C(=O)C2=CC=C(C=C2)C3=CC(=C4C(=C3)C=C(O4)CNC(=O)C=CC5=CN=C(C=C5)N)C6=CC=C(C=C6)F'"}, "time": 1743974038.218706}