{"duration": 0.36437296867370605, "input_args": {"smiles": "'C(Nc1nc(NCc2ccccc2)c2ccccc2n1)c1ccccc1'"}, "time": 1746309883.56111}