{"duration": 0.385814905166626, "input_args": {"smiles": "'CS(=O)(=O)C1=CC(=C(C=C1)C(=O)NC2=CC(=C(C=C2)Cl)C3=CC=CC=N3)Cl'"}, "time": 1746308368.013772}