{"duration": 0.34212803840637207, "input_args": {"smiles": "'COCCOC1=CC=C(C=C1)NC2=NC=C(C(=N2)NC3=CC(=CC=C3)NC(=O)C=C)F'"}, "time": 1746310278.458036}