{"duration": 0.39515018463134766, "input_args": {"smiles": "'COc1ccc(cc1)S(=O)(=O)N(C(=O)C)c2ccccc2C=Cc3cc[n+]([O-])cc3'"}, "time": 1746388582.410451}