{"duration": 0.40548205375671387, "input_args": {"smiles": "'C1CC1C(=O)NC2=NNC3=C2C=CC(=C3)C4=CC(=CC=C4)C(=O)NC5CC5'"}, "time": 1743972391.4883158}