{"duration": 0.5828559398651123, "input_args": {"smiles": "'C1CN(CCC1CCCCNC(=O)C=CC2=CN=CC=C2)C(=O)C3=CC=CC=C3'"}, "time": 1743972437.791322}