{"duration": 0.36789584159851074, "input_args": {"smiles": "'CC1=NC=C(N1C(C)C)C2=NC(=NC=C2)NC3=CC=C(C=C3)S(=O)(=O)C'"}, "time": 1746309682.477558}