{"duration": 0.3873171806335449, "input_args": {"smiles": "'Cc1cc2nc(NCCCO)n(CC(=O)c3cc(c(O)c(c3)C(C)(C)C)C(C)(C)C)c2cc1C'"}, "time": 1746388629.4126642}