{"duration": 0.34867191314697266, "input_args": {"smiles": "'B(C(CC(C)C)NC(=O)CNC(=O)C1=C(C=CC(=C1)Cl)Cl)(O)O'"}, "time": 1743972776.159512}