{"duration": 0.4783620834350586, "input_args": {"smiles": "'Cc1cc(C2CCCCC2)n(O)c(=O)c1'"}, "time": 1746388683.887133}