{"duration": 0.3747711181640625, "input_args": {"smiles": "'N[C@@H](Cc1ccc(cc1)N(CCCl)CCCl)C(=O)O'"}, "time": 1746314770.3056371}