{"duration": 0.5969328880310059, "input_args": {"smiles": "'CCOC(=O)C1CC2=CC=CC=C2CN1C(=O)C3=CC=C(S3)SC'"}, "time": 1743972663.892664}