{"duration": 0.43128108978271484, "input_args": {"smiles": "'CC12CCC3C(C1CCC2OP(=O)(O)O)CCC4=C3C=CC(=C4)OC(=O)N(CCCl)CCCl.[Na+]'"}, "time": 1746315691.766025}