{"duration": 0.6172308921813965, "input_args": {"smiles": "'CC(C(=O)O)OC1=CC=C(C=C1)OC2=CN=C3C=CC(=CC3=N2)Cl.[Na+]'"}, "time": 1746395403.3387818}