{"duration": 0.33845090866088867, "input_args": {"smiles": "'CNC(=O)c1cc(Oc2ccc(NC(=O)Nc3ccc(Cl)c(c3)C(F)(F)F)cc2)ccn1'"}, "time": 1746388729.75436}