{"duration": 0.45281219482421875, "input_args": {"smiles": "'CC(C)OC1=CC=C(C=C1)NC(=O)N2CCN(CC2)C3=NC=NC4=CC(=C(C=C43)OC)OCCCN5CCCCC5'"}, "time": 1746310183.49491}