{"duration": 0.38913607597351074, "input_args": {"smiles": "'Cc1cc(CS(=O)(=O)c2ccccc2)cc(OCc2ccc(CN3CCC[C@@H]3CO)cc2)c1'"}, "time": 1746388646.105244}