{"duration": 0.44783473014831543, "input_args": {"smiles": "'Nc1ccn([C@@H]2O[C@H](CO)[C@@H](O)C2(F)F)c(=O)n1'"}, "time": 1746395229.5951529}