{"duration": 0.39943599700927734, "input_args": {"smiles": "'CC1=C2C=CN=CC2=C(C3=C1NC4=CC=CC=C43)C'"}, "time": 1746310035.066779}