{"duration": 0.3139050006866455, "input_args": {"smiles": "'N.N.Cl[Pt]Cl'"}, "time": 1743973403.740863}