{"duration": 0.5177109241485596, "input_args": {"smiles": "'C1=CC(=CC(=C1)N2C(=O)C=CC3=CN=C4C=CC(=CC4=C32)C5=CN=C(C=C5)N)C(F)(F)F'"}, "time": 1746394965.593338}