{"duration": 0.353895902633667, "input_args": {"smiles": "'COC1=CC=CC(=C1N)C2=CC(=O)C3=CC=CC=C3O2'"}, "time": 1746310112.847088}