{"duration": 0.409442663192749, "input_args": {"smiles": "'C1=CN(C=N1)CC(O)(P(=O)(O)O)P(=O)(O)O'"}, "time": 1743973535.925803}