{"duration": 0.3478567600250244, "input_args": {"smiles": "'CC1=C(OC2=C1C3=CC=CC=C3C=C2)[N+](=O)[O-]'"}, "time": 1743973550.6997068}