{"duration": 0.37004685401916504, "input_args": {"smiles": "'C(Cc1c[nH]c2ccccc12)Nc1cccc(Nc2ccncc2)c1'"}, "time": 1746388726.380521}