{"duration": 0.3678140640258789, "input_args": {"smiles": "'C1C(C(OC2=CC(=CC(=C21)O)O)C3=CC(=C(C(=C3)O)O)O)OC(=O)C4=CC(=C(C(=C4)O)O)O'"}, "time": 1743972744.162206}