{"duration": 0.36483097076416016, "input_args": {"smiles": "'C1=CC(=CC(=C1)Cl)NC2=NC=CC(=N2)C3=CC(=NC=C3)NCCCO'"}, "time": 1746308276.9558132}