{"duration": 0.40290188789367676, "input_args": {"smiles": "'C1=CNC(=C1)C=NNC(=O)COC2=C(C=C(C=C2Cl)Cl)Cl'"}, "time": 1743973599.519841}