{"duration": 0.42990994453430176, "input_args": {"smiles": "'Brc1ccc(OCc2ccccc2Br)c(\\\\C=C2\\\\SC(=S)NC2=O)c1'"}, "time": 1746309926.815845}