{"duration": 0.38158082962036133, "input_args": {"smiles": "'COC1=C(C=C2C(=C1)C3=C(C4=CC5=C(C=C4C3=O)OCO5)N(C2=O)CCCN6C=NC=N6)OC.Cl'"}, "time": 1746310147.121175}