{"duration": 0.38083720207214355, "input_args": {"smiles": "'O=C1N(C2CCC(=O)NC2=O)C(=O)c2ccccc12'"}, "time": 1746388736.5509918}