{"duration": 0.4004232883453369, "input_args": {"smiles": "'C1=CN(C(=O)N=C1N)C2C(C(C(O2)CO)O)(F)F.Cl'"}, "time": 1743973844.872402}