{"duration": 0.3493030071258545, "input_args": {"smiles": "'CC(=O)NC1CC(C1)C(=O)NC2=C(C=CC(=C2)C3=CC=C(C=C3)F)N'"}, "time": 1743972788.235143}