{"duration": 0.37528514862060547, "input_args": {"smiles": "'CCCC(C1=CC=CC=C1)NC(=O)C(=CC2=NC(=CC=C2)Br)C#N'"}, "time": 1743973622.872315}