{"duration": 0.38530421257019043, "input_args": {"smiles": "'CC1C(C(CC(O1)OC2CC(CC3=C2C(=C4C(=C3O)C(=O)C5=C(C4=O)C(=CC=C5)OC)O)(C(=O)C)O)N)O'"}, "time": 1746310163.775609}