{"duration": 0.38728809356689453, "input_args": {"smiles": "'C=C(CNC(=O)C1=CC=CC=C1)C2=CC=C(C=C2)C(=O)NC3=CC=CC=C3N'"}, "time": 1746310137.011723}