{"duration": 0.3874800205230713, "input_args": {"smiles": "'C1=CC(=CC(=C1)Cl)NC2=NC=CC(=N2)C3=CC(=NC=C3)NCCCO'"}, "time": 1746309702.6551082}