{"duration": 0.3674180507659912, "input_args": {"smiles": "'N[C@@H](Cc1ccc(cc1)N(CCCl)CCCl)C(=O)O'"}, "time": 1746315240.272639}