{"duration": 0.3344149589538574, "input_args": {"smiles": "'CC1CN(CC(O1)C)C2=NC=C(C=C2)NC(=O)C3=CC=CC(=C3C)C4=CC=C(C=C4)OC(F)(F)F'"}, "time": 1743973636.221214}