{"duration": 0.34163403511047363, "input_args": {"smiles": "'CN1C=C(C2=CC=CC=C21)C3=C(C(=O)NC3=O)C4=CSC=C4'"}, "time": 1746310211.43344}