{"duration": 0.4089350700378418, "input_args": {"smiles": "'C1CN(CCC1(C(=O)NC(CCO)C2=CC=C(C=C2)Cl)N)C3=NC=NC4=C3C=CN4'"}, "time": 1743973403.4244459}