{"duration": 0.3884711265563965, "input_args": {"smiles": "'CC(C(=O)NC(C1CCCCC1)C(=O)N2CCCC2C(=O)NC3=C(N=NS3)C4=CC=CC=C4)NC'"}, "time": 1746310205.668255}