{"duration": 0.5562539100646973, "input_args": {"smiles": "'CN1C=C(C2=CC=CC=C21)C3=C(C(=O)NC3=O)C4=CN(C5=CC=CC=C54)CCN'"}, "time": 1746395548.615544}