{"duration": 0.46596813201904297, "input_args": {"smiles": "'C1=C(C(=O)NC(=O)N1)N(CCCl)CCCl'"}, "time": 1746315584.7445068}