{"duration": 0.5214858055114746, "input_args": {"smiles": "'CC(=O)NC1CCC2=CC(=C(C(=C2C3=CC=C(C(=O)C=C13)SC)OC)OC)OC'"}, "time": 1746395340.97507}