{"duration": 0.4785127639770508, "input_args": {"smiles": "'CCCCCCCCc1ccc(CCC(N)(CO)CO)cc1'"}, "time": 1746395225.362189}