{"duration": 0.427509069442749, "input_args": {"smiles": "'C1CCC(C(C1)[NH-])[NH-].C(=O)(C(=O)O)O.[Pt+2]'"}, "time": 1743973522.8233469}