{"duration": 0.385361909866333, "input_args": {"smiles": "'CN1C(=S)NC(Cc2c[nH]c3ccccc23)C1=O'"}, "time": 1746309986.5368571}