{"duration": 0.4131002426147461, "input_args": {"smiles": "'CCC(C1=NC2=C(C(=CC=C2)F)C(=O)N1C3=CC=CC=C3)NC4=NC=NC5=C4NC=N5'"}, "time": 1746315762.4001138}