{"duration": 0.42555904388427734, "input_args": {"smiles": "'CC1=C(C=C(C=C1)NC(=O)C2=CC(=CC=C2)C(C)(C)C#N)NC3=CC4=C(C=C3)N=CN(C4=O)C'"}, "time": 1746309679.734962}