{"duration": 0.5256843566894531, "input_args": {"smiles": "'OC(=O)CCCc1ccc(cc1)N(CCCl)CCCl'"}, "time": 1746395208.243134}