{"duration": 0.37151098251342773, "input_args": {"smiles": "'C1COCCN1C2=CC(=O)C=C(O2)C3=C4C(=CC=C3)SC5=CC=CC=C5S4'"}, "time": 1746308309.9547808}