{"duration": 0.4001648426055908, "input_args": {"smiles": "'C=C(CN1CCC2=CC=CC=C2C1)C3=CC=C(C=C3)C(=O)NC4=CC=C(C=C4)N'"}, "time": 1743973881.8400378}