{"duration": 0.3916168212890625, "input_args": {"smiles": "'Fc1ccccc1-c1cc(=O)c2cc3OCOc3cc2[nH]1'"}, "time": 1746388600.76159}