{"duration": 0.4010472297668457, "input_args": {"smiles": "'C1=CC(=C(C=C1I)F)NC2=C(C=CN=C2)C(=O)NCC(CO)O'"}, "time": 1743973901.810643}