{"duration": 0.4079899787902832, "input_args": {"smiles": "'Oc1cccc(C(=O)Nc2cccc(NC(=O)c3cccc(O)c3O)c2)c1O'"}, "time": 1746388635.9290571}