{"duration": 0.41864490509033203, "input_args": {"smiles": "'CC1CN(C(=O)C2=C(C=CC(=C2)NC(=O)C3CCCCC3)OC1CNC)C(C)CO'"}, "time": 1743973555.916894}