{"duration": 0.3888540267944336, "input_args": {"smiles": "'CCNC(=O)NC1=NC=C(S1)C2=CC(=NC(=N2)C3=NC=CN=C3)C4=C(C=C(C=C4C)OC)C'"}, "time": 1746388448.162265}