{"duration": 0.3850381374359131, "input_args": {"smiles": "'C1CC(OC1)N2C=C(C(=O)NC2=O)F'"}, "time": 1746315612.652441}