{"duration": 0.4018540382385254, "input_args": {"smiles": "'C1=CC=C(C=C1)CSCCC(CCCCC(=O)O)SCC2=CC=CC=C2'"}, "time": 1746388415.485101}