{"duration": 0.39016008377075195, "input_args": {"smiles": "'CCC1(C2=C(COC1=O)C(=O)N3CC4=C(C5=CC=CC=C5N=C4C3=C2)Cl)O'"}, "time": 1746310063.136905}