{"duration": 0.3350949287414551, "input_args": {"smiles": "'CC1=CC2=C(C=C1)N=C(S2)NC(=O)CSC3=NC4=C(C(=O)N3C5=CC=CC=C5)SCC4'"}, "time": 1743972601.141089}