{"duration": 0.40926098823547363, "input_args": {"smiles": "'CC#CC(=O)N1CCCC1C2=NC(=C3N2C=CN=C3N)C4=CC=C(C=C4)C(=O)NC5=CC=CC=N5'"}, "time": 1743974035.339971}