{"duration": 0.34749603271484375, "input_args": {"smiles": "'NC1=NC(=S)c2[nH]cnc2N1'"}, "time": 1746315236.008409}