{"duration": 0.40982723236083984, "input_args": {"smiles": "'CCOC1=CC=CC=C1C2=CC(=O)NC3=CC4=C(C=C23)OCO4'"}, "time": 1743973582.82664}