{"duration": 0.35764503479003906, "input_args": {"smiles": "'CC1(CCC2(CCC3(C(C2C1)C(=O)C=C4C3(CCC5C4(C=C(C(=O)C5(C)C)C#N)C)C)C)C(=O)OC)C'"}, "time": 1743973627.427747}