{"duration": 0.35140514373779297, "input_args": {"smiles": "'CCCCCCCCCCC(C)(C)C(=O)Nc1c(OC)cc(OC)cc1OC'"}, "time": 1746388601.125159}