{"duration": 0.4101850986480713, "input_args": {"smiles": "'CC(C)(C#N)C1=CC=C(C=C1)N2C3=C4C=C(C=CC4=NC=C3N(C2=O)C)C5=CC6=CC=CC=C6N=C5'"}, "time": 1743972426.1087549}