{"duration": 0.3405430316925049, "input_args": {"smiles": "'CC1=CN=C(C=N1)CNC(=O)C2=C3N(C4=CC=CC=C4S3)C5=C(C2=O)C=CC(=N5)N6CCCN(CC6)C'"}, "time": 1743973402.6281412}