{"duration": 0.3507120609283447, "input_args": {"smiles": "'COCCOc1cc2ncnc(Nc3cccc(c3)C#C)c2cc1OCCOC'"}, "time": 1746309970.697394}