{"duration": 0.4469633102416992, "input_args": {"smiles": "'Fc1c[nH]c(=O)[nH]c1=O'"}, "time": 1746395225.812809}