{"duration": 0.40250396728515625, "input_args": {"smiles": "'CC1=CC=CC=C1C(C(=O)NC2CCCCC2)N(C3=CC(=CC=C3)F)C(=O)CC4=CC=NC=C4'"}, "time": 1743972659.0651362}