{"duration": 0.5043089389801025, "input_args": {"smiles": "'C1CC(OC1)N2C=C(C(=O)NC2=O)F'"}, "time": 1746395332.6192782}