{"duration": 0.3670017719268799, "input_args": {"smiles": "'C1C(C(OC1N2C=NC3=C2NC(=NC3=S)N)CO)O'"}, "time": 1746310034.287263}