{"duration": 0.352855920791626, "input_args": {"smiles": "'CC(C)CC(=O)NC1=NNC2=C1CN(C2(C)C)C(=O)C3CCN(CC3)C'"}, "time": 1746315940.998522}