{"duration": 0.3312041759490967, "input_args": {"smiles": "'CN1CCN(CC1)C2=CC(=C(C=C2)OC(F)(F)F)NC3=NC=C4CCC5=C(C4=N3)N(N=C5C(=O)N)CCO'"}, "time": 1743974015.766696}