{"duration": 0.5009510517120361, "input_args": {"smiles": "'ClC1=C(NCC=C)C(=O)c2ccccc2C1=O'"}, "time": 1746388575.891934}