{"duration": 0.4674811363220215, "input_args": {"smiles": "'C1=CC(=CC=C1C2=NC(=C(N2)C3=CC=NC=C3)C4=CC=C(C=C4)F)O'"}, "time": 1746395653.1123068}