{"duration": 0.37708401679992676, "input_args": {"smiles": "'C[C@H]1CN(CC(=O)Nc2ccc3Sc4c(Cc3c2)cccc4-c2cc(=O)cc(o2)N2CCOCC2)C[C@@H](C)O1'"}, "time": 1746309898.67989}