{"duration": 0.3795201778411865, "input_args": {"smiles": "'C1=CC(=CC=C1CC(C(=O)O)N)N(CCCl)CCCl.Cl'"}, "time": 1746315578.475787}