{"duration": 0.37007808685302734, "input_args": {"smiles": "'COc1cc2c(Nc3ccc(Br)cc3F)ncnc2cc1OCC1CCN(C)CC1'"}, "time": 1746388742.9310431}