{"duration": 0.578981876373291, "input_args": {"smiles": "'O=C(CCCCCCCn1cc(nn1)-c1cccnc1)Nc1ccccc1-c1ccccc1'"}, "time": 1746395091.5878222}