{"duration": 0.3573610782623291, "input_args": {"smiles": "'C=C(CN1CCN(CC1)C2=CC=CC=C2F)C3=CC=C(C=C3)C(=O)NC4=CC=CC=C4N'"}, "time": 1746310142.207218}