{"duration": 0.5413050651550293, "input_args": {"smiles": "'CC1=C(C(=O)C2=C(C1=O)N3CC4C(C3(C2COC(=O)N)OC)N4C)N'"}, "time": 1746395305.5060081}