{"duration": 0.33051514625549316, "input_args": {"smiles": "'C1=CC(=CN=C1)C2=CC=C(C=C2)C(=O)C3=C(N(N=C3)C4=CC=C(C=C4)F)N'"}, "time": 1743973975.156134}