{"duration": 0.3694620132446289, "input_args": {"smiles": "'COc1cc(Nc2nc3ccccc3nc2NS(=O)(=O)c2ccc(NC(=O)c3ccc(C)c(OC)c3)cc2)cc(OC)c1'"}, "time": 1746309947.66786}