{"duration": 0.39421606063842773, "input_args": {"smiles": "'C1=CC(=CC(=C1)N)C2=CC3=C(N2)N=CN=C3OC4=CC=CC(=C4)O'"}, "time": 1746388491.330129}