{"duration": 0.5563888549804688, "input_args": {"smiles": "'Nc1ccc(cc1NC(=O)C1=CCCC1)-c1cccs1'"}, "time": 1746395069.73741}