{"duration": 0.4774158000946045, "input_args": {"smiles": "'Nc1ccn([C@@H]2O[C@H](CO)[C@@H](O)[C@@H]2O)c(=O)n1'"}, "time": 1746395213.591192}