{"duration": 0.34861087799072266, "input_args": {"smiles": "'C1=CC=C(C=C1)CNC2=NC(=NC3=CC=CC=C32)NCC4=CC=CC=C4'"}, "time": 1743973580.32152}