{"duration": 0.36998796463012695, "input_args": {"smiles": "'CC(C)C1=C2C(=NN1)NC3=C(C=C(C=C3)[N+](=O)[O-])C(=N2)C4=CC=CC=C4Cl'"}, "time": 1746310228.151757}