{"duration": 0.44884610176086426, "input_args": {"smiles": "'C1=CC2=C(C=C1[N+](=O)[O-])C(=O)N(C3=C2C(=O)C4=C3C=CC(=C4)I)CCCN=[N+]=[N-]'"}, "time": 1746315714.1733491}