{"duration": 0.3747868537902832, "input_args": {"smiles": "'C1CC(=O)N(OC1)CC2=CC(=C(C(=C2F)F)NC3=C(C=C(C=C3)I)F)C(=O)NOCCO'"}, "time": 1743973928.25646}