{"duration": 0.7211940288543701, "input_args": {"smiles": "'CC(C)(C)c1ccc2cc(C#N)c(cc2c1)C#N'"}, "time": 1746395086.722637}