{"duration": 0.38756799697875977, "input_args": {"smiles": "'Fc1cccc(c1)N(C(C(=O)NC1CCCCC1)c1ccccc1Cl)C(=O)Cc1cccs1'"}, "time": 1746309842.9007812}