{"duration": 0.3522212505340576, "input_args": {"smiles": "'CC1COCCN1C2=NC(=NC(=C2)C3(CC3)S(=O)(=O)C4CC4)C5=CC=C(C=C5)NC(=S)NCCO'"}, "time": 1746315907.866495}