{"duration": 0.543543815612793, "input_args": {"smiles": "'CC(C)CNc1ccnc(NCc2csc(n2)-c2ccccc2)n1'"}, "time": 1746395121.516224}