{"duration": 0.5062100887298584, "input_args": {"smiles": "'CCCCCCCCC1C(C(=C)C(=O)O1)C(=O)O'"}, "time": 1746308274.153533}