{"duration": 0.5104467868804932, "input_args": {"smiles": "'C1=CC2=C(C=CC(=C2)C=C3C(=O)NC(=NCC4=CC=CS4)S3)N=C1'"}, "time": 1743973458.4097931}