{"duration": 0.9347679615020752, "input_args": {"smiles": "'C1=C(SC=C1Br)COC2=NC(=NC3=C2NC=N3)N'"}, "time": 1743973643.2462752}