{"duration": 0.500622034072876, "input_args": {"smiles": "'CCCS(=O)(=O)Nc1ccc(F)c(C(=O)c2c[nH]c3ncc(cc23)-c2ccc(Cl)cc2)c1F'"}, "time": 1746395289.226666}