{"duration": 0.3829209804534912, "input_args": {"smiles": "'O=C(Nc1cc(CN2CCNCC2)cc(c1)-c1nc2ccccc2[nH]1)c1cnc2ccccc2n1'"}, "time": 1746388662.146487}