{"duration": 0.8351700305938721, "input_args": {"smiles": "'CN1C=C(C2=CC=CC=C21)C3=C(C(=O)NC3=O)C4=C5CCCCN5C6=CC=CC=C64'"}, "time": 1746310223.250993}