{"duration": 0.5576391220092773, "input_args": {"smiles": "'Cc1[nH]c2ccccc2c1C(Nc1ccccn1)c1ccc(Cl)cc1'"}, "time": 1746395092.719379}