{"duration": 0.3623499870300293, "input_args": {"smiles": "'CC(C)(C)C1=CC=C(C=C1)C(=O)NC(=S)NC2=CC=C(C=C2)NC(=O)CCCCN(C)C'"}, "time": 1746388494.953611}