{"duration": 0.42779088020324707, "input_args": {"smiles": "'C1CNC(=O)C2=C1C3=CC=CC=C3N2'"}, "time": 1743973514.088004}