{"duration": 0.4560518264770508, "input_args": {"smiles": "'Oc1cc(ccc1NC(=O)Nc1ccccc1Br)[N+]([O-])=O'"}, "time": 1746388655.300142}