{"duration": 0.3453090190887451, "input_args": {"smiles": "'C1CN(CC1C(=O)NC2=CC3=C(C=C2)NN=C3C4=CC=NC=C4)CC(=O)N5CCN(CC5)C6=CC=C(C=C6)C7=NC=CC=N7'"}, "time": 1743973528.242083}