{"duration": 0.3834190368652344, "input_args": {"smiles": "'C1=CN2C3C(C(C(O3)CO)O)OC2=NC1=N.Cl'"}, "time": 1743973800.6532888}