{"duration": 0.3959181308746338, "input_args": {"smiles": "'COc1ccc(CN2c3nnnn3C3C(C2=O)C2(CCCC2)Cc2ccccc32)cc1'"}, "time": 1746309909.202351}