{"duration": 0.36856722831726074, "input_args": {"smiles": "'CC(C)(C)OC(=O)Nc1ccc(cc1)-c1cc(no1)C(=O)NCCCCCCC(=O)NO'"}, "time": 1746309894.007015}