{"duration": 0.3472907543182373, "input_args": {"smiles": "'CCCCS(=N)(=O)CCC(C(=O)O)N'"}, "time": 1743973821.304325}