{"duration": 0.47028613090515137, "input_args": {"smiles": "'COC1=CC(=C(C(=C1F)COC2=CN=C(N=C2)NC3=CN(N=C3)CCO)F)OC'"}, "time": 1746395665.153541}