{"duration": 0.4040091037750244, "input_args": {"smiles": "'C1=CC=C(C=C1)NS(=O)(=O)C2=CC=CC(=C2)C=CC(=O)NO'"}, "time": 1746388406.2155468}