{"duration": 0.4459958076477051, "input_args": {"smiles": "'CC(=O)Nc1nc(C)c(s1)S(=O)(=O)Nc1ccc(cc1)C(O)(C(F)(F)F)C(F)(F)F'"}, "time": 1746388661.395664}