{"duration": 0.3712036609649658, "input_args": {"smiles": "'Cc1ccc(cc1)C(NC(=O)c1ccccc1)c1ccc2cccnc2c1O'"}, "time": 1746388558.297986}