{"duration": 0.36315131187438965, "input_args": {"smiles": "'N.N.Cl[Pt]Cl'"}, "time": 1746309707.497235}