{"duration": 0.3723468780517578, "input_args": {"smiles": "'CC(=O)N1CCC(CC1)C(=O)Nc1cc(ccc1N)-c1cccs1'"}, "time": 1746388585.605449}