{"duration": 0.34177684783935547, "input_args": {"smiles": "'CC(=O)NC1CCC2=CC(=C(C(=C2C3=CC=C(C(=O)C=C13)SC)OC)OC)OC'"}, "time": 1743973807.544794}