{"duration": 0.475358247756958, "input_args": {"smiles": "'C1CNCCC1NC(=O)C2=C(C=NN2)NC(=O)C3=C(C=CC=C3Cl)Cl'"}, "time": 1746308252.950516}