{"duration": 0.4163041114807129, "input_args": {"smiles": "'COC(=O)CNC(=O)C(=O)OC'"}, "time": 1746388421.90358}