{"duration": 0.4005467891693115, "input_args": {"smiles": "'CC1=C(C(=O)NC(=O)N1)N(CCF)CCCl'"}, "time": 1746315591.19259}