{"duration": 0.48151111602783203, "input_args": {"smiles": "'COC1=CC=C(C=C1)C#CC2=CCCN(C2=O)C(=O)C=CC3=CC(=C(C(=C3)OC)OC)OC'"}, "time": 1743973553.528165}