{"duration": 0.37398314476013184, "input_args": {"smiles": "'C1=NC2=C(N1)C(=S)N=C(N2)N'"}, "time": 1743973774.5262861}