{"duration": 0.5380001068115234, "input_args": {"smiles": "'C\\\\C(=C/C(=O)Nc1ccccc1C(O)=O)c1ccc2ccccc2c1'"}, "time": 1746395035.8614159}