{"duration": 0.4596118927001953, "input_args": {"smiles": "'CC1CC2C3CCC4=CC(=O)C=CC4(C3(C(CC2(C1(C(=O)CO)O)C)O)F)C'"}, "time": 1746395302.43953}