{"duration": 0.3424398899078369, "input_args": {"smiles": "'Nc1n[nH]c(N)n1'"}, "time": 1746315063.2150881}