{"duration": 0.3579518795013428, "input_args": {"smiles": "'CC1(CN(C2=NC(=NC=C2N(C1=O)C)NC3=C(C=C(C=C3)C(=O)NC4CCCN(C4)C)OC)C5CCCC5)C'"}, "time": 1746310189.456987}