{"duration": 0.404865026473999, "input_args": {"smiles": "'CC(C(=O)NC(CCCCN)C(=O)O)NC(=O)C1CCCN1'"}, "time": 1743973523.64044}