{"duration": 0.4071388244628906, "input_args": {"smiles": "'CN(C)C1=CC=CC=C1CN2CCCN(C2C3=CC=NC=C3)CC4=CC=CC=C4N(C)C'"}, "time": 1743972686.7132611}