{"duration": 0.4222860336303711, "input_args": {"smiles": "'COc1ccc(cc1)S(=O)(=O)N1CCN(CC1)S(=O)(=O)c1ccc2OCCOc2c1'"}, "time": 1746309907.1020758}