{"duration": 0.6092112064361572, "input_args": {"smiles": "'CCC1=CC(=C(C=C1O)O)C2=NNC(=C2C3=CC4=C(C=C3)OCCO4)C'"}, "time": 1746394858.361336}