{"duration": 0.31717467308044434, "input_args": {"smiles": "'C1=C(C(=O)NC(=O)N1)N(CCCl)CCCl'"}, "time": 1743973781.869548}