{"duration": 0.3298370838165283, "input_args": {"smiles": "'COC1=C(C=C2C(=C1)C3(CCC3)C(=N2)N)OCCCN4CCCC4'"}, "time": 1743972631.7161741}