{"duration": 0.43791913986206055, "input_args": {"smiles": "'C1CN(CCN1)CC2=CSC3=NC(=CN23)C4=CC=CC=C4NC(=O)C5=NC6=CC=CC=C6N=C5'"}, "time": 1743972761.053607}