{"duration": 0.607799768447876, "input_args": {"smiles": "'C[C@]12CC[C@H]3[C@@H](CCC4=CC(=O)C=C[C@]34C)[C@@H]1CCC(=O)O2'"}, "time": 1746314773.525323}