{"duration": 0.3902280330657959, "input_args": {"smiles": "'CS(=O)(=O)C1=CC(=C(C=C1)C(=O)NC2=CC(=C(C=C2)Cl)C3=CC=CC=N3)Cl'"}, "time": 1746388502.6751392}