{"duration": 0.35063600540161133, "input_args": {"smiles": "'CC1CC=CC(=O)C(C(CC=CC2=C(C(=CC(=C2)OC)O)C(=O)O1)O)O'"}, "time": 1746308247.657036}