{"duration": 0.3730199337005615, "input_args": {"smiles": "'C1CN(CC1O)C2=C(C=C(C=N2)C(=O)NC3=CC=C(C=C3)OC(F)(F)Cl)C4=CC=NN4'"}, "time": 1746315920.068205}