{"duration": 0.3804788589477539, "input_args": {"smiles": "'CC1=NC2=CN=C3C(=C2N1C4CCNCC4)C=CN3'"}, "time": 1746308391.3611898}