{"duration": 0.5024471282958984, "input_args": {"smiles": "'CC(=O)NC1CCC2=CC(=C(C(=C2C3=CC=C(C(=O)C=C13)OC)OC)OC)OC'"}, "time": 1746395292.7826931}