{"duration": 0.41020894050598145, "input_args": {"smiles": "'CC(C1=CN2C=CN=C2C=C1)N3C4=NC(=CN=C4N=N3)C5=CN(N=C5)C'"}, "time": 1743972444.1263402}