{"duration": 0.3483998775482178, "input_args": {"smiles": "'C1C(C(OC1N2C=C(C(=O)NC2=O)F)CO)O'"}, "time": 1746310028.3983061}