{"duration": 0.38086509704589844, "input_args": {"smiles": "'COc1ccc2c(c[n+](C)c3c2ccc4cc5OCOc5cc34)c1OC'"}, "time": 1746315247.210345}