{"duration": 0.337177038192749, "input_args": {"smiles": "'C1CNP(=O)(OC1)N(CCCl)CCCl'"}, "time": 1743973502.151538}