{"duration": 0.34223079681396484, "input_args": {"smiles": "'COC1=C(C=CC(=C1)NS(=O)(=O)C)NC2=C3C=CC=CC3=NC4=CC=CC=C42.Cl'"}, "time": 1743973799.554467}