{"duration": 0.3935108184814453, "input_args": {"smiles": "'C1COCCN1C2=NC(=NC(=N2)C3=CN=C(C=C3C(F)(F)F)N)N4CCOCC4'"}, "time": 1743974025.031095}