{"duration": 0.43543505668640137, "input_args": {"smiles": "'CC(C)(C(=O)NC1=CC(=CC=C1)S(=O)(=O)NC2=NC3=CC=CC=C3N=C2NC4=C(C=CC(=C4)OC)Cl)N'"}, "time": 1746308338.7609248}