{"duration": 0.6189801692962646, "input_args": {"smiles": "'CN1CCCCCOC2=C(C=C3C(=C2)C(=NC=N3)NC4=C(C1)C=CC(=C4)Br)OC'"}, "time": 1743974021.4162009}