{"duration": 0.37021589279174805, "input_args": {"smiles": "'CN1CCN(CC1)C2=CC=C(C=C2)NC3=NC=C4C=C(C(=O)N(C4=N3)C5CCCC5)C#N'"}, "time": 1746315943.7964292}