{"duration": 0.5377280712127686, "input_args": {"smiles": "'CC#CC(=O)N1CCCC1C2=NC(=C3N2C=CN=C3N)C4=CC=C(C=C4)C(=O)NC5=CC=CC=N5'"}, "time": 1746395655.217495}