{"duration": 0.40044116973876953, "input_args": {"smiles": "'Nc1ccc(cc1NC(=O)c1ccc(cc1)C(=O)NCCc1ccncc1)-c1cccs1'"}, "time": 1746309860.948608}