{"duration": 0.41127681732177734, "input_args": {"smiles": "'CCOC(=O)C1CC2=CC=CC=C2CN1C(=O)C3=CC=C(S3)SC'"}, "time": 1743973619.084399}