{"duration": 0.5088720321655273, "input_args": {"smiles": "'CC1=C(SC2=C1C(=NC(C3=NN=C(N32)C)CC(=O)NC4=CC=C(C=C4)O)C5=CC=C(C=C5)Cl)C'"}, "time": 1746395008.9084952}