{"duration": 0.3763117790222168, "input_args": {"smiles": "'CCC1=C2CN3C(=CC4=C(C3=O)COC(=O)C4(CC)O)C2=NC5=C1C=C(C=C5)O'"}, "time": 1746388482.5572171}