{"duration": 0.43400120735168457, "input_args": {"smiles": "'COC1=C(C=C(C(=C1)N2C(=O)C3=CC=CC=C3NC2=S)Cl)Cl'"}, "time": 1743973602.185708}