{"duration": 0.38199281692504883, "input_args": {"smiles": "'CCOC(=O)C1Cc2ccccc2CN1C(=O)c1ccc(SC)s1'"}, "time": 1746309938.089144}