{"duration": 0.5157859325408936, "input_args": {"smiles": "'C1=CC(=C2C(=C1NCCNCCO)C(=O)C3=C(C=CC(=C3C2=O)O)O)NCCNCCO.Cl'"}, "time": 1746395355.001421}