{"duration": 0.5369677543640137, "input_args": {"smiles": "'CCN(CC)c1ccc(cc1[N+]([O-])=O)C1=NNC(=O)CC1C'"}, "time": 1746395102.790586}