{"duration": 0.4654572010040283, "input_args": {"smiles": "'CC1(C(=C)N(C2=CC=CC=C21)CCCCCC(=O)O)C'"}, "time": 1746394865.3288698}