{"duration": 0.44095706939697266, "input_args": {"smiles": "'CC1=CC(=CC2=C1N=C(N2)C3=C(C=CNC3=O)NCC(C4=CC(=CC=C4)Cl)O)N5CCOCC5'"}, "time": 1746388499.908892}