{"duration": 1.1336970329284668, "input_args": {"smiles": "'CN1CCN(CC1)CC2=CC=C(C=C2)NC3=NC=C(C(=N3)NC4=CC=CC=C4S(=O)(=O)N(C)C)Cl'"}, "time": 1746315935.923923}