{"duration": 0.3351001739501953, "input_args": {"smiles": "'C1=CN(C=N1)CC(O)(P(=O)(O)O)P(=O)(O)O'"}, "time": 1746310130.723369}