{"duration": 0.49146580696105957, "input_args": {"smiles": "'COc1cc2nccc(Oc3ccc(NC(=O)Nc4cc(C)on4)c(Cl)c3)c2cc1OC'"}, "time": 1746395282.682657}