{"duration": 0.41545605659484863, "input_args": {"smiles": "'CC1=NC(=CC=C1)C2=NN3CCCC3=C2C4=C5C=C(C=CC5=NC=C4)C(=O)N'"}, "time": 1743972769.788456}