{"duration": 0.35724902153015137, "input_args": {"smiles": "'C1CC1CONC(=O)C2=C(C(=C(C=C2)F)F)NC3=C(C=C(C=C3)I)Cl'"}, "time": 1746308277.3172638}