{"duration": 0.3485231399536133, "input_args": {"smiles": "'CCC(C)C(C(=O)NN=CC1=C2CN3C(=CC4=C(C3=O)COC(=O)C4(CC)O)C2=NC5=CC=CC=C51)N.Cl'"}, "time": 1746315682.4689898}