{"duration": 0.5890579223632812, "input_args": {"smiles": "'CC(C)(C)OC(=O)CN(Cc1ccc(s1)[N+]([O-])=O)Cc1ccc(Cl)cc1'"}, "time": 1746395111.594923}