{"duration": 0.3776721954345703, "input_args": {"smiles": "'C[C@H](Nc1ncc(Cl)c(Nc2cc(C)[nH]n2)n1)c1ncc(F)cn1'"}, "time": 1746308413.871092}