{"duration": 0.40970301628112793, "input_args": {"smiles": "'CC1=CC=C(C=C1)S(=O)(=O)OCC(=O)NC2=CC(=C(C=C2)C(=O)O)O'"}, "time": 1743972725.7317472}