{"duration": 0.3242340087890625, "input_args": {"smiles": "'CC1=CC(=C(C=C1)C)C2=C(C(=O)NC2=O)C3=CN(C4=CC=CC=C43)C'"}, "time": 1743973952.732241}