{"duration": 0.45905089378356934, "input_args": {"smiles": "'CCOC1=CC=CC=C1C2=CC(=O)NC3=CC4=C(C=C23)OCO4'"}, "time": 1743972719.7881632}