{"duration": 0.37836408615112305, "input_args": {"smiles": "'Nc1ncnc2n(cc(-c3cccc(OCc4ccccc4)c3)c12)[C@H]1C[C@H](CN2CCCC2)C1'"}, "time": 1746309916.644475}