{"duration": 0.4056971073150635, "input_args": {"smiles": "'C1=CC(=CC=C1CC2=CC=C(C=C2)[As](=O)(O)O)[As](=O)(O)O'"}, "time": 1743973604.539614}