{"duration": 0.3279709815979004, "input_args": {"smiles": "'CN1C2=NC=NC3=C2C(=CN3C4C(C(C(O4)COP(=O)(O)O)O)O)C(=N1)N'"}, "time": 1743973815.238711}