{"duration": 0.591541051864624, "input_args": {"smiles": "'C1CCN(C1)CC2CC(C2)N3C=C(C4=C(N=CN=C43)N)C5=CC(=CC=C5)OCC6=CC=CC=C6'"}, "time": 1746395006.721617}