{"duration": 0.5204589366912842, "input_args": {"smiles": "'COc1ccccc1-c1cccc(c1)-c1nc(cc2CN([C@@H](CCO)c12)[S@@](=O)C(C)(C)C)C(=O)NCc1ccncc1'"}, "time": 1746395064.1364539}