{"duration": 0.4311411380767822, "input_args": {"smiles": "'Clc1ccc(cc1)C1(CCNCC1)c1ccc(cc1)-c1cn[nH]c1'"}, "time": 1746308413.053416}