{"duration": 0.3532979488372803, "input_args": {"smiles": "'ClCCN(N=O)C(=O)NC1CCC(=O)NC1=O'"}, "time": 1746314787.704857}