{"duration": 0.4016261100769043, "input_args": {"smiles": "'CCc1ccccc1NC(=O)CSC(=O)NNC(=O)[C@@H](Cc1c[nH]c2ccccc12)NC(=O)OC(C)(C)C'"}, "time": 1746388658.217695}