{"duration": 0.38259196281433105, "input_args": {"smiles": "'C1COCCN1C2=NC(=C(N=N2)C3=CC=CC=C3)C4=CC=CC=C4'"}, "time": 1743973596.427094}