{"duration": 0.48862791061401367, "input_args": {"smiles": "'CN(CCc1cc(Br)c(OCCCNc2ncnc3n(C)cnc23)c(Br)c1)C(=O)c1ccc(C)cc1'"}, "time": 1746395079.190921}