{"duration": 1.3704402446746826, "input_args": {"smiles": "'CC1=C(C(CCC1)(C)C)C=CC(=CC=CC(=CC(=O)O)C)C'"}, "time": 1746309786.013545}