{"duration": 0.31391215324401855, "input_args": {"smiles": "'C1CN2C(=CC=N2)N1'"}, "time": 1746315586.978945}