{"duration": 0.36950206756591797, "input_args": {"smiles": "'CC12CCC3C(C1CCC2(C#C)O)CCC4=C3C=CC(=C4)O'"}, "time": 1746315745.0629382}