{"duration": 0.5210449695587158, "input_args": {"smiles": "'COCC1(C(=O)C2CCN1CC2)CO'"}, "time": 1746395012.182296}