{"duration": 0.46105027198791504, "input_args": {"smiles": "'CC(=NNC(=S)N1CCC1)C2=CC=CC=N2'"}, "time": 1746310073.2190871}