{"duration": 0.3854789733886719, "input_args": {"smiles": "'COc1ccc(cc1)N(C(=O)c1ccccc1)S(=O)(=O)c1cc(OC)ccc1OC'"}, "time": 1746309872.799616}