{"duration": 0.3593730926513672, "input_args": {"smiles": "'CCCCCCN(CCCCCC)C(=O)CC1=C(NC2=CC=CC=C21)C3=CC=C(C=C3)F'"}, "time": 1743972687.999252}