{"duration": 0.3643338680267334, "input_args": {"smiles": "'CC(C)OC(=O)C=CN1C=NC(=N1)C2=CC(=CC(=C2)OC)C(F)(F)F'"}, "time": 1743972772.1113899}