{"duration": 0.35416197776794434, "input_args": {"smiles": "'C1CN1c2nc(nc(n2)N3CC3)N4CC4'"}, "time": 1746315065.686143}