{"duration": 0.36704206466674805, "input_args": {"smiles": "'C1CN(P(=O)(OC1)NCCCl)CCCl'"}, "time": 1746315600.87008}