{"duration": 0.40607309341430664, "input_args": {"smiles": "'CCC1(C2=C(COC1=O)C(=O)N3CC4=CC5=CC=CC=C5N=C4C3=C2)OC(=O)CN.Cl'"}, "time": 1746310094.2853289}