{"duration": 0.38216185569763184, "input_args": {"smiles": "'CC(C)N1C(=O)CCN(C2=NC(=NC=C21)NC3=C(C=C(C=C3)C(=O)NC4CCN(CC4)C)OC)C5CCCC5'"}, "time": 1746308371.322103}