{"duration": 0.34725403785705566, "input_args": {"smiles": "'C1=CC=C2C(=C1)C3=NC4=NON=C4N=C3C2=O'"}, "time": 1743972784.6361558}