{"duration": 0.44598817825317383, "input_args": {"smiles": "'CC(C)(C)C1=CC(=NO1)NC(=O)NC2=CC=C(C=C2)C3=CN4C5=C(C=C(C=C5)OCCN6CCOCC6)SC4=N3'"}, "time": 1743973457.895068}