{"duration": 0.39673328399658203, "input_args": {"smiles": "'C1(=NC(=NN1)N)N'"}, "time": 1743973776.461056}