{"duration": 0.427109956741333, "input_args": {"smiles": "'C1COCCN1C2=NC(=NC(=N2)C3=CN=C(C=C3C(F)(F)F)N)N4CCOCC4'"}, "time": 1746310292.4594991}