{"duration": 0.492825984954834, "input_args": {"smiles": "'COc1ccc(cc1)C1C(C(=O)Nc2ccccc2)=C(C)N=c2s\\\\c(=C/c3cn(Cc4ccccc4)c4ccccc34)c(=O)n12'"}, "time": 1746395034.3682098}