{"duration": 0.45854616165161133, "input_args": {"smiles": "'CC(C)N1CCC(CC1)NC2=NC(=NC3=CC(=C(C=C32)OC)OCCCN4CCCC4)C5CCCCC5'"}, "time": 1746388499.090046}