{"duration": 0.3839108943939209, "input_args": {"smiles": "'CC(=O)NC1CCN(CC1)C(=O)NC2=C(C=CC(=C2)C3=CC=CS3)N'"}, "time": 1743972696.438694}