{"duration": 0.48720502853393555, "input_args": {"smiles": "'C[C@@]1(CO)CN(C[C@]1(C)CO)c1cc(C(=O)Nc2ccc3CCc4c(nn(c4-c3c2)-c2ccc(F)cc2)C(N)=O)c(Cl)cn1'"}, "time": 1746395155.68511}