{"duration": 0.5397391319274902, "input_args": {"smiles": "'C1C(C(OC1N2C=NC(=NC2=O)N)CO)O'"}, "time": 1746395325.503696}