{"duration": 0.39046716690063477, "input_args": {"smiles": "'C1=CC=C(C=C1)C2=NNC(S2)C3=C(C=CC4=CC=CC=C43)O'"}, "time": 1746310154.02591}