{"duration": 0.406508207321167, "input_args": {"smiles": "'C[C@@H](Oc1cc(cnc1N)-c1cnn(c1)C1CCNCC1)c1c(Cl)ccc(F)c1Cl'"}, "time": 1746388685.665799}