{"duration": 0.3536229133605957, "input_args": {"smiles": "'C1=CNC(=C1)C=C2C3=C(C=CC(=C3)F)NC2=O'"}, "time": 1743973962.068949}