{"duration": 0.4570939540863037, "input_args": {"smiles": "'CCOC(=O)c1ccc(cc1)N1NC(=O)C(=Cc2ccc(o2)[N+]([O-])=O)C1=O'"}, "time": 1746388651.195107}