{"duration": 0.4904441833496094, "input_args": {"smiles": "'CN1CCN(CCOc2cc(OC3CCOCC3)c3c(Nc4c5OCOc5ccc4Cl)ncnc3c2)CC1'"}, "time": 1746388725.189238}