{"duration": 0.43085193634033203, "input_args": {"smiles": "'CC1(CCCN1)C2=NC3=C(C=CC=C3N2)C(=O)N.Cl.Cl'"}, "time": 1746308366.81027}