{"duration": 0.40235233306884766, "input_args": {"smiles": "'C1CN(CCC1N2C3=CC=CC=C3NC2=O)CC4=CC=C(C=C4)C5=C(N=C6C=C7C(=NC=N7)C=C6N5)C8=CC=CC=C8'"}, "time": 1746309686.629857}