{"duration": 0.40122199058532715, "input_args": {"smiles": "'CN1CCN(CC1)CCOC2=CC3=C(C(=C2)OC4CCOCC4)C(=NC=N3)NC5=C(C=CC6=C5OCO6)Cl'"}, "time": 1743972339.363721}