{"duration": 0.4071681499481201, "input_args": {"smiles": "'CN1C(=C(C=N1)Cl)C2=C(SC(=C2)C(=O)NC(CC3=CC(=CC=C3)F)CN)Cl'"}, "time": 1746388517.488796}