{"duration": 0.4012718200683594, "input_args": {"smiles": "'CN(C)CC1CN(C1)C(=O)Nc1cc(ccc1N)-c1ccc(F)cc1'"}, "time": 1746308429.380926}