{"duration": 0.34028005599975586, "input_args": {"smiles": "'COC1=C(C=C2C(=C1)N=CN2C3=CC(=C(S3)C(=O)N)OCC4=CC=CC=C4C(F)(F)F)OC'"}, "time": 1743973419.786747}