{"duration": 0.5151731967926025, "input_args": {"smiles": "'C1=CC(=CC(=C1)Cl)NC2=NC=CC(=N2)C3=CC(=NC=C3)NCCCO'"}, "time": 1746388413.2517672}