{"duration": 0.3611869812011719, "input_args": {"smiles": "'C1CC(CNC1)NC(=O)C2=C(C=C(S2)C3=CC(=CC=C3)F)NC(=O)N'"}, "time": 1743972323.3506691}