{"duration": 0.4510378837585449, "input_args": {"smiles": "'S=P(N1CC1)(N2CC2)N3CC3'"}, "time": 1746315064.907207}