{"duration": 0.45608997344970703, "input_args": {"smiles": "'CC1=CC=C(C=C1)C2=NOC(=N2)CSC3=NN=C(N3C4=CC=C(C=C4)OC)C5=CC=NC=C5'"}, "time": 1743973589.18283}