{"duration": 0.4782412052154541, "input_args": {"smiles": "'COCCOc1cc2ncnc(Nc3cccc(c3)C#C)c2cc1OCCOC'"}, "time": 1746395223.880403}