{"duration": 0.40557217597961426, "input_args": {"smiles": "'CC1=C2C=C(C(=O)N(C2=NC(=N1)N)C3CCC(CC3)OCCO)C4=CN=C(C=C4)OC'"}, "time": 1743973918.9124548}