{"duration": 0.4146921634674072, "input_args": {"smiles": "'C1CNCCC1NC2CC2C3=CC=CC=C3'"}, "time": 1743973507.464117}