{"duration": 0.3856511116027832, "input_args": {"smiles": "'CCC1(C2=C(COC1=O)C(=O)N3CC4=CC5=CC=CC=C5N=C4C3=C2)OC(=O)C(CCC(=O)O)N.Cl'"}, "time": 1743973844.468212}