{"duration": 0.3888082504272461, "input_args": {"smiles": "'CC(C)OC1=C(C=CC(=C1)OC)C2=NC(C(N2C(=O)N3CCNC(=O)C3)C4=CC=C(C=C4)Cl)C5=CC=C(C=C5)Cl'"}, "time": 1743972664.285771}