{"duration": 0.524116039276123, "input_args": {"smiles": "'Clc1ccc-2c(c1)C(=O)c1nc(C#N)c(nc-21)C#N'"}, "time": 1746395114.2612429}