{"duration": 0.4541199207305908, "input_args": {"smiles": "'CCCCC1=NC2=C(N1CCN(CC)CC)C=CC(=C2)C=CC(=O)NO'"}, "time": 1746395484.574357}