{"duration": 0.4041907787322998, "input_args": {"smiles": "'CC1(CN(CC1(C)CO)C2=NC=C(C(=C2)C(=O)NC3=CC4=C(CCC5=C4N(N=C5C(=O)N)C6=CC=C(C=C6)F)C=C3)Cl)CO'"}, "time": 1743972690.8041458}