{"duration": 0.5084738731384277, "input_args": {"smiles": "'CCC1=C(C=CC(=C1)C(=O)N)N2C3=NC=CC(=C3C(=N2)C(C)C)N4C=C(N=C4)C5=CN(N=C5)C'"}, "time": 1746310279.7910972}