{"duration": 0.4390389919281006, "input_args": {"smiles": "'Nc1nc(Nc2ccc3CC[C@@H](CCc3c2)N2CCCC2)nn1-c1cc2CCCc3ccccc3-c2nn1'"}, "time": 1746309929.310824}