{"duration": 0.4855630397796631, "input_args": {"smiles": "'CC(CNC1=NC=CC(=C1)C2=C(C3=C(N2)C=CC=N3)C4=CC=C(C=C4)F)O'"}, "time": 1743973975.643902}