{"duration": 0.33751606941223145, "input_args": {"smiles": "'CC1CN(S(=O)(=O)C2=C(C=C(C=C2)C#CC3=CC=CC=C3F)OC1CN(C)C(=O)CC4=CC=NC=C4)C(C)CO'"}, "time": 1743972692.787371}