{"duration": 0.47177696228027344, "input_args": {"smiles": "'CC1=CC(=C(C=C1)C)C2=C(C(=O)NC2=O)C3=CN(C4=CC=CC=C43)C'"}, "time": 1746315822.4085782}