{"duration": 0.4524970054626465, "input_args": {"smiles": "'OCC1OC(CC1O)N2C=C(F)C(=O)NC2=O'"}, "time": 1746314775.2595541}