{"duration": 0.3911471366882324, "input_args": {"smiles": "'CN1C=C(C2=CC=CC=C21)C=C3C4=C(C=CC=N4)NC3=O'"}, "time": 1746309722.015483}