{"duration": 0.35831189155578613, "input_args": {"smiles": "'CC1=CC(=CC=C1)NC2=NC(=CS2)C3=CC=NC=C3'"}, "time": 1746309770.2231429}