{"duration": 0.3758089542388916, "input_args": {"smiles": "'CC(C)C1=CC=C(C=C1)COCC2=C3C=CC=NC3=C(C(=C2)CN4CCCC4)O'"}, "time": 1746315902.410698}