{"duration": 0.4314289093017578, "input_args": {"smiles": "'C1=CC=C2C(=C1)C3=NNC4=CC=CC(=C43)C2=O'"}, "time": 1746310035.882719}