{"duration": 0.3693528175354004, "input_args": {"smiles": "'COc1ccc(Cn2ccc3ccc(cc23)C(=O)NO)cc1'"}, "time": 1746308446.8362188}