{"duration": 0.4076118469238281, "input_args": {"smiles": "'C1=CC(=C(C=C1Cl)C(=O)NC2=CC(=CC(=C2)C(F)(F)F)C(F)(F)F)O'"}, "time": 1743973423.7162292}