{"duration": 0.40570783615112305, "input_args": {"smiles": "'CC1CN(C(=O)C2=C(C(=CC=C2)NC(=O)C3=CC=NC=C3)OC1CN(C)CC4=CC5=C(C=C4)OCO5)C(C)CO'"}, "time": 1743972685.894888}