{"duration": 0.36710691452026367, "input_args": {"smiles": "'CCN1CCN(CC1)C(c1ccc(cc1)C(F)(F)F)c1ccc2cccnc2c1O'"}, "time": 1746309909.575202}