{"duration": 0.38028383255004883, "input_args": {"smiles": "'C1=CC2=C(C=CC(=C2)C=C3C(=O)NC(=O)S3)N=C1'"}, "time": 1743973990.285104}