{"duration": 0.3332638740539551, "input_args": {"smiles": "'CN1CCN(CC1)C2=CC3=C(C=C2)N=C(N3)C4=C5C=CC=CC=C5NC4=O'"}, "time": 1743973925.205665}