{"duration": 0.37556028366088867, "input_args": {"smiles": "'CC1=C(C=CC=N1)C(=O)N=C2N=C3C(=C4N2CCN4)C=CC(=C3OC)OCC(CN5CCOCC5)O'"}, "time": 1746310313.083314}