{"duration": 0.38086390495300293, "input_args": {"smiles": "'CCC1(OC(=O)C)C(=O)OCC2=C1C=C3N(Cc4cc5ccccc5nc34)C2=O'"}, "time": 1746315256.560426}