{"duration": 0.4122757911682129, "input_args": {"smiles": "'Cc1cs\\\\c(=N/C2CCCCC2)n1\\\\N=C\\\\c1ccc(O)c(O)c1O'"}, "time": 1746308434.3610501}