{"duration": 0.3979520797729492, "input_args": {"smiles": "'CC(C)NC(=O)C1=CC=C(C=C1)CNNC'"}, "time": 1743972692.0330648}