{"duration": 0.3712799549102783, "input_args": {"smiles": "'OC[C@H](Cc1ccccc1)Nc1nc(Oc2ccc3CCCc3c2)nc2n(Cc3ccc(cc3)-c3ccccc3)cnc12'"}, "time": 1746388651.944652}