{"duration": 0.31601619720458984, "input_args": {"smiles": "'CC1=C2C(=CC=C1)C(=CN2C)C3=C(C(=O)NC3=O)C4=CN(C5=CC=CC=C54)C'"}, "time": 1743973950.492675}