{"duration": 0.40473175048828125, "input_args": {"smiles": "'CCN(CC)CCCC(C)NC1=C2C=C(C=CC2=NC3=C1C=CC(=C3)Cl)OC.Cl'"}, "time": 1743973778.3919518}