{"duration": 0.3245251178741455, "input_args": {"smiles": "'CN(C1CCS(=O)(=O)C1)C(=O)COC(=O)C=CC2=CC(=CC=C2)[N+](=O)[O-]'"}, "time": 1743973574.7933939}