{"duration": 0.3559250831604004, "input_args": {"smiles": "'ClCCN(N=O)C(=O)NC1CCC(=O)NC1=O'"}, "time": 1746315257.240577}