{"duration": 0.5252671241760254, "input_args": {"smiles": "'CCCCCCCCCCCCCCCCCCOP(=O)([O-])OC1CC[N+](CC1)(C)C'"}, "time": 1746310106.330847}