{"duration": 0.3608980178833008, "input_args": {"smiles": "'CC1=C2C=C[N+](=CC2=C(C3=C1NC4=C3C=C(C=C4)O)C)C.CC(=O)[O-]'"}, "time": 1746310065.214645}