{"duration": 0.4698319435119629, "input_args": {"smiles": "'CC1=CC=C(C=C1)C2=C(N(C3=NC=NC(=C23)N)CCCO)C(=O)CCl'"}, "time": 1743972343.971714}