{"duration": 0.4910750389099121, "input_args": {"smiles": "'Cn1cnc2c(F)c(Nc3ccc(Br)cc3Cl)c(cc12)C(=O)NOCCO'"}, "time": 1746395267.0947561}