{"duration": 0.4097473621368408, "input_args": {"smiles": "'C1=CC=C(C=C1)CC(CO)N=C2NC(=O)C(=CC3=CC4=C(C=C3)N=CC=C4)S2'"}, "time": 1746310250.2030568}