{"duration": 0.38334107398986816, "input_args": {"smiles": "'CC(C)C1=CC=C(C=C1)COCC2=C3C=CC=NC3=C(C(=C2)CN4CCCC4)O'"}, "time": 1743974018.5861702}