{"duration": 0.40612292289733887, "input_args": {"smiles": "'CC[C@@]1(O)C(=O)OCC2=C1C=C3N(Cc4cc5ccccc5nc34)C2=O'"}, "time": 1746314786.61871}