{"duration": 0.5581398010253906, "input_args": {"smiles": "'CC(C)OC1=C(C=CC(=C1)OC)C2=NC(C(N2C(=O)N3CCNC(=O)C3)C4=CC=C(C=C4)Cl)C5=CC=C(C=C5)Cl'"}, "time": 1746394920.295414}