{"duration": 0.5095691680908203, "input_args": {"smiles": "'CCOC(=O)C=CN1N=C(N=N1)C2=CC(=CC=C2)Cl'"}, "time": 1743973579.966816}