{"duration": 0.41001105308532715, "input_args": {"smiles": "'CC1CN(C(=O)CC2=C(C=CC(=C2)N(C)C)OC1CNC)C(C)CO'"}, "time": 1743972716.718391}