{"duration": 0.3722209930419922, "input_args": {"smiles": "'CS(=O)(=O)OCCCNCCCOS(=O)(=O)C.Cl'"}, "time": 1746315598.074744}