{"duration": 0.3965339660644531, "input_args": {"smiles": "'CCC1(C2=C(COC1=O)C(=O)N3CC4=C(C3=C2)N=C5C=CC(=CC5=C4)OC)O'"}, "time": 1746310044.636399}