{"duration": 0.4008162021636963, "input_args": {"smiles": "'CCCCCCCCCCC1C(OC1=O)CCC2=CC(=C(C=C2)OC)OC'"}, "time": 1743973651.957665}