{"duration": 0.4577951431274414, "input_args": {"smiles": "'CN1CCN(CC1)c1ccc(Nc2ncc(Cl)c(Sc3cccc(NC(=O)C=C)c3)n2)cc1'"}, "time": 1746388669.4984782}