{"duration": 0.42469120025634766, "input_args": {"smiles": "'C1=CN(C(=O)N=C1N)C2C(C(C(O2)CO)O)O'"}, "time": 1746309709.16307}