{"duration": 0.33702707290649414, "input_args": {"smiles": "'CN(C)N=NC1=C(NC=N1)C(=O)N'"}, "time": 1743972611.4824698}