{"duration": 0.38759517669677734, "input_args": {"smiles": "'CCCOC1=CC2=C(C=C(N2C=C1)C(=O)C)C3=CC=CC=C3S(=O)(=O)C'"}, "time": 1743973508.964957}