{"duration": 0.3992149829864502, "input_args": {"smiles": "'ClCCN(CCCl)C1=CNC(=O)NC1=O'"}, "time": 1746315246.3951418}