{"duration": 0.5327448844909668, "input_args": {"smiles": "'COC(=O)\\\\C=C\\\\C(=O)N(O)CCCCNCc1ccc(COC(=O)Nc2cccc3ccccc23)cc1'"}, "time": 1746395242.569946}