{"duration": 0.34185099601745605, "input_args": {"smiles": "'CC1=C(C(=O)C2=C(C1=O)N3CC4C(C3(C2COC(=O)N)OC)N4)N'"}, "time": 1743972349.5145102}