{"duration": 0.48197507858276367, "input_args": {"smiles": "'CC(=O)Nc1nc(C)c(s1)-c1ccc(Cl)c(c1)S(=O)(=O)NCCO'"}, "time": 1746395159.6784582}