{"duration": 0.5576708316802979, "input_args": {"smiles": "'CCN1C(=O)C2=CC(=C(N=C2N(C1=O)C3CC3)N)C(=O)N'"}, "time": 1746394822.405804}