{"duration": 0.38764214515686035, "input_args": {"smiles": "'CC1=C(C(=O)C(=C(C1=O)N2CC2)C(COC(=O)N)OC)N3CC3'"}, "time": 1743973797.770247}