{"duration": 0.34922194480895996, "input_args": {"smiles": "'C1OC2=C(O1)C=C(C=C2)C3=C(NC(=N3)C4=CC=C(C=C4)C(=O)N)C5=CC=CC=N5'"}, "time": 1743972758.631082}