{"duration": 0.5204520225524902, "input_args": {"smiles": "'OC(=O)[C@H](Cc1c[nH]c2ccccc12)N1C(=O)c2ccccc2C1=O'"}, "time": 1746395167.018579}