{"duration": 0.3558540344238281, "input_args": {"smiles": "'CC(=CC(=O)NC1=CC=CC=C1C(=O)O)C2=CC3=CC=CC=C3C=C2'"}, "time": 1743972635.511735}