{"duration": 0.3453826904296875, "input_args": {"smiles": "'CCC1=C(C(=NC(=N1)N)N)C2=CC=C(C=C2)Cl'"}, "time": 1746309761.625217}