{"duration": 0.4324989318847656, "input_args": {"smiles": "'Oc1ccc(Cl)cc1C(=O)Nc1ccc(cc1Cl)[N+]([O-])=O'"}, "time": 1746388712.692548}