{"duration": 0.4284090995788574, "input_args": {"smiles": "'C=CC(=O)N1CCN(CC1)C(=O)CNC2=CC(=C(C=C2O)Cl)I'"}, "time": 1746309813.735119}