{"duration": 0.3594942092895508, "input_args": {"smiles": "'CC1=C(C=CC(=C1)N(CCOS(=O)(=O)C)CCOS(=O)(=O)C)C=O'"}, "time": 1746315631.3527522}