{"duration": 0.347059965133667, "input_args": {"smiles": "'CN1CCN(CC1)c1ccc(Nc2ncc3c(n2)n(-c2cccc(n2)C(C)(C)O)n(CC=C)c3=O)cc1'"}, "time": 1746388628.250452}