{"duration": 0.5107359886169434, "input_args": {"smiles": "'CN1C=C(C=N1)C2=NN3C(=NN=C3C(C4=CC5=C(C=C4)N=CC=C5)(F)F)C=C2'"}, "time": 1746308304.652621}