{"duration": 0.38806605339050293, "input_args": {"smiles": "'CS(=O)(=O)CCNCC1=CC=C(O1)C2=CC3=C(C=C2)N=CN=C3NC4=CC(=C(C=C4)OCC5=CC(=CC=C5)F)Cl'"}, "time": 1746388448.555006}