{"duration": 0.3821749687194824, "input_args": {"smiles": "'CC1=C(C(=O)C(=C(C1=O)N2CC2)CO)N3CC3'"}, "time": 1743973867.653666}