{"duration": 0.4157378673553467, "input_args": {"smiles": "'CC1CCCC2(C(O2)CC(OC(=O)CC(C(C(=O)C(C1O)C)(C)C)O)C(=CC3=CSC(=N3)C)C)C'"}, "time": 1746308289.3757062}