{"duration": 0.4496610164642334, "input_args": {"smiles": "'CCC1(C2=C(COC1=O)C(=O)N3CC4=CC5=CC=CC=C5N=C4C3=C2Cl)O'"}, "time": 1746395402.125779}