{"duration": 0.4147930145263672, "input_args": {"smiles": "'Oc1cccc2cc(C(=O)Nc3cccc(c3)-c3cn4ccccc4n3)c(=O)oc12'"}, "time": 1746388605.172462}