{"duration": 0.4117288589477539, "input_args": {"smiles": "'C1COCCC1N2C3=NC=NC(=C3C(=N2)COC4=CC(=CC=C4)Cl)N.Cl'"}, "time": 1743973608.8424041}