{"duration": 0.3666079044342041, "input_args": {"smiles": "'CN1CCN(CC1)C2=CC(=C(C=C2)NC3=NC(=C(S3)C(=O)C4=C(C=CC=C4Cl)Cl)N)OC'"}, "time": 1743972372.127747}