{"duration": 0.40807294845581055, "input_args": {"smiles": "'CCC(C)(C)C(=O)OC1CC(C=C2C1C(C(C=C2)C)CCC3CC(CC(=O)O3)O)C'"}, "time": 1743972703.29874}