{"duration": 0.5104029178619385, "input_args": {"smiles": "'CN1C=C(C2=C1C=CC(=C2)Cl)C3=C(C(=O)NC3=O)C4=CC(=CC=C4)NCC(CO)O'"}, "time": 1746310242.31181}