{"duration": 0.4727029800415039, "input_args": {"smiles": "'CC(C)OC1=NNC(=C1)NC2=NC(=NC=C2Cl)NC(C)C3=NC=C(C=C3)F'"}, "time": 1743972448.605176}