{"duration": 0.3608739376068115, "input_args": {"smiles": "'CN1C=C(C2=CC=CC=C21)C3=C(C(=O)NC3=O)C4=CN(C5=CC=CC=C54)CCSC(=N)N'"}, "time": 1743973959.073728}