{"duration": 0.33841395378112793, "input_args": {"smiles": "'CCC(CO)NC1=NC(=C2C(=N1)N(C=N2)C(C)C)NCC3=CC=CC=C3'"}, "time": 1743972348.063715}