{"duration": 0.3552281856536865, "input_args": {"smiles": "'CC(C)N(CCCNC(=O)NC1=CC=C(C=C1)C(C)(C)C)CC2C(C(C(O2)N3C=NC4=C(N=CN=C43)N)O)O'"}, "time": 1743973542.8479419}