{"duration": 0.33679986000061035, "input_args": {"smiles": "'CC(CC1=CC2=C(CCC2)C=C1)N'"}, "time": 1743973510.8836758}