{"duration": 0.40312981605529785, "input_args": {"smiles": "'CC12C(CC(O1)N3C4=CC=CC=C4C5=C6C(=C7C8=CC=CC=C8N2C7=C53)CNC6=O)(CO)O'"}, "time": 1743972417.705219}