{"duration": 0.38558101654052734, "input_args": {"smiles": "'CN1CCC2=C(C1)C3=CC=CC=C3N2CC4=CC=C(C=C4)C(=O)NO'"}, "time": 1743973479.1834009}