{"duration": 0.3796417713165283, "input_args": {"smiles": "'COC1=C(C=C2C(=C1)C(=NC=N2)N3C(=NC(=N3)C4=CC=CC=N4)N)OC'"}, "time": 1746309703.914048}