{"duration": 0.3632352352142334, "input_args": {"smiles": "'FC(F)(F)Oc1ccc(NC(=O)c2sccc2NCc2ccnc3ccccc23)cc1'"}, "time": 1746388642.8443892}