{"duration": 0.48581409454345703, "input_args": {"smiles": "'CC1=CN=C(N=C1NC2=CC(=CC=C2)S(=O)(=O)NC(C)(C)C)NC3=CC=C(C=C3)OCCN4CCCC4'"}, "time": 1746388428.823044}