{"duration": 0.4930760860443115, "input_args": {"smiles": "'COC1=C(NC=C1)C=C2C3=C(C=CC(=C3C#CC4(CCNCC4)O)F)NC2=O'"}, "time": 1746395560.2946692}