{"duration": 0.4613511562347412, "input_args": {"smiles": "'ONC(=O)c1ccncc1'"}, "time": 1746395234.940017}