{"duration": 0.4062027931213379, "input_args": {"smiles": "'CN(CC1=CN=C2C(=N1)C(=NC(=N2)N)N)C3=CC=C(C4=CC=CC=C43)C(=O)NC(CCC(=O)O)C(=O)O'"}, "time": 1743973805.14734}