{"duration": 0.4722139835357666, "input_args": {"smiles": "'CCC(C)C(C(=O)NN=CC1=C2CN3C(=CC4=C(C3=O)COC(=O)C4(CC)O)C2=NC5=CC=CC=C51)N.Cl'"}, "time": 1746395416.59269}