{"duration": 0.3744809627532959, "input_args": {"smiles": "'CN(C(=O)NC(C=O)C(C(C(CO)O)O)O)N=O'"}, "time": 1746315593.715286}