{"duration": 0.37241196632385254, "input_args": {"smiles": "'Nc1nc(OCc2cc(Br)cs2)c2[nH]cnc2n1'"}, "time": 1746388704.206578}