{"duration": 0.3814411163330078, "input_args": {"smiles": "'CN1C(=O)N(Cc2cnc(Nc3cc(C)nn3C)nc12)c1cc(NC(=O)c2cccc(c2)C(F)(F)F)ccc1C'"}, "time": 1746309997.418282}