{"duration": 0.3803532123565674, "input_args": {"smiles": "'Cc1cc(C(=O)CN2C(=O)CCC2=O)c(C)n1Cc1ccccc1'"}, "time": 1746388629.798914}