{"duration": 0.49646806716918945, "input_args": {"smiles": "'Cc1ccc(cc1)S(=O)(=O)OCC(=O)Nc1ccc(C(O)=O)c(O)c1'"}, "time": 1746395145.1798341}