{"duration": 0.510890007019043, "input_args": {"smiles": "'C1CC2C(=O)NC(C(=O)NC(C(=O)NCC(C(=O)N2C1)CC3=CC=CC=C3)CC4=CC=CC=C4)CCCCN'"}, "time": 1746395456.770868}