{"duration": 0.4628608226776123, "input_args": {"smiles": "'CCOC(=O)c1ccc(cc1)N1NC(=O)C(=Cc2ccc(o2)[N+]([O-])=O)C1=O'"}, "time": 1746309927.761154}