{"duration": 0.5395667552947998, "input_args": {"smiles": "'CN1C(=CC=N1)NC2=NC=CC(=N2)C3=CC(=O)N(C=C3)C(CO)C4=CC(=C(C=C4)Cl)F'"}, "time": 1746395627.405292}