{"duration": 0.3645482063293457, "input_args": {"smiles": "'CC1(C(=C)N(C2=CC=CC=C21)CCCCCC(=O)O)C'"}, "time": 1746388417.6224692}