{"duration": 0.4483630657196045, "input_args": {"smiles": "'CC1=C2C=C[N+](=CC2=C(C3=C1SC4=CC=CC=C43)C)C.[I-]'"}, "time": 1746310104.588737}