{"duration": 0.3910868167877197, "input_args": {"smiles": "'C1CC1NS(=O)(=O)C2=CC(=C(C=C2)C3=CSC=C3)NC(=O)NC4=CC=CC(=C4)C(F)(F)F'"}, "time": 1743972407.874135}