{"duration": 0.40267086029052734, "input_args": {"smiles": "'COc1cc2nc(nc(NC3CCN(Cc4ccccc4)CC3)c2cc1OC)N1CCCN(C)CC1'"}, "time": 1746309839.3514502}