{"duration": 0.35738611221313477, "input_args": {"smiles": "'C(CCl)NC(=O)N(CCCl)N=O'"}, "time": 1746309800.283487}