{"duration": 0.4393007755279541, "input_args": {"smiles": "'C1=CC(=C(C=C1I)F)NC2=C(C=CC(=C2F)F)C(=O)NOCC(CO)O'"}, "time": 1743972428.1757061}