{"duration": 0.4894728660583496, "input_args": {"smiles": "'C1=CC2=C(C=CC(=C2)CN3C4=NC(=CN=C4N=N3)C5=CN(N=C5)CCO)N=C1'"}, "time": 1746395515.334062}