{"duration": 0.4877357482910156, "input_args": {"smiles": "'C1=CNC(=C1)C2=C3C4=C(C=CC(=C4C(=C2)OCCO)F)NC3=O'"}, "time": 1746395565.824895}