{"duration": 0.423109769821167, "input_args": {"smiles": "'CS(=O)(=O)CS(=O)(=O)OCCCl'"}, "time": 1743973824.393895}