{"duration": 0.403134822845459, "input_args": {"smiles": "'C1CNCCC1N2C=C(C=N2)C3=NC4=C(C=CC=C4N=C3)C5=CC(=C(C(=C5)F)CN6CCOCC6)F'"}, "time": 1743973606.0737338}