{"duration": 0.44260621070861816, "input_args": {"smiles": "'CN(C)N=NC1=C(NC=N1)C(=O)N'"}, "time": 1746395303.927207}