{"duration": 0.42344236373901367, "input_args": {"smiles": "'CN1c2cc3c(cc2N=C(c2ccc(cc2)C(O)=O)c2ccccc12)C(C)(C)CCC3(C)C'"}, "time": 1746309901.519884}