{"duration": 0.44337987899780273, "input_args": {"smiles": "'C1=CC=C(C=C1)COC2=NC(=NC3=C2NC=N3)N'"}, "time": 1746310103.771303}