{"duration": 0.3706510066986084, "input_args": {"smiles": "'Nc1ncnc2n(nc(-c3ccc(Oc4ccccc4)cc3)c12)[C@@H]1CCCN(C1)C(=O)C=C'"}, "time": 1746388698.8899388}