{"duration": 0.4885687828063965, "input_args": {"smiles": "'CCC1(C2=C(COC1=O)C(=O)N3CC4=C(C3=C2)N=C5C=C6C(=CC5=C4)OCO6)O'"}, "time": 1746395398.116353}