{"duration": 0.34801721572875977, "input_args": {"smiles": "'CC(C)(C)C1=CN=C(O1)CSC2=CN=C(S2)NC(=O)C3CCNCC3'"}, "time": 1743973618.2127528}