{"duration": 0.40372300148010254, "input_args": {"smiles": "'COC1=CC=C(C=C1)N(C(=O)C2=CC=CC=C2)S(=O)(=O)C3=C(C=CC(=C3)OC)OC'"}, "time": 1743973569.9305542}