{"duration": 0.40958571434020996, "input_args": {"smiles": "'CC1=NC=CC(=C1)C(=O)NC2=NC3=C(N2C4CCCCN(C4)C(=O)C=CCN(C)C)C(=CC=C3)Cl'"}, "time": 1746310295.257359}