{"duration": 0.38762617111206055, "input_args": {"smiles": "'C1Cn2nccc2N1'"}, "time": 1746314779.3476338}