{"duration": 0.4140169620513916, "input_args": {"smiles": "'CC(C)n1ncc2c(cc(Br)cc12)C(=O)NCc1c(C)cc(C)[nH]c1=O'"}, "time": 1746309859.176714}