{"duration": 0.39464807510375977, "input_args": {"smiles": "'CC1=CC(=CC2=C1N=C(N2)C3=C(C=CNC3=O)NCC(C4=CC(=CC=C4)Cl)O)N5CCOCC5'"}, "time": 1746309787.94051}