{"duration": 0.38698387145996094, "input_args": {"smiles": "'CN(C)CCNC(=O)c1cc2CSc3ccc(Cl)cc3-c2s1'"}, "time": 1746388602.740451}