{"duration": 0.48371315002441406, "input_args": {"smiles": "'C1COCCN1C2=CC(=O)C3=C(O2)C(=CC=C3)C4=CC=CC=C4'"}, "time": 1746395423.079757}