{"duration": 0.4167461395263672, "input_args": {"smiles": "'CC(C)C1=C(C=C(C(=C1)C2=NNC(=O)N2C3=CC4=C(C=C3)N(C=C4)C)O)O'"}, "time": 1746315797.8303308}