{"duration": 0.37992095947265625, "input_args": {"smiles": "'COC(=O)Nc1nc2ccccc2[nH]1'"}, "time": 1746314791.613618}