{"duration": 0.44710779190063477, "input_args": {"smiles": "'C1=CC(=CC=C1CCC(=O)C2=C(C=C(C=C2O)O)O)O'"}, "time": 1743972706.368376}