{"duration": 0.3488430976867676, "input_args": {"smiles": "'CC1(C)CC=C(c2cnc3ccccc3c2)c2cc(ccc12)C(=O)Nc1ccc(cc1)C(O)=O'"}, "time": 1746309839.7091992}