{"duration": 0.8645639419555664, "input_args": {"smiles": "'CC1(C2=CCC3C4(CC(C(C4(CC(=O)C3(C2C=C(C1=O)O)C)C)C(C)(C(=O)C=CC(C)(C)O)O)O)C)C'"}, "time": 1743972663.293088}