{"duration": 0.3582582473754883, "input_args": {"smiles": "'CC1(C2=C(C=C(S2)C3=NC(=NC=C3)NC4=CC=NN4C)C(=O)N1CCN5CCOCC5)C'"}, "time": 1746310319.901427}