{"duration": 0.46808695793151855, "input_args": {"smiles": "'CC1=C2C=C[N+](=CC2=C(C3=C1NC4=CC=CC=C43)C)C.[I-]'"}, "time": 1746395365.7503302}