{"duration": 0.3606290817260742, "input_args": {"smiles": "'NS(=O)(=O)c1ccc(cc1)S(=O)(=O)Nc1cccc2c(Cl)c[nH]c12'"}, "time": 1746309976.6817658}