{"duration": 0.5794961452484131, "input_args": {"smiles": "'CCC1(C2=C(COC1=O)C(=O)N3CC4=CC5=CC=CC=C5N=C4C3=C2)N'"}, "time": 1746395393.3089821}