{"duration": 0.41237902641296387, "input_args": {"smiles": "'C1CC2=CC=CC=C2N(C1)S(=O)(=O)C3=CC=C(C=C3)C4=CN=C(O4)C5CC5'"}, "time": 1743973581.0877922}