{"duration": 0.37651777267456055, "input_args": {"smiles": "'CN1CCC2=C(C1)C3=CC=CC=C3N2CC4=CC=C(C=C4)C(=O)NO'"}, "time": 1743972375.3763242}