{"duration": 0.42283082008361816, "input_args": {"smiles": "'CC(C)(C)c1ccc2cc(C#N)c(cc2c1)C#N'"}, "time": 1746309873.2293482}