{"duration": 0.4099459648132324, "input_args": {"smiles": "'C1=NC2=C(N1C3C(C(C(O3)CO)O)O)N=C(NC2=O)N'"}, "time": 1746308264.074784}