{"duration": 0.5296571254730225, "input_args": {"smiles": "'CCC1=C(C(=CC=C1)CC)NC(=O)C2=C3CCC4=CN=C(N=C4N3C=C2)NC5=C(C=C(C=C5)N6CCN(CC6)C)OC'"}, "time": 1746395667.184837}