{"duration": 0.37696099281311035, "input_args": {"smiles": "'CN1C=C(C(=N1)OC)NC2=C3C(=NC(=N2)N4CC(C(C4)F)NC(=O)C=C)N(C=N3)C'"}, "time": 1746315917.98676}