{"duration": 0.45459413528442383, "input_args": {"smiles": "'CN(C)CC=CC(=O)NC1=CC=C(C=C1)C(=O)NC2=CC=CC(=C2)NC3=NC=CC(=N3)C4=CN=CC=C4'"}, "time": 1743973490.824051}