{"duration": 0.37336206436157227, "input_args": {"smiles": "'COCCOC1=C(C=C2C(=C1)C(=NC=N2)NC3=CC=CC(=C3)C#C)OCCOC.Cl'"}, "time": 1743973872.8298008}