{"duration": 0.47846317291259766, "input_args": {"smiles": "'CC1=CC(=C(C=C1)C)C2=C(C(=O)NC2=O)C3=CN(C4=CC=CC=C43)C'"}, "time": 1746395544.23147}