{"duration": 0.4670400619506836, "input_args": {"smiles": "'C1=CC(=C(C=C1C=CC2=CC(=CC(=C2)O)O)O)O'"}, "time": 1746315648.132133}