{"duration": 0.39099717140197754, "input_args": {"smiles": "'CC1=C2C=C[N+](=CC2=C(C3=C1NC4=CC=CC=C43)C)C.[I-]'"}, "time": 1746315643.106526}