{"duration": 0.3208730220794678, "input_args": {"smiles": "'CCC(C)C(C(=O)NN=CC1=C2CN3C(=CC4=C(C3=O)COC(=O)C4(CC)O)C2=NC5=CC=CC=C51)N.Cl'"}, "time": 1743973863.307922}