{"duration": 0.326801061630249, "input_args": {"smiles": "'C1CNC(=O)C2=C1C3=CC=CC=C3N2'"}, "time": 1743972613.690665}