{"duration": 0.3484652042388916, "input_args": {"smiles": "'COC(=O)NC1=NC2=CC=CC=C2N1'"}, "time": 1746310044.2361548}