{"duration": 0.3285670280456543, "input_args": {"smiles": "'CC1=C(SC2=C1N=C(N=C2N3CCOCC3)C4=CN=C(N=C4)N)C5(COC5)OC'"}, "time": 1743972622.224819}