{"duration": 0.37797021865844727, "input_args": {"smiles": "'C1C2=CC=CC=C2CN1CC3=NC4=NNC(=O)C5=C4C(=CC=C5)N3'"}, "time": 1746315904.8433568}