{"duration": 0.3406670093536377, "input_args": {"smiles": "'C(C1C(C(C(O1)C2=NNC(=C2O)C(=O)N)O)O)O'"}, "time": 1743973800.267318}