{"duration": 0.3126027584075928, "input_args": {"smiles": "'C1CN1C2=NC(=NC(=N2)N3CC3)N4CC4'"}, "time": 1743973777.5382102}