{"duration": 0.5169811248779297, "input_args": {"smiles": "'CCN1C2=NC(=NC(=C2C=C(C1=O)C3=CC=NN3)C)N'"}, "time": 1746310303.546646}