{"duration": 0.3366217613220215, "input_args": {"smiles": "'C1=CC=C(C=C1)NC(=O)CCCCCCC(=O)NO'"}, "time": 1743973483.183705}