{"duration": 0.3590829372406006, "input_args": {"smiles": "'CCC1(C2=C(COC1=O)C(=O)N3CC4=CC5=CC=CC=C5N=C4C3=C2)OC(=O)CN(C)C.Cl'"}, "time": 1746310099.340367}