{"duration": 0.40982985496520996, "input_args": {"smiles": "'Cc1c2ccncc2c(C)c3c4ccccc4[nH]c13'"}, "time": 1746314782.642991}