{"duration": 0.40929174423217773, "input_args": {"smiles": "'C1CC(=O)NC(=O)C1N2C(=O)C3=CC=CC=C3C2=O'"}, "time": 1743972682.719574}