{"duration": 0.3967418670654297, "input_args": {"smiles": "'CN1CCN(CCCN2c3ccccc3Sc3ccc(Cl)cc23)CC1'"}, "time": 1746388722.105929}