{"duration": 0.35895800590515137, "input_args": {"smiles": "'C1=CC(=CC(=C1)O)C2=NC3=C(N=C(N=C3N=C2C4=CC(=CC=C4)O)N)N'"}, "time": 1743972768.168156}