{"duration": 0.3886280059814453, "input_args": {"smiles": "'C1=CC=C2C(=C1)C=CC3=C2C=CC(=C3)C4=CC(=NN4C5=CC=C(C=C5)NC(=O)CN)C(F)(F)F'"}, "time": 1746309752.288055}