{"duration": 0.4081270694732666, "input_args": {"smiles": "'CCOC1=C(C=CC(=C1)N2CCC(CC2)O)NC3=NC=C4C(=N3)N(C5=CC=CC=C5C(=O)N4C)C'"}, "time": 1746388507.690807}