{"duration": 0.4307537078857422, "input_args": {"smiles": "'C=C(CN1CCN(CC1)C2=CC(=C(C=C2)F)Cl)C3=CC=C(C=C3)C(=O)NC4=CC=CC=C4N'"}, "time": 1743973883.78844}