{"duration": 0.4709591865539551, "input_args": {"smiles": "'CC(C=C(C)C=CC(=O)NO)C(=O)C1=CC=C(C=C1)N(C)C'"}, "time": 1746394967.5825431}