{"duration": 0.4146130084991455, "input_args": {"smiles": "'C1=CC(=CC=C1CCCC(=O)O)N(CCCl)CCCl'"}, "time": 1743973630.146114}