{"duration": 0.5169248580932617, "input_args": {"smiles": "'CC1(C)CCC(C)(C)c2cc(ccc12)[C@@H](O)C(=O)Nc1ccc(cc1F)C(O)=O'"}, "time": 1746309840.231811}