{"duration": 0.46671175956726074, "input_args": {"smiles": "'C1=CC2=C(C=CC(=C2)C=C3C(=O)NC(=NCC4=CC=CS4)S3)N=C1'"}, "time": 1746394941.389152}