{"duration": 0.3420588970184326, "input_args": {"smiles": "'CNCCN1C2=C(C=NC3=CC4=C(C=C32)OCO4)C5=CC(=C(C=C5C1=O)OC)OC'"}, "time": 1743973995.710103}