{"duration": 0.3737959861755371, "input_args": {"smiles": "'CN(c1cccc(Cl)c1)S(=O)(=O)c1ccc2NC(=O)\\\\C(=C/c3[nH]c(C)c(C(=O)N4CCN(C)CC4)c3C)c2c1'"}, "time": 1746388662.915413}