{"duration": 0.3861229419708252, "input_args": {"smiles": "'C1=CC=C2C(=C1)C(=CN2)CCNC3=CC=C(C=C3)NC4=CC=NC=C4'"}, "time": 1746388486.270386}