{"duration": 0.38689470291137695, "input_args": {"smiles": "'CC1=CN=C(C(=C1OC)C)CN2C=NC3=C2N=C(N=C3Cl)N'"}, "time": 1743974003.1734242}