{"duration": 0.4160919189453125, "input_args": {"smiles": "'C1C(OC(C1O)N2C=NC3=C(N=CN=C32)N)CO'"}, "time": 1743973784.456609}