{"duration": 0.5976808071136475, "input_args": {"smiles": "'CC(C)C1=NOC(=C1)CNC2=NC(=CC(=N2)N3CCN(CC3)C)NC4=NNC(=C4)C5CC5'"}, "time": 1743974009.804849}