{"duration": 0.39193201065063477, "input_args": {"smiles": "'CNC(=O)C1=CC2=C(C=CN=C2C=C1OC)OC3=C(C=C(C=C3)NC(=S)NC(=O)CC4=CC=CC=C4)F'"}, "time": 1743974025.805252}