{"duration": 0.503040075302124, "input_args": {"smiles": "'CN(C)c1ccc(cc1Br)C1Nc2ccc3ccccc3c2C2=C1C(=O)CC(C)(C)C2'"}, "time": 1746388544.249593}