{"duration": 0.4268059730529785, "input_args": {"smiles": "'C1CC2=CC=CC=C2C1NC3=C4C=CN(C4=NC=N3)C5CC(C(C5)O)COS(=O)(=O)N'"}, "time": 1743972449.035451}