{"duration": 0.40957188606262207, "input_args": {"smiles": "'CN1C=C(C2=CC=CC=C21)C=C3C4=C(C=CC=N4)NC3=O'"}, "time": 1743972417.297903}