{"duration": 0.586367130279541, "input_args": {"smiles": "'C1=NC(=NC(=O)N1C2C(C(C(O2)CO)O)O)N'"}, "time": 1746395318.4127512}