{"duration": 0.36035585403442383, "input_args": {"smiles": "'CCC(=C(C1=CC=CC=C1)C2=CC=C(C=C2)OCCN(C)C)C3=CC=CC=C3'"}, "time": 1746309779.801868}