{"duration": 0.39668822288513184, "input_args": {"smiles": "'CC12CCC3C(C1CCC2O)CCC4=C3C=CC(=C4)OC(=O)N(CCCl)CCCl'"}, "time": 1743973789.160393}