{"duration": 0.38095688819885254, "input_args": {"smiles": "'CC1=C(C=C(C=C1)NC(=O)C2=CC=C(C=C2)CN3CCN(CC3)C)NC4=NC=CC(=N4)C5=CN=CC=C5'"}, "time": 1746388438.932797}