{"duration": 0.5103070735931396, "input_args": {"smiles": "'CN1C=C(C=N1)C2=C3C=NNC(=O)C4=C3C(=CC(=C4)NC(=O)C(C5CCCCC5)N)N2'"}, "time": 1746395513.829219}