{"duration": 0.36957383155822754, "input_args": {"smiles": "'CN(C)c1ccccc1CN1CCCN(Cc2ccccc2N(C)C)C1c1ccncc1'"}, "time": 1746309886.654968}