{"duration": 0.3788588047027588, "input_args": {"smiles": "'S=C1N=CNc2nc[nH]c12'"}, "time": 1746314767.502454}