{"duration": 0.5191779136657715, "input_args": {"smiles": "'COC(=O)CCC1CCC(CC1)(C2=C(C=CC(=C2)F)F)S(=O)(=O)C3=CC=C(C=C3)Cl'"}, "time": 1746395513.315868}