{"duration": 0.48380517959594727, "input_args": {"smiles": "'CC1=C2C(=NN1)NC3=CC(=C(C=C3C(=N2)C4=CC=CC=C4Cl)F)OC'"}, "time": 1746395595.933753}