{"duration": 0.45262575149536133, "input_args": {"smiles": "'CC(C)NCCN(C1=CC2=NC(=CN=C2C=C1)C3=CN(N=C3)C)C4=CC(=CC(=C4)OC)OC'"}, "time": 1746395629.395382}