{"duration": 0.37526869773864746, "input_args": {"smiles": "'CC1=NN=C2N1C3=CC=CC=C3C(=CC2CC4=NN=C(O4)C)C5=CC=C(C=C5)Cl'"}, "time": 1746310293.686273}