{"duration": 0.5287952423095703, "input_args": {"smiles": "'C1CN(CCO1)c1nnc(-c2ccccc2)c(n1)-c1ccccc1'"}, "time": 1746395133.31506}