{"duration": 0.554628849029541, "input_args": {"smiles": "'Clc1cc(Cl)c(OCC(=O)N\\\\N=C\\\\c2ccc[nH]2)c(Cl)c1'"}, "time": 1746388632.3939562}