{"duration": 0.4026167392730713, "input_args": {"smiles": "'CCN(CC)C1=CC=C(C=C1)C2=NNC(=O)CC2C'"}, "time": 1743973566.543988}