{"duration": 0.5108187198638916, "input_args": {"smiles": "'CN1C=C(C2=CC=CC=C21)C3=C(C(=O)NC3=O)C4=CC(=C(C=C4)OC)OC'"}, "time": 1743973976.570255}