{"duration": 0.35227084159851074, "input_args": {"smiles": "'CC(C)N1C2=CC=CC=C2C(=C1C=CC(CC(CC(=O)O)O)O)C3=CC=C(C=C3)F'"}, "time": 1743972667.385803}