{"duration": 0.40351009368896484, "input_args": {"smiles": "'C1CN1C2=NC(=NC(=N2)N3CC3)N4CC4'"}, "time": 1746315578.889785}