{"duration": 0.4357738494873047, "input_args": {"smiles": "'CC1=C(C=C(C=C1)C(=O)NC2=CC=C(C=C2)S(=O)(=O)NC3=NC4=CC=CC=C4N=C3NC5=CC(=CC(=C5)OC)OC)OC'"}, "time": 1746309793.703603}