{"duration": 0.9837040901184082, "input_args": {"smiles": "'C1=CC=C(C=C1)C(C2=CC=CC=C2)(C3=CC=CC=C3)SCC(C(=O)O)N'"}, "time": 1746388478.541492}