{"duration": 0.356417179107666, "input_args": {"smiles": "'Cc1cccc(n1)-c1nn2CCCc2c1-c1ccnc2ccc(cc12)C(N)=O'"}, "time": 1746388625.376595}