{"duration": 0.3881990909576416, "input_args": {"smiles": "'O=C(NCCCCC1CCN(CC1)C(=O)c1ccccc1)\\\\C=C\\\\c1cccnc1'"}, "time": 1746309966.325448}