{"duration": 0.36947202682495117, "input_args": {"smiles": "'CN1CCN(CC1)C(=O)C[C@H]1CC[C@H](NC(=O)c2ccc3OCOc3c2)[C@@H](CO)O1'"}, "time": 1746388589.0162392}