{"duration": 0.3655738830566406, "input_args": {"smiles": "'C=C(CN1CCC2=C(C1)NC3=CC=CC=C23)C4=CC=C(C=C4)C(=O)NC5=CC=CC=C5N'"}, "time": 1743973876.00733}