{"duration": 0.5737240314483643, "input_args": {"smiles": "'C1=CC(=CC(=C1)NC(=O)NCC(F)(F)F)C2=CN=C3N2C=CC(=C3)C4=CC=C(C=C4)F'"}, "time": 1746395468.56656}