{"duration": 0.42670392990112305, "input_args": {"smiles": "'CN(C(=S)C1=CC=CC=C1)NC(=O)CC(=O)NN(C)C(=S)C2=CC=CC=C2'"}, "time": 1743973409.563833}