{"duration": 0.5524911880493164, "input_args": {"smiles": "'CC1=CC(=C(C=C1)F)NC(=O)NC2=CC=C(C=C2)C3=C4C(=CC=C3)NN=C4N'"}, "time": 1746394908.22448}