{"duration": 0.4045288562774658, "input_args": {"smiles": "'Cc1cc(cc2[nH]c(nc12)-c1c(NC[C@@H](O)c2cccc(Cl)c2)cc[nH]c1=O)N1CCOCC1'"}, "time": 1746308420.55884}