{"duration": 0.3461031913757324, "input_args": {"smiles": "'COC1=C(NC=C1)C=C2C3=CC=CC=C3NC2=O'"}, "time": 1743973962.416584}