{"duration": 0.5401287078857422, "input_args": {"smiles": "'CN1C(=C(C=N1)C#N)C2=CC3=C(C=C2)C(=O)N(C3)C(CC4=CC(=CC=C4)F)CN'"}, "time": 1746395658.586537}