{"duration": 0.640470027923584, "input_args": {"smiles": "'CC(=O)NC[C@@H]1C[C@H](CN1)NS(=O)(=O)c1cccc2cncc(C)c12'"}, "time": 1746395084.931832}