{"duration": 0.4096720218658447, "input_args": {"smiles": "'CCC1(C2=C(COC1=O)C(=O)N3CC4=CC5=C(C=CC=C5NC(=O)CN)N=C4C3=C2)O.Cl'"}, "time": 1743973850.4043882}