{"duration": 0.4092080593109131, "input_args": {"smiles": "'CNC(=O)C1=CC=CC2=C1C=CC(=C2)OC3=C4C=C(C(=CC4=NC=C3)OCC5(CC5)N)OC'"}, "time": 1746310286.856246}