{"duration": 0.4245140552520752, "input_args": {"smiles": "'COC1=CC=CC=C1CCN=C2NC(=O)C(=CC3=CC4=C(C=C3)N=CC=C4)S2'"}, "time": 1746310247.754333}