{"duration": 0.3545563220977783, "input_args": {"smiles": "'CC1=CC(=C(C=C1)NC2=NC(=NC=C2C(F)(F)F)NC3=CC(=NC=C3C)OC)NC(=O)C=C'"}, "time": 1746310325.2025542}