{"duration": 0.43961119651794434, "input_args": {"smiles": "'CC1CN(C(=O)CC2=C(C=CC(=C2)NC(=O)C3=CC=NC=C3)OC1CN(C)C(=O)NC4=CC=CC5=CC=CC=C54)C(C)CO'"}, "time": 1743973554.36514}