{"duration": 0.49820375442504883, "input_args": {"smiles": "'C1=CC=C2C(=C1)C=CC=C2S(=O)(=O)N=C3NC(=O)C(=CC4=CC=C(C=C4)Br)S3'"}, "time": 1743973654.5097952}