{"duration": 0.39241814613342285, "input_args": {"smiles": "'O=C(NCCN1CCC(CC1)n1c2ccccc2[nH]c1=O)c1ccc2ccccc2c1'"}, "time": 1746388667.808473}