{"duration": 0.36980772018432617, "input_args": {"smiles": "'COc1cccc2C(=O)c3c(O)c4C[C@](O)(C[C@H](OC5CC(N)C(O)C(C)O5)c4c(O)c3C(=O)c12)C(=O)C'"}, "time": 1746314783.775947}