{"duration": 0.5664389133453369, "input_args": {"smiles": "'CC1=C(NC(=C1C(=O)N2CCN(CC2)C)C)C=C3C4=C(C=CC(=C4)S(=O)(=O)N(C)C5=CC(=CC=C5)Cl)NC3=O'"}, "time": 1746394912.3011389}