{"duration": 0.5335431098937988, "input_args": {"smiles": "'C1=CC(=CC(=C1)NC(=O)C2=C(C(=CC=C2)O)O)NC(=O)C3=C(C(=CC=C3)O)O'"}, "time": 1746395016.386739}