{"duration": 0.3914060592651367, "input_args": {"smiles": "'CN1C2=C(C3=CC(=C(C=C3C1=O)OC)OC)C(=O)C4=CC5=C(C=C42)OCO5'"}, "time": 1746310072.750228}