{"duration": 0.3609578609466553, "input_args": {"smiles": "'CC1CC(=O)NC2=CC=CC(=C2N1)C3=CC4=C(C=C3)N(N=C4C5=CN(N=C5)C)C'"}, "time": 1743973500.705528}