{"duration": 0.5711402893066406, "input_args": {"smiles": "'COc1ccccc1[C@H]1c2c(NC3=C1C(=O)CC(C)(C)C3)n[nH]c2C(F)(F)F'"}, "time": 1746395140.37781}