{"duration": 0.43245625495910645, "input_args": {"smiles": "'CC1CN(C(=O)C2=C(C=CC(=C2)N(C)C)OC1CN(C)C(=O)NC(C)C)C(C)CO'"}, "time": 1743972712.417088}