{"duration": 0.5025689601898193, "input_args": {"smiles": "'C(=O)(N)NO'"}, "time": 1743973781.17791}