{"duration": 0.36362433433532715, "input_args": {"smiles": "'C1C(ON=C1Cl)C(C(=O)O)N'"}, "time": 1746310054.538025}