{"duration": 0.5075709819793701, "input_args": {"smiles": "'FC(F)c1nc2ccccc2n1-c1nc(nc(n1)N1CCOCC1)N1CCOCC1'"}, "time": 1746395190.6489851}