{"duration": 0.356342077255249, "input_args": {"smiles": "'C1CC(C2=C(C1)C3=C(N2)C=CC(=C3)Cl)C(=O)N'"}, "time": 1746308287.345396}