{"duration": 0.39171504974365234, "input_args": {"smiles": "'ONC(=O)\\\\C=C\\\\c1ccc(cc1)C(=O)N\\\\N=C\\\\c1ccc(O)c(O)c1O'"}, "time": 1746388717.2997918}