{"duration": 0.4627399444580078, "input_args": {"smiles": "'CC(=O)NC1CCN(CC1)C(=O)NC2=C(C=CC(=C2)C3=CC=CS3)N'"}, "time": 1743973546.792165}