{"duration": 0.401231050491333, "input_args": {"smiles": "'COC1=C(C=C2C(=C1)C3=C(C4=CC5=C(C=C4C3=O)OCO5)N(C2=O)CCCN6C=CN=C6)OC.Cl'"}, "time": 1746315699.1252759}