{"duration": 0.4122958183288574, "input_args": {"smiles": "'CCCCC1=NC2=C(N1CCN(CC)CC)C=CC(=C2)C=CC(=O)NO'"}, "time": 1746310170.1217961}