{"duration": 0.4985010623931885, "input_args": {"smiles": "'CC1=C(C=C(C=C1)C(=O)NC2=CC(=C(C=C2)CN3CCN(CC3)C)C(F)(F)F)C#CC4=CN=C5N4N=CC=C5'"}, "time": 1746308339.679283}