{"duration": 0.33179497718811035, "input_args": {"smiles": "'CN1C=NC2=C1C=C(C(=C2F)NC3=C(C=C(C=C3)Br)F)C(=O)NOCCO'"}, "time": 1743973931.44128}