{"duration": 0.3501722812652588, "input_args": {"smiles": "'CN(C)C(=O)C1=CC2=CN=C(N=C2N1C3CCCC3)NC4=NC=C(C=C4)N5CCNCC5'"}, "time": 1746315890.937639}