{"duration": 0.4106440544128418, "input_args": {"smiles": "'CN1C=C(C2=CC=CC=C21)C3=C(C(=O)NC3=O)C4=C(N(C5=CC=CC=C54)C)S(=O)C'"}, "time": 1743973947.896381}