{"duration": 0.37061190605163574, "input_args": {"smiles": "'C1=CC=NC(=C1)CCN=C2NC(=O)C(=CC3=CC4=C(C=C3)N=CC=C4)S2'"}, "time": 1746315854.528278}