{"duration": 0.3758890628814697, "input_args": {"smiles": "'C1CC(C2=C(C1)C3=C(N2)C=CC(=C3)Cl)C(=O)N'"}, "time": 1743972392.99315}