{"duration": 0.47081589698791504, "input_args": {"smiles": "'CC(=O)NC1CCN(CC1)C(=O)Nc1cc(ccc1N)-c1cccs1'"}, "time": 1746388562.4838002}