{"duration": 0.6024281978607178, "input_args": {"smiles": "'C1=CC=C(C=C1)C2=NN3C=CC=CC3=C2C4=CC5=C(NN=C5N=N4)N'"}, "time": 1746394879.481596}