{"duration": 0.4866640567779541, "input_args": {"smiles": "'CC1COCCN1C2=NC(=NC3=C2C=CC(=N3)C4=CC(=CC=C4)C(=O)NC)N5CCOCC5C'"}, "time": 1743973377.8993762}