{"duration": 0.4081118106842041, "input_args": {"smiles": "'CCN(CC)CCCC(C)Nc1nc(C)cc(Nc2ccc3nc(C)cc(N)c3c2)n1'"}, "time": 1746388638.2141042}