{"duration": 0.3756988048553467, "input_args": {"smiles": "'CC1=C2C(=NN1)NC3=C(C=C(C=C3)C(=O)N)C(=N2)C4=CC=CC=C4F'"}, "time": 1746310230.5719318}