{"duration": 0.3981211185455322, "input_args": {"smiles": "'CC(C1=CC=C(C=C1)C(=O)NC2=C3C=CNC3=NC=C2)N'"}, "time": 1743972388.9245162}