{"duration": 0.35867786407470703, "input_args": {"smiles": "'Cc1cc2c(cc1C(=C)c1ccc(cc1)C(O)=O)C(C)(C)CCC2(C)C'"}, "time": 1746309954.894665}