{"duration": 0.42153215408325195, "input_args": {"smiles": "'COC(=O)CCC1CCC(CC1)(C2=C(C=CC(=C2)F)F)S(=O)(=O)C3=CC=C(C=C3)Cl'"}, "time": 1746310193.878386}