{"duration": 0.47622013092041016, "input_args": {"smiles": "'CC[C@@]1(O)C(=O)OCc2c1cc1-c3nc4ccc(O)c(CN(C)C)c4cc3Cn1c2=O'"}, "time": 1746395283.160774}