{"duration": 0.3523869514465332, "input_args": {"smiles": "'CCc1cnn2c(NCc3ccc[n+]([O-])c3)cc(nc12)N1CCCC[C@H]1CCO'"}, "time": 1746388690.886692}