{"duration": 0.3862030506134033, "input_args": {"smiles": "'CN(C)CCNC(=O)c1cc2CSc3ccc(Cl)cc3-c2s1'"}, "time": 1746309880.377076}