{"duration": 0.459766149520874, "input_args": {"smiles": "'CN1C=C(C2=CC=CC=C21)C3=C(C(=O)NC3=O)C4=CC(=CC=C4)N'"}, "time": 1746395538.987234}