{"duration": 0.37686681747436523, "input_args": {"smiles": "'C1CN(C1)CC(C2=CC(=C(C=C2)Cl)C(F)(F)F)NC3=NC=NC4=C3C=CC=C4C(=O)N'"}, "time": 1743974044.055105}