{"duration": 0.3813767433166504, "input_args": {"smiles": "'COC1=CC=CC=C1N2CCN(CC2)CC(=C)C3=CC=C(C=C3)C(=O)NC4=CC=CC=C4N'"}, "time": 1746315702.860928}