{"duration": 0.4017808437347412, "input_args": {"smiles": "'CCOC(=O)C1(CO1)CCCCCCOC2=CC=C(C=C2)Cl'"}, "time": 1743972773.3451982}