{"duration": 0.47800397872924805, "input_args": {"smiles": "'CC1(C)CN=C(S1)N1CCN(CC1)c1ncnc2sc3CCCCc3c12'"}, "time": 1746395130.686294}