{"duration": 0.4207801818847656, "input_args": {"smiles": "'CC(=O)N1CCC(CC1)C(=O)Nc1cc(ccc1N)-c1cccs1'"}, "time": 1746308445.190495}