{"duration": 0.5521070957183838, "input_args": {"smiles": "'COC(=O)C[C@](O)(CCCC(C)(C)O)C(=O)O[C@H]1[C@H]2c3cc4OCOc4cc3CCN3CCC[C@]23C=C1OC'"}, "time": 1746395254.126014}