{"duration": 0.47384119033813477, "input_args": {"smiles": "'CN(C)C\\\\C=C\\\\C(=O)Nc1cc2c(Nc3ccc(F)c(Cl)c3)ncnc2cc1O[C@H]1CCOC1'"}, "time": 1746309949.342665}