{"duration": 0.3510439395904541, "input_args": {"smiles": "'CC(=O)NC(CS)C(=O)O'"}, "time": 1743972634.021305}