{"duration": 0.4057948589324951, "input_args": {"smiles": "'CCC1(C2=C(COC1=O)C(=O)N3CC4=C(C5=CC=CC=C5N=C4C3=C2)OC)O'"}, "time": 1743973816.720536}