{"duration": 0.37993693351745605, "input_args": {"smiles": "'OC(=O)c1ccc(NCc2nc3cc4ccccc4cc3[nH]2)cc1'"}, "time": 1746309863.224607}