{"duration": 0.3738670349121094, "input_args": {"smiles": "'CNNCc1ccc(cc1)C(=O)NC(C)C'"}, "time": 1746309997.810317}