{"duration": 0.33812594413757324, "input_args": {"smiles": "'CCC1(C2=C(COC1=O)C(=O)N3CC4=CC5=CC=CC=C5N=C4C3=C2)OC(=O)CN.Cl'"}, "time": 1743973841.138481}