{"duration": 0.46686697006225586, "input_args": {"smiles": "'C=CC(=O)N1CCN(CC1)C(=O)CNC2=CC(=C(C=C2O)Cl)I'"}, "time": 1746395003.157398}