{"duration": 0.4102210998535156, "input_args": {"smiles": "'C1C(OC(C1O)N2C=NC3=C(N=CN=C32)N)CO'"}, "time": 1746310033.497922}