{"duration": 0.40062475204467773, "input_args": {"smiles": "'C1CCC(C1)C(CC#N)N2C=C(C=N2)C3=C4C=CNC4=NC=N3'"}, "time": 1743972365.78318}