{"duration": 0.3693687915802002, "input_args": {"smiles": "'C[C@H](CO)N1C[C@H](C)[C@@H](CN(C)C)Oc2c(NC(=O)c3cc(C)nn3C)cccc2C1=O'"}, "time": 1746308445.564172}