{"duration": 0.4684031009674072, "input_args": {"smiles": "'CCN1C=C(C2=C(C1=O)C=C(S2)C(=NC3CCS(=O)(=O)CC3)N)C4=CC(=CC=C4)C(F)(F)F'"}, "time": 1746388524.383318}