{"duration": 0.5018911361694336, "input_args": {"smiles": "'CC1CC2CCC3C(=C)CC(O3)CCC45CC6C(O4)C7C(O6)C(O5)C8C(O7)CCC(O8)CC(=O)OC9C(C3C(CC4C(O3)CC3(O4)CC4C(O3)C(CC3(O4)CC(C4C(O3)CC(O4)C(CC(CO)O)O)C)C)OC9CC(C1=C)O2)C'"}, "time": 1746395386.6792178}