{"duration": 0.38388514518737793, "input_args": {"smiles": "'Fc1ccc(CNc2ncnc3ccc(F)cc23)cc1'"}, "time": 1746388731.1160572}