{"duration": 0.35897111892700195, "input_args": {"smiles": "'C1CCC(C(C1)N)N.C(=O)(C(=O)[O-])[O-].[Pt+4]'"}, "time": 1746315627.914612}