{"duration": 0.37424373626708984, "input_args": {"smiles": "'CNC[C@@H]1Oc2ccc(NC(=O)CCN3CCOCC3)cc2CC(=O)N(C[C@@H]1C)[C@H](C)CO'"}, "time": 1746388572.8878431}