{"duration": 0.4107980728149414, "input_args": {"smiles": "'CCOC1=CC=CC=C1N=NC2=C(NN(C2=O)C3=NC(=CS3)C4=CC=CC=C4)C'"}, "time": 1743973386.536265}