{"duration": 0.3510122299194336, "input_args": {"smiles": "'CN1C(=C(C=N1)Cl)C2=C(OC(=C2)C(=O)NC(CC3=CC(=C(C=C3)F)F)CN)Cl'"}, "time": 1743973533.382717}