{"duration": 0.37284088134765625, "input_args": {"smiles": "'CS(=O)(=O)NC1=C(N=CC(=C1)C2=CC3=C(C=C2)N=CN=C3NC4=CC(=C(C=C4)F)Cl)Cl'"}, "time": 1746315914.234079}