{"duration": 0.5511672496795654, "input_args": {"smiles": "'CN(Cc1cnc2nc(N)nc(N)c2n1)c1ccc(cc1)C(=O)N[C@@H](CCC(O)=O)C(O)=O'"}, "time": 1746395242.032982}