{"duration": 0.5089669227600098, "input_args": {"smiles": "'C[C@]12CC[C@H]3[C@@H](CCc4cc(OC(=O)N(CCCl)CCCl)ccc34)[C@@H]1CC[C@@H]2O'"}, "time": 1746315255.423506}