{"duration": 0.34988975524902344, "input_args": {"smiles": "'CNC(=O)c1cc(Oc2ccc(NC(=O)Nc3ccc(Cl)c(c3)C(F)(F)F)c(F)c2)ccn1'"}, "time": 1746388723.592928}