{"duration": 0.3488297462463379, "input_args": {"smiles": "'CC1=NC(=CC=C1)C2=NN3CCCC3=C2C4=C5C=C(C=CC5=NC=C4)C(=O)N'"}, "time": 1743973594.034079}