{"duration": 0.3886749744415283, "input_args": {"smiles": "'C1=CC(=C2C(=C1NCCNCCO)C(=O)C3=C(C=CC(=C3C2=O)O)O)NCCNCCO'"}, "time": 1746388528.516494}