{"duration": 0.33977603912353516, "input_args": {"smiles": "'C1CN(CCN1)CC2=CSC3=NC(=CN23)C4=CC=CC=C4NC(=O)C5=NC6=CC=CC=C6N=C5'"}, "time": 1743973619.430387}