{"duration": 0.3318791389465332, "input_args": {"smiles": "'C1CC(CCC1OC2=C(C(=CC=C2)Cl)F)(CC3=NC(=CC=C3)NC4=NC=CS4)C(=O)O'"}, "time": 1743974002.104272}