{"duration": 0.34285402297973633, "input_args": {"smiles": "'C1=CC=C(C=C1)C(=N)N'"}, "time": 1743972615.373413}