{"duration": 0.38348865509033203, "input_args": {"smiles": "'CCC1(C2=C(COC1=O)C(=O)N3CC4=CC5=CC=CC=C5N=C4C3=C2)OC(=O)CN.Cl'"}, "time": 1746315658.0969741}