{"duration": 0.5310258865356445, "input_args": {"smiles": "'C1=CC(=CC(=C1)F)NC(=O)NC2=CC=C(C=C2)C3=CSC4=C3C(=NC=C4C5=CN(N=C5)CCO)N'"}, "time": 1746315805.7200792}