{"duration": 0.40198612213134766, "input_args": {"smiles": "'C1=CC(=CC=C1C2=CNN=C2)C(CN)(C3=CC=C(C=C3)Cl)O'"}, "time": 1743972634.796148}