{"duration": 0.43497490882873535, "input_args": {"smiles": "'C1=CC(=CC(=C1)C(=O)C2=C(N(N=C2)C3=C(C=C(C=C3)F)F)N)C4=CN=CC=C4'"}, "time": 1746310238.2138722}