{"duration": 0.37531399726867676, "input_args": {"smiles": "'CC1=C(C(CCC1)(C)C)C=CC(=CC=CC(=CC(=O)O)C)C'"}, "time": 1743973478.354384}