{"duration": 0.37224292755126953, "input_args": {"smiles": "'CCN1C2=C(C(=NC=C2OCC3CCCNC3)C#CC(C)(C)O)N=C1C4=NON=C4N'"}, "time": 1746309723.979769}