{"duration": 0.3659489154815674, "input_args": {"smiles": "'CC1=CN=CC2=C1C(=CC=C2)S(=O)(=O)NC3CC(NC3)CNC(=O)C'"}, "time": 1743972704.0374641}