{"duration": 0.37142086029052734, "input_args": {"smiles": "'CCOC1=C(C=C2C(=C1)N=CC(=C2NC3=CC(=C(C=C3)F)Cl)C#N)NC(=O)C=CCN(C)C'"}, "time": 1743972380.8025558}