{"duration": 0.39159202575683594, "input_args": {"smiles": "'CC1=CN=C(C(=C1OC)C)CN2C=NC3=C2N=C(N=C3Cl)N'"}, "time": 1746310268.4261498}