{"duration": 0.42947888374328613, "input_args": {"smiles": "'CN1CCN(CC1)c1ccc(Nc2ncc(Cl)c(Sc3cccc(NC(=O)C=C)c3)n2)cc1'"}, "time": 1746309947.293888}