{"duration": 0.5299172401428223, "input_args": {"smiles": "'Nc1nc(OCc2ccccc2)c2[nH]cnc2n1'"}, "time": 1746395151.110278}