{"duration": 0.5662009716033936, "input_args": {"smiles": "'CC(C)N1C(=O)S\\\\C(=C\\\\c2ccc(Sc3nc4ccccc4[nH]3)o2)C1=O'"}, "time": 1746395083.228394}