{"duration": 0.4449460506439209, "input_args": {"smiles": "'FC1=CNC(=O)NC1=O'"}, "time": 1746314771.97825}