{"duration": 0.40144824981689453, "input_args": {"smiles": "'CS(=O)(=O)C1=CC=C(C=C1)C2=CN=C(C(=N2)C(=O)NC3=CC=CC=C3)N'"}, "time": 1743972628.956681}