{"duration": 0.4109377861022949, "input_args": {"smiles": "'CC1=C(SC(=N1)NC(=O)C)C2=CC(=C(C=C2)Cl)S(=O)(=O)NCCO'"}, "time": 1743973449.607856}