{"duration": 0.3552260398864746, "input_args": {"smiles": "'CC1=NC(=CC=C1)C2=NN(C=C2C3=CC=NC4=CC=CC=C34)C(=S)NC5=CC=CC=C5'"}, "time": 1746388386.707155}