{"duration": 0.5870819091796875, "input_args": {"smiles": "'CCC(CC)N1C=NC2=C(N=C(N=C21)N3CC4CCC(C3)O4)C5=CN=C(C=N5)N'"}, "time": 1746395675.8173661}