{"duration": 1.1475110054016113, "input_args": {"smiles": "'CC(C1=CC=CC=C1)NC2=NC(=NC3=CC=CC=C32)N4CCCC4'"}, "time": 1743972662.423986}