{"duration": 0.3333730697631836, "input_args": {"smiles": "'Fc1c[nH]c(=O)[nH]c1=O'"}, "time": 1746388695.407288}