{"duration": 0.3417391777038574, "input_args": {"smiles": "'C1=CC=C(C=C1)NC(=O)C2=CC(=CC=C2)C(=O)NO'"}, "time": 1743973558.391148}