{"duration": 0.5156810283660889, "input_args": {"smiles": "'CCOC(=O)NC1=C(C(=O)C(=C(C1=O)N2CC2)NC(=O)OCC)N3CC3'"}, "time": 1746395339.938755}