{"duration": 0.5381863117218018, "input_args": {"smiles": "'CC(C)S(=O)(=O)C1=CC=CC=C1NC2=NC(=NC=N2)NC3=C(C=C(C=C3)N4CCC(CC4)N5CCN(CC5)C)OC'"}, "time": 1746395526.4437618}