{"duration": 0.40584301948547363, "input_args": {"smiles": "'CCOC(=O)NC1CCC2C(C1)CC3C(C2C=CC4=NC=C(C=C4)C5=CC(=CC=C5)F)C(OC3=O)C'"}, "time": 1743972786.037766}