{"duration": 0.37565112113952637, "input_args": {"smiles": "'CC(C1=CN2C=CN=C2C=C1)N3C4=NC(=CN=C4N=N3)C5=CN(N=C5)C'"}, "time": 1746309771.8328068}