{"duration": 0.33936405181884766, "input_args": {"smiles": "'CC1CCCC=CC2CC(CC2C(C=CC(=O)O1)O)O'"}, "time": 1743973629.2989042}