{"duration": 0.37352800369262695, "input_args": {"smiles": "'CC(C)n1ncc2c(cc(cc12)-c1ccc(nc1)N1CCNCC1)C(=O)NCc1c(C)cc(C)[nH]c1=O'"}, "time": 1746388574.9304209}