{"duration": 0.555229902267456, "input_args": {"smiles": "'C(Nc1nc(NCc2ccccc2)c2ccccc2n1)c1ccccc1'"}, "time": 1746395102.249411}