{"duration": 0.5175538063049316, "input_args": {"smiles": "'C1CNCCC1NC(=O)C2=C(C=NN2)NC(=O)C3=C(C=CC=C3Cl)Cl'"}, "time": 1746394827.252161}