{"duration": 0.7587201595306396, "input_args": {"smiles": "'C1C(OC(C1O)N2C=NC3=C(N=CN=C32)N)CO'"}, "time": 1746395306.740887}