{"duration": 0.3434581756591797, "input_args": {"smiles": "'COc1ccccc1-c1cccc(c1)-c1nc(cc2CN([C@@H](CCO)c12)[S@@](=O)C(C)(C)C)C(=O)NCc1ccncc1'"}, "time": 1746309858.389937}