{"duration": 0.4316098690032959, "input_args": {"smiles": "'CCN(CC)CCCC(C)NC1=NC(=CC(=N1)NC2=CC3=C(C=C(N=C3C=C2)C)N)C'"}, "time": 1743973603.736656}