{"duration": 0.40852880477905273, "input_args": {"smiles": "'C1=C2C(=NN=N2)SN=N1'"}, "time": 1743972722.661061}