{"duration": 0.3592071533203125, "input_args": {"smiles": "'COC1=NC(=NC2=C1N=CN2C3C(C(C(O3)CO)O)O)N'"}, "time": 1746309816.8408692}