{"duration": 0.38575077056884766, "input_args": {"smiles": "'C1CC(=O)NC(=O)C1N2C(=O)C3=CC=CC=C3C2=O'"}, "time": 1743973662.908622}