{"duration": 0.36286163330078125, "input_args": {"smiles": "'COC1=CC=C(C=C1)C#CC2=CCCN(C2=O)C(=O)C=CC3=CC(=C(C(=C3)OC)OC)OC'"}, "time": 1743972726.507107}