{"duration": 0.3946409225463867, "input_args": {"smiles": "'CCOC1=C(C=C2C(=C1)N=CC(=C2NC3=CC(=C(C=C3)F)Cl)C#N)NC(=O)C=CCN(C)C'"}, "time": 1746315940.642394}