{"duration": 0.5804719924926758, "input_args": {"smiles": "'CCOC(=O)c1c(NC(=O)c2ccc(s2)[N+]([O-])=O)sc2c1CC(C)(C)NC2(C)C'"}, "time": 1746395144.6799638}