{"duration": 0.5483479499816895, "input_args": {"smiles": "'CC1=NN(C(=O)C\\\\1=N\\\\Nc1ccccc1C(O)=O)c1nc(cs1)-c1ccccc1'"}, "time": 1746309845.417265}