{"duration": 0.37473487854003906, "input_args": {"smiles": "'Cc1c[nH]c(n1)-c1cnc(NCCNc2ccc(cn2)C#N)nc1-c1ccc(Cl)cc1Cl'"}, "time": 1746309878.0357802}