{"duration": 0.3736300468444824, "input_args": {"smiles": "'CCCCCCCCCCCCCC=CC(C(CO)NC(=O)CCCCC)O'"}, "time": 1743973571.071844}