{"duration": 0.348721981048584, "input_args": {"smiles": "'CCOC(=O)CCNC1=CC(=NC(=N1)C2=CC=CC=N2)N3CCC4=CC=CC=C4CC3'"}, "time": 1743972438.628832}