{"duration": 0.3752458095550537, "input_args": {"smiles": "'COc1nccnc1NS(=O)(=O)c1ccc(NC(=O)\\\\C=C\\\\c2ccc(s2)[N+]([O-])=O)cc1'"}, "time": 1746309987.3128982}