{"duration": 0.3800477981567383, "input_args": {"smiles": "'COC1=C(C=CC(=C1)F)C2=NC(=NC=N2)NC3=CC=CC(=C3)CS(=N)(=O)C'"}, "time": 1746310294.842765}