{"duration": 0.4056258201599121, "input_args": {"smiles": "'CN1C=C(C2=CC=CC=C21)C3=C(C(=O)NC3=O)C4=CC(=CC=C4)OC'"}, "time": 1743973960.0483541}