{"duration": 0.35497593879699707, "input_args": {"smiles": "'CS(=O)(=O)CS(=O)(=O)OCCCl'"}, "time": 1746310077.0989828}