{"duration": 0.3939650058746338, "input_args": {"smiles": "'C1=CC=C2C(=C1)C(=CN2)CCN(CCO)CC3=CC=C(C=C3)C=CC(=O)NO'"}, "time": 1746309709.966083}