{"duration": 0.3762178421020508, "input_args": {"smiles": "'CC(C)(C1=NC(=CC=C1)N2C3=NC(=NC=C3C(=O)N2CC=C)NC4=CC=C(C=C4)N5CCN(CC5)C)O'"}, "time": 1743972597.1826282}