{"duration": 0.37835693359375, "input_args": {"smiles": "'COC1=CC=CC(=C1N)C2=CC(=O)C3=CC=CC=C3O2'"}, "time": 1746315677.7831738}