{"duration": 0.5332059860229492, "input_args": {"smiles": "'CN1CCN(CC1)CCCOC2=C(C=C3C(=C2)N=CC(=C3NC4=CC(=C(C(=C4)Cl)OC)Cl)C#N)OC'"}, "time": 1746395471.6927092}