{"duration": 0.36737823486328125, "input_args": {"smiles": "'CC(C)N1C2=C(C=NC3=CC(=C(C=C32)C4=CN=C(C=C4)OCCCN5CCCCC5)F)N(C1=O)C'"}, "time": 1743974050.250943}