{"duration": 0.40937089920043945, "input_args": {"smiles": "'COC(=O)\\\\C=C\\\\C(=O)N(O)CCCCNCc1ccc(COC(=O)Nc2cccc3ccccc23)cc1'"}, "time": 1746388706.657152}