{"duration": 0.5193948745727539, "input_args": {"smiles": "'C1CN(CCN1)C(=O)C2=CC=C(C=C2)C=CC3=NNC4=CC=CC=C43'"}, "time": 1746395495.975359}