{"duration": 0.3740079402923584, "input_args": {"smiles": "'CC1=CC2=C(N1)C=CC(=C2F)OC3=NC=NC4=CC(=C(C=C43)OC)OCCCN5CCCC5'"}, "time": 1746315734.850008}