{"duration": 0.39231276512145996, "input_args": {"smiles": "'CN1C(=O)N2C=NC(=C2N=N1)C(=O)N'"}, "time": 1746309780.804055}