{"duration": 0.3961312770843506, "input_args": {"smiles": "'Clc1ccc(CC(=N)NOC(=O)c2cccc3ccccc23)cc1'"}, "time": 1746388603.5359051}