{"duration": 0.40483808517456055, "input_args": {"smiles": "'COC1=C(C=C2C(=C1)N=CN=C2NC3=CC(=C(C=C3)F)Cl)NC(=O)C=CCN4CCCCC4.O'"}, "time": 1746388463.4541109}