{"duration": 0.49924206733703613, "input_args": {"smiles": "'C1=CC(=C(C(=C1)F)N(C2=NC(=C(C=C2)C(=O)N)C3=C(C=C(C=C3)F)F)C(=O)N)F'"}, "time": 1746394971.2110531}