{"duration": 0.38863205909729004, "input_args": {"smiles": "'CCOC(=O)NC1=C(C(=O)C(=C(C1=O)N2CC2)NC(=O)OCC)N3CC3'"}, "time": 1746315619.640218}