{"duration": 0.3864328861236572, "input_args": {"smiles": "'CCN(CC)CCCC(C)Nc1nc(C)cc(Nc2ccc3nc(C)cc(N)c3c2)n1'"}, "time": 1746309914.2108538}