{"duration": 0.44432902336120605, "input_args": {"smiles": "'O=C1NC=Nc2[nH]ncc12'"}, "time": 1746315237.8511732}