{"duration": 0.5611855983734131, "input_args": {"smiles": "'CCCCCCCCCCCCCCCCCCOCC(COP(=O)(O)OC1C(CC(C(C1O)O)O)O)OC'"}, "time": 1746395429.489832}