{"duration": 0.3479011058807373, "input_args": {"smiles": "'COC(=O)C(CCSC)NC(=O)C1=C(C=C(C=C1)NCC(CS)N)C2=CC=CC=C2'"}, "time": 1743973413.199594}