{"duration": 0.34053707122802734, "input_args": {"smiles": "'CC(C(C(=O)NC(C(C)O)C(=O)NC(CCCCN)C(=O)O)N)O'"}, "time": 1743973471.445705}