{"duration": 0.43636202812194824, "input_args": {"smiles": "'CCCc1nn(C)c2C(=O)NC(=Nc12)c3cc(ccc3OCC)S(=O)(=O)N4CCN(C)CC4'"}, "time": 1746388726.82235}