{"duration": 0.3971991539001465, "input_args": {"smiles": "'C1=CC(=CC(=C1)Cl)NC(=O)NC2=NC=C(S2)CCNC3=NC=NC4=C3SC=C4'"}, "time": 1746315753.703101}