{"duration": 0.5251178741455078, "input_args": {"smiles": "'CC(C)N1C2=NC=NC(=C2C(=N1)C3=CC4=C(C=C3)OC(=N4)N)N'"}, "time": 1746395522.077792}