{"duration": 0.37657809257507324, "input_args": {"smiles": "'Brc1cc2OCOc2cc1C1Nc2ccccc2C2C=CCC12'"}, "time": 1746309906.672585}