{"duration": 0.34475088119506836, "input_args": {"smiles": "'OC(=O)CCCc1ccc(cc1)N(CCCl)CCCl'"}, "time": 1746309960.6490822}