{"duration": 0.5088717937469482, "input_args": {"smiles": "'Clc1cc(Cl)c(OCC(=O)N\\\\N=C\\\\c2ccc[nH]2)c(Cl)c1'"}, "time": 1746309908.797735}