{"duration": 0.3588697910308838, "input_args": {"smiles": "'C1C(C(OC1N2C=NC3=C(N=C(N=C32)Cl)N)CO)O'"}, "time": 1746315599.292192}