{"duration": 0.37445902824401855, "input_args": {"smiles": "'CC(CC1=CC2=C(CCC2)C=C1)N'"}, "time": 1746308302.149554}