{"duration": 0.4112722873687744, "input_args": {"smiles": "'CC1CN(C(=O)CC2=C(C=CC(=C2)NS(=O)(=O)C)OC1CNC)C(C)CO'"}, "time": 1743972752.254324}