{"duration": 0.7155869007110596, "input_args": {"smiles": "'CN1C=C(C2=CC=CC=C21)C3=C(C(=O)NC3=O)C4=CC=C(C=C4)OC'"}, "time": 1743973945.535882}