{"duration": 0.49976587295532227, "input_args": {"smiles": "'C1=NC2=C(N=C(N=C2N1C3C(C(C(O3)COP(=O)(O)O)O)O)F)N'"}, "time": 1743973819.382774}