{"duration": 0.39772796630859375, "input_args": {"smiles": "'C1=NC(=C(N1C2C(C(C(O2)COP(=O)(O)O)O)O)N)C(=O)N'"}, "time": 1743973372.2884731}