{"duration": 0.4073660373687744, "input_args": {"smiles": "'CC(=O)NC1CC=CCCC(=O)NC(COC1=O)C2=CC=CC=C2'"}, "time": 1743973564.5039291}