{"duration": 0.4622647762298584, "input_args": {"smiles": "'CN1C=NC2=C1C=C(C(=C2F)NC3=C(C=C(C=C3)Br)Cl)C(=O)NOCCO'"}, "time": 1746394951.679293}