{"duration": 0.4548358917236328, "input_args": {"smiles": "'C1=CC(=NC=C1O)C=NNC(=S)N'"}, "time": 1746395321.068883}