{"duration": 0.4129042625427246, "input_args": {"smiles": "'O=S(=O)(N1CCCc2ccccc12)c1ccc(cc1)-c1cnc(o1)C1CC1'"}, "time": 1746309883.9796999}