{"duration": 0.3965940475463867, "input_args": {"smiles": "'CCC1=CC2=C(C=C1N3CCC(CC3)N4CCOCC4)C(C5=C(C2=O)C6=C(N5)C=C(C=C6)C#N)(C)C'"}, "time": 1746309687.0330508}