{"duration": 0.32836008071899414, "input_args": {"smiles": "'CC1CN(CC(N1)C)C2=NC=C(C(=C2)C)C3=CC=C(C=C3)C4=NC5=C(C=CN5C)C(=O)N4'"}, "time": 1743973496.05357}