{"duration": 0.36885881423950195, "input_args": {"smiles": "'Fc1ccc(Cc2n[nH]c(=O)c3ccccc23)cc1C(=O)N1CCN(CC1)C(=O)C1CC1'"}, "time": 1746388714.809439}