{"duration": 0.39611196517944336, "input_args": {"smiles": "'CN(C)CC1CN(C1)C(=O)NC2=C(C=CC(=C2)C3=CC=C(C=C3)F)N'"}, "time": 1743972705.167776}