{"duration": 0.40454697608947754, "input_args": {"smiles": "'CC1C(C(C(C(O1)OC2CC(C3(C4C(CCC3(C2)O)C5(CCC(C5(CC4O)C)C6=CC(=O)OC6)O)CO)O)O)O)O'"}, "time": 1743972720.198881}