{"duration": 0.4691438674926758, "input_args": {"smiles": "'CC1=CC=C(C=C1)S(=O)(=O)NC2=NC3=CC=CC=C3N=C2NC4=CC5=NSN=C5C=C4'"}, "time": 1746395465.849308}