{"duration": 0.4146449565887451, "input_args": {"smiles": "'ClCCN(N=O)C(=O)NC1CCCCC1'"}, "time": 1746315078.250741}