{"duration": 0.33836889266967773, "input_args": {"smiles": "'CCOC(=O)C1=C(C2=C(N1C)C(=C(C=C2)Cl)Cl)C(=CN)C#N'"}, "time": 1743973589.5258439}