{"duration": 0.34459495544433594, "input_args": {"smiles": "'CCOC1=CC=CC=C1C2CC(=O)NC3=CC4=C(C=C23)OCO4'"}, "time": 1743972674.629209}