{"duration": 0.3970329761505127, "input_args": {"smiles": "'COC1=CC(=C(C=C1C(=O)C2=CN=C(N=C2N)NC3CCN(CC3)S(=O)(=O)C)F)F'"}, "time": 1746315856.980607}