{"duration": 0.3727560043334961, "input_args": {"smiles": "'CN(C)C[C@@H](NC(=O)N1Cc2c(Nc3nc(C)nc4ccsc34)n[nH]c2C1(C)C)c1ccccc1'"}, "time": 1746388645.2815628}