{"duration": 0.5868597030639648, "input_args": {"smiles": "'C1=NC(=C2N1C(=O)N(N=N2)CCCl)C(=O)N'"}, "time": 1746395367.334582}