{"duration": 0.4041099548339844, "input_args": {"smiles": "'C1=CC=C(C=C1)N(C2=CC=CC=C2)C3=NC=C(C=N3)C(=O)NCCCCCCC(=O)NO'"}, "time": 1746315863.932045}