{"duration": 0.38976502418518066, "input_args": {"smiles": "'COC1=C(C=C2C(=C1)N=CN=C2NC3=CC(=C(C=C3)F)Cl)NC(=O)C=CCN4CCCCC4.O'"}, "time": 1746309752.682208}