{"duration": 0.33986496925354004, "input_args": {"smiles": "'CN1CCCN(CC1)C2=NC3=CC(=C(C=C3C(=N2)NC4CCN(CC4)CC5=CC=CC=C5)OC)OC'"}, "time": 1743973541.736398}