{"duration": 0.4361000061035156, "input_args": {"smiles": "'CCNC(=O)C1=NOC(=C1C2=CC=C(C=C2)CN3CCOCC3)C4=CC(=C(C=C4O)O)C(C)C'"}, "time": 1746388451.094702}