{"duration": 0.4758930206298828, "input_args": {"smiles": "'CCN1CCC(CC1)OC2=C3C4=C(NC3=CN=C2C#N)N=CC=C4'"}, "time": 1746395654.676764}