{"duration": 0.505443811416626, "input_args": {"smiles": "'OC(=O)c1ccc2c(c1)nc(Nc1cccc(Cl)c1)c1ccncc21'"}, "time": 1746395269.0314429}