{"duration": 0.46814417839050293, "input_args": {"smiles": "'C1C(C(OC1N2C=C(C(=O)NC2=O)F)CO)O'"}, "time": 1746395300.0175738}