{"duration": 0.4708137512207031, "input_args": {"smiles": "'CC1=C(C(=O)C2=C(C1=O)N3CC4C(C3(C2COC(=O)NCCO)OC)N4)N'"}, "time": 1746395328.52609}