{"duration": 0.36966609954833984, "input_args": {"smiles": "'CN1C=C(C2=C1C=CC=C2OC)C3=C(C(=O)NC3=O)C4=CC(=CC=C4)OC'"}, "time": 1746310241.395447}