{"duration": 0.3712639808654785, "input_args": {"smiles": "'CS(=O)(=O)C1=CC=CC(=C1)CNC2=NC(=NC=C2C(F)(F)F)NC3=CC4=C(C=C3)NC(=O)CC4'"}, "time": 1743972791.668492}