{"duration": 0.3485109806060791, "input_args": {"smiles": "'CC1CN(C(=O)CC2=C(C=CC(=C2)NS(=O)(=O)C)OC1CNC)C(C)CO'"}, "time": 1743973554.718247}