{"duration": 0.4529690742492676, "input_args": {"smiles": "'C1CCN(C1)C(=O)NC2=CC=CC(=C2)NC3=NC=C(C(=N3)NCCC4=CN=CN4)Br'"}, "time": 1746308269.6028879}