{"duration": 0.4131348133087158, "input_args": {"smiles": "'CC12CCC(CC1=CCC3C2CCC4(C3CC=C4C5=CN=CC=C5)C)O'"}, "time": 1743973624.406433}