{"duration": 0.3467710018157959, "input_args": {"smiles": "'CC(C)(C)c1nc(c(s1)-c1ccnc(N)n1)-c1cccc(NS(=O)(=O)c2c(F)cccc2F)c1F'"}, "time": 1746309965.565103}