{"duration": 0.49381399154663086, "input_args": {"smiles": "'COC1=CC=CC=C1C(=O)C2=CN=C(N=C2N)NC3CCN(CC3)S(=O)(=O)C'"}, "time": 1746395586.527174}