{"duration": 0.6039178371429443, "input_args": {"smiles": "'C1=CC(=CC=C1CC(C(=O)O)N)N(CCCl)CCCl'"}, "time": 1746395478.719275}