{"duration": 0.5417883396148682, "input_args": {"smiles": "'CN1CCC2=C(C1)C3=CC=CC=C3N2CC4=CC=C(C=C4)C(=O)NO'"}, "time": 1746394968.127548}