{"duration": 0.37056875228881836, "input_args": {"smiles": "'CC(C(=O)O)OC1=CC=C(C=C1)OC2=CN=C3C=CC(=CC3=N2)Cl'"}, "time": 1746315689.862677}