{"duration": 0.5398991107940674, "input_args": {"smiles": "'COc1cc(Nc2ncc3CN=C(c4cc(Cl)ccc4-c3n2)c2c(F)cccc2OC)ccc1C(O)=O'"}, "time": 1746395192.207464}