{"duration": 0.5209290981292725, "input_args": {"smiles": "'N#CC[C@H](C1CCCC1)n1cc(cn1)-c1ncnc2[nH]ccc12'"}, "time": 1746395265.482421}