{"duration": 0.3663597106933594, "input_args": {"smiles": "'CC1=CC(=CC=C1)NC2=NC(=CS2)C3=CC=NC=C3'"}, "time": 1746388482.92928}