{"duration": 0.35707521438598633, "input_args": {"smiles": "'C1=CC=C(C(=C1)CN=C2NC(=O)C(=CC3=CC4=C(C=C3)N=CC=C4)S2)Br'"}, "time": 1743973984.812046}