{"duration": 0.3429090976715088, "input_args": {"smiles": "'CC1=C(N(CCF)CCCl)C(=O)NC(=O)N1'"}, "time": 1746315252.278068}