{"duration": 0.34966611862182617, "input_args": {"smiles": "'C1=CC(=NC=C1O)C=NNC(=S)N'"}, "time": 1746310043.495174}