{"duration": 0.5938029289245605, "input_args": {"smiles": "'C1C(C(C(C1N2C=CC3=C(N=CN=C32)N)O)O)CCC4=CC5=NC(=C(C=C5C=C4)Br)N'"}, "time": 1746310324.4693398}