{"duration": 0.49172186851501465, "input_args": {"smiles": "'CN(C)CC(=O)NC1CCC(OC1CO)CCNC(=O)NC2=CC=C(C=C2)F'"}, "time": 1743972695.725905}