{"duration": 0.4396817684173584, "input_args": {"smiles": "'CCCCC1=NC2=C(N1CCN(CC)CC)C=CC(=C2)C=CC(=O)NO'"}, "time": 1743973909.391961}