{"duration": 0.38118696212768555, "input_args": {"smiles": "'Cc1[nH]c2ccccc2c1C(Nc1ccccn1)c1ccc(Cl)cc1'"}, "time": 1746388598.9294899}