{"duration": 0.3795170783996582, "input_args": {"smiles": "'CC(=O)OC1CC2(C(CCC2=O)C3=C1C4(C(OC(=O)C(=CN(CC=C)CC=C)C4=C(C3=O)O)COC)C)C'"}, "time": 1746310131.11295}