{"duration": 0.3816080093383789, "input_args": {"smiles": "'C\\\\C1=C\\\\CC[C@@]2(C)O[C@@H]2[C@H]2OC(=O)C(=C)[C@@H]2CC1'"}, "time": 1746388718.620383}