{"duration": 0.37850403785705566, "input_args": {"smiles": "'CC(=O)NC1CCN(CC1)C(=O)Nc1cc(ccc1N)-c1cccs1'"}, "time": 1746308426.3198621}