{"duration": 0.38220906257629395, "input_args": {"smiles": "'CC1=CC2=C(C=C1)N(C=C2C3=C(C(=O)NC3=O)C4=CN(C5=CC=CC=C54)C)C'"}, "time": 1746315819.526922}