{"duration": 0.3737761974334717, "input_args": {"smiles": "'C1=NC2=C(N1C3C(C(C(O3)CO)O)O)N=C(NC2=O)N'"}, "time": 1746309689.461024}