{"duration": 0.6658120155334473, "input_args": {"smiles": "'CC1C(C(CC(O1)OC2CC(CC3=C2C(=C4C(=C3O)C(=O)C5=C(C4=O)C(=CC=C5)OC)O)(C(=O)CO)O)N6CCOCC6C#N)O'"}, "time": 1746395370.132939}