{"duration": 0.4117748737335205, "input_args": {"smiles": "'COc1ccc(Cn2ccc3ccc(cc23)C(=O)NO)cc1'"}, "time": 1746309867.156181}