{"duration": 0.5661239624023438, "input_args": {"smiles": "'CN(C1CCS(=O)(=O)C1)C(=O)COC(=O)\\\\C=C\\\\c1cccc(c1)[N+]([O-])=O'"}, "time": 1746395095.8200881}