{"duration": 0.3588588237762451, "input_args": {"smiles": "'CCC1(C2=C(COC1=O)C(=O)N3CC4=CC5=CC=CC=C5N=C4C3=C2)O'"}, "time": 1743973501.4684532}