{"duration": 0.31913304328918457, "input_args": {"smiles": "'C1=CC=C2C(=C1)C(=O)N(C2=O)C(CC3=CNC4=CC=CC=C43)C(=O)O'"}, "time": 1743973612.5209641}