{"duration": 0.3422551155090332, "input_args": {"smiles": "'CN1CCN(CC1)CN2C(=O)C3=C(C2=O)C4=C(C5=C3CCC5)NC6=C4C(=CC=C6)OC'"}, "time": 1743973996.415477}