{"duration": 0.38115620613098145, "input_args": {"smiles": "'NC1(CCC1)c1ccc(cc1)-c1nc2ccn3c(n[nH]c3=O)c2cc1-c1ccccc1'"}, "time": 1746388628.635941}