{"duration": 0.7211518287658691, "input_args": {"smiles": "'Cn1c2cnc3ccc(cc3c2n(-c2ccc(cc2)C(C)(C)C#N)c1=O)-c1cnc2ccccc2c1'"}, "time": 1746309917.369998}