{"duration": 0.4394659996032715, "input_args": {"smiles": "'CNC(=O)C1=CC2=C(C=CN=C2C=C1OC)OC3=C(C=C(C=C3)NC(=S)NC(=O)CC4=CC=CC=C4)F'"}, "time": 1746310293.307317}