{"duration": 0.37355518341064453, "input_args": {"smiles": "'CC1CNC(=O)C2=C3N=C(C=CN3N=C2)NC(C4=C(O1)C=CC(=C4)F)C'"}, "time": 1746315939.430665}