{"duration": 0.3673832416534424, "input_args": {"smiles": "'CC1=CC(=NN1)NC2=C(C=C(C(=N2)NC(C)C3=CC=C(C=C3)F)C#N)F'"}, "time": 1746388514.387203}