{"duration": 0.44777488708496094, "input_args": {"smiles": "'CCCCCCCCC1=CC=C(C=C1)C2=CC=C(C=C2)C(=O)O'"}, "time": 1743973538.486837}