{"duration": 0.4714081287384033, "input_args": {"smiles": "'CN1C=C(C=N1)C2=CC3=C4C(=CN=C3C=C2)C=CC(=O)N4C5=CC6=C(CCN6C(=O)C=C)C=C5'"}, "time": 1746308341.824697}