{"duration": 0.3807659149169922, "input_args": {"smiles": "'CC1=C2COC(=O)C2=C(C(=C1OC)CC=C(C)CCC(=O)O)O'"}, "time": 1746310047.366348}