{"duration": 0.4112257957458496, "input_args": {"smiles": "'C1=CC(=C(C=C1[N+](=O)[O-])Cl)NC(=O)C2=C(C=CC(=C2)Cl)O'"}, "time": 1743973649.599446}