{"duration": 0.3965420722961426, "input_args": {"smiles": "'Cc1ccc(cc1)C(NC(=O)c1ccccc1)c1ccc2cccnc2c1O'"}, "time": 1746308422.555952}