{"duration": 0.3796803951263428, "input_args": {"smiles": "'Cc1ccc(F)c(NC(=O)Nc2ccc(cc2)-c2cccc3[nH]nc(N)c23)c1'"}, "time": 1746388703.418163}