{"duration": 0.3870840072631836, "input_args": {"smiles": "'OC[C@@H](O[C@H](C=O)n1cnc2C(=O)N=CNc12)C=O'"}, "time": 1746315088.599864}