{"duration": 0.41658496856689453, "input_args": {"smiles": "'CC1CC2=CC(=O)CCC2(C3C1C4CCC(C4(CC3)C)(C)O)C'"}, "time": 1743973788.7607949}