{"duration": 0.5027978420257568, "input_args": {"smiles": "'CCN1CCN(CC1)CC(=O)NC2=C3C4=CC=CC=C4SC3=C(C=C2)C5=CC=CC6=C5OC(=CC6=O)N7CCOCC7'"}, "time": 1743972687.221588}