{"duration": 0.34798431396484375, "input_args": {"smiles": "'CC1=C2C(=NN1)NC3=C(C=C(C=C3)C#N)C(=N2)C4=CC=CC=C4F'"}, "time": 1743973963.6271849}