{"duration": 0.3405168056488037, "input_args": {"smiles": "'CCCCCCCCC1=CC=C(C=C1)CCC(CO)(CO)N.Cl'"}, "time": 1743972407.477013}