{"duration": 0.4048330783843994, "input_args": {"smiles": "'O=C(CCCCCCCn1cc(nn1)-c1cccnc1)Nc1ccccc1-c1ccccc1'"}, "time": 1746309875.969117}