{"duration": 0.505040168762207, "input_args": {"smiles": "'CCC1=C(C(=NC(=N1)N)N)C2=CC=C(C=C2)Cl'"}, "time": 1746394937.2430341}