{"duration": 0.8671350479125977, "input_args": {"smiles": "'CC1=CCCC2(C(O2)C3C(CC1)C(C(=O)O3)CN(C)C)C.C(=CC(=O)O)C(=O)O'"}, "time": 1746310139.4440289}