{"duration": 0.4771749973297119, "input_args": {"smiles": "'C1CC(=O)NC2=NC=CC(=C21)OC3=CC4=C(C=C3)OC5C4C5C6=NC7=C(N6)C=C(C=C7)C(F)(F)F'"}, "time": 1746395664.20619}