{"duration": 0.4086320400238037, "input_args": {"smiles": "'CCC(C(=O)NC1=CC=CC=C1OC)SC2=NC3=C(C4=CC=CC=C4N3CC)N=N2'"}, "time": 1746315919.690152}