{"duration": 0.4174051284790039, "input_args": {"smiles": "'C1COCCN1C2=NC(=NC(=C2)C3=CN=C(C=C3C(F)(F)F)N)N4CCOCC4'"}, "time": 1746315728.19786}