{"duration": 0.35985493659973145, "input_args": {"smiles": "'CN1C=C(C2=CC=CC=C21)C3=C(C(=O)NC3=O)C4=CC(=C(C=C4)OC)OC'"}, "time": 1746310240.627053}