{"duration": 0.42067408561706543, "input_args": {"smiles": "'CCCCCCCCc1ccc(CCC(N)(CO)CO)cc1'"}, "time": 1746309971.820024}