{"duration": 0.43449997901916504, "input_args": {"smiles": "'CC(C)NC1=NC=C(C(=C1)C2=CNC(=C2)C(=O)NC(CO)C3=CC(=CC=C3)Cl)Cl'"}, "time": 1746388539.470227}