{"duration": 0.46254801750183105, "input_args": {"smiles": "'C1=CC=C(C=C1)C2=CC=CC=C2NC(=O)CCCCCCCN3C=C(N=N3)C4=CN=CC=C4'"}, "time": 1743972775.4430091}