{"duration": 0.39113426208496094, "input_args": {"smiles": "'C1=CC=C(C=C1)COC2=NC(=NC3=C2NC=N3)N'"}, "time": 1743973606.468797}