{"duration": 0.3587310314178467, "input_args": {"smiles": "'CN(C(=O)N1C(SC(=N1)C2=C(C=CC(=C2)F)F)(CCCN)C3=CC=CC=C3)OC'"}, "time": 1743973373.4211452}