{"duration": 0.3916912078857422, "input_args": {"smiles": "'C(CCl)NC(=O)N(CCCl)N=O'"}, "time": 1746315650.774879}