{"duration": 0.4593777656555176, "input_args": {"smiles": "'CC1=CC(=CC(=C1C2=NC(=NC3=C2CN(C3)C(=O)NCC(C)(F)F)N)OCCN4C=C(C=N4)F)Cl'"}, "time": 1746310264.792327}