{"duration": 0.4839799404144287, "input_args": {"smiles": "'CCN1C(=O)C2=CC(=C(N=C2N(C1=O)C3CC3)N)C(=O)N'"}, "time": 1743973492.5106912}