{"duration": 0.41996216773986816, "input_args": {"smiles": "'CNCC#CC1=C(C=CC2=C1C(=CC3=C(C=CN3)OC)C(=O)N2)F'"}, "time": 1743973964.807443}