{"duration": 0.5299720764160156, "input_args": {"smiles": "'CN(C)CC1=C(OC2=CC=CC=C21)C(=O)NCCOC3=CC=C(C=C3)C(=O)NO'"}, "time": 1746395517.943269}