{"duration": 0.4178798198699951, "input_args": {"smiles": "'C(CCCOS(=O)(=O)N)CCCOS(=O)(=O)N'"}, "time": 1746310075.296726}