{"duration": 0.35693788528442383, "input_args": {"smiles": "'C1N=C(NC(=O)N1C2C(C(C(O2)CO)O)O)N.Cl'"}, "time": 1746310065.5760798}