{"duration": 0.4030001163482666, "input_args": {"smiles": "'C1=CC=C(C(=C1)C(C2=CC=C(C=C2)Cl)C(Cl)Cl)Cl'"}, "time": 1743973782.615457}