{"duration": 0.500154972076416, "input_args": {"smiles": "'CC1=C(C(=O)N(N1)C2=CC=CC=C2)C(=O)C3=CC=CC=C3'"}, "time": 1746395568.8771641}