{"duration": 0.414700984954834, "input_args": {"smiles": "'CCN1CCC(CC1)OC2=C3C4=C(NC3=CN=C2C#N)N=CC=C4'"}, "time": 1746310302.642278}