{"duration": 0.5968403816223145, "input_args": {"smiles": "'COC1=C(NC=C1)C=C2C3=C(C=CC(=C3C#CC4(CCOCC4)O)F)NC2=O'"}, "time": 1746395559.2893288}