{"duration": 0.37807703018188477, "input_args": {"smiles": "'CC1=C(C2=C(C=CC(=C2)F)N=C1C3=CC=C(C=C3)C4=CC=CC=C4F)C(=O)O.[Na+]'"}, "time": 1746315648.898172}