{"duration": 0.37975287437438965, "input_args": {"smiles": "'CN1C(=C(C=N1)Cl)C2=C(SC(=C2)C(=O)NC(CC3=CC(=CC=C3)F)CN)Cl'"}, "time": 1746308383.839655}