{"duration": 0.40866875648498535, "input_args": {"smiles": "'C1=CC(=CC=C1C2=CSC(=N2)NC3=CC=C(C=C3)O)Cl'"}, "time": 1743973617.4397771}