{"duration": 0.4420039653778076, "input_args": {"smiles": "'CCCNCC(=O)OC1(C2=C(COC1=O)C(=O)N3CC4=CC5=CC=CC=C5N=C4C3=C2)CC.Cl'"}, "time": 1746310091.582752}