{"duration": 0.529498815536499, "input_args": {"smiles": "'CN1CCN(CC1)C(=O)C[C@H]1CC[C@H](NC(=O)c2ccc3OCOc3c2)[C@@H](CO)O1'"}, "time": 1746395078.125164}