{"duration": 0.41126298904418945, "input_args": {"smiles": "'COC1=C(C(=C(C=C1)O)C(=O)C2=CC=C(C=C2)C(=O)OC3CCCNCC3NC(=O)C4=CC=NC=C4)F'"}, "time": 1746315839.303823}