{"duration": 0.5280780792236328, "input_args": {"smiles": "'C1CC(CN(C1)C2=C(C=CC=C2C3=CC=CC=C3)C=C4C(=O)NC(=O)S4)N'"}, "time": 1746394829.418058}