{"duration": 0.3462989330291748, "input_args": {"smiles": "'CC1COCCN1C2=NC(=NC(=N2)N3CCOCC3)C4=CN=C(C=C4C(F)F)N'"}, "time": 1746310319.161859}