{"duration": 0.36626577377319336, "input_args": {"smiles": "'CN(C)N=NC1=C(NC=N1)C(=O)N'"}, "time": 1746315586.286825}