{"duration": 0.5390799045562744, "input_args": {"smiles": "'C1=CC=C(C=C1)NC(=O)CCCCCCC(=O)NO'"}, "time": 1746394973.848751}