{"duration": 0.4811866283416748, "input_args": {"smiles": "'C1=CC(=CC=C1NC(=O)CCCCCCC(=O)NO)N(CCCl)CCCl'"}, "time": 1746395477.016022}