{"duration": 0.39001893997192383, "input_args": {"smiles": "'CN1C=C(C2=CC=CC=C21)C3=C(C(=O)NC3=O)C4=CC=C(C=C4)OCC(CO)O'"}, "time": 1746310241.0210712}