{"duration": 0.5012290477752686, "input_args": {"smiles": "'CN(C(=S)C1=CC=CC=C1)NC(=O)CC(=O)NN(C)C(=S)C2=CC=CC=C2'"}, "time": 1743972420.5656471}