{"duration": 0.35660505294799805, "input_args": {"smiles": "'ClCCN(CCCl)P1(=O)NCCCO1'"}, "time": 1746315069.044586}