{"duration": 0.38910889625549316, "input_args": {"smiles": "'C1CC2=C(C(=NN2C1)C3=CC=CC=N3)C4=C5C=CC(=CC5=NC=C4)OCCN6CCOCC6'"}, "time": 1743972617.498684}