{"duration": 0.5012829303741455, "input_args": {"smiles": "'CC(CN1C2=C3C=C(C=CC3=NC=C2N(C1=O)C)C4=CC(=CN=C4)C(C)(C)O)OC'"}, "time": 1746395652.640629}