{"duration": 0.5592060089111328, "input_args": {"smiles": "'COC1=C(C=CC(=C1)NS(=O)(=O)C)NC2=C3C=CC=CC3=NC4=CC=CC=C42.Cl'"}, "time": 1746395330.6141708}