{"duration": 0.3487391471862793, "input_args": {"smiles": "'CN(C)CC=CC(=O)NC1=C(C=C2C(=C1)C(=NC=N2)NC3=CC(=C(C=C3)F)Cl)OC4CCOC4'"}, "time": 1743972324.555856}