{"duration": 0.4497699737548828, "input_args": {"smiles": "'CC1CC(C2=C1C(=NC=N2)N3CCN(CC3)C(=O)C(CNC(C)C)C4=CC=C(C=C4)Cl)O'"}, "time": 1746308390.576927}