{"duration": 0.38976287841796875, "input_args": {"smiles": "'CC1=CC(=C(C=C1)NC2=NC(=NC=C2C(F)(F)F)NC3=CC(=NC=C3C)OC)NC(=O)C=C'"}, "time": 1743974054.625485}