{"duration": 0.4055962562561035, "input_args": {"smiles": "'C1CCC(CC1)NC(=O)C(C2=CC=CC=C2Cl)N(C3=CC(=CC=C3)F)C(=O)CC4=CC=CS4'"}, "time": 1743972671.5545568}