{"duration": 0.3444349765777588, "input_args": {"smiles": "'C1=CC=C(C=C1)CCN=C(N)N=C(N)N'"}, "time": 1746308337.926975}