{"duration": 0.37802600860595703, "input_args": {"smiles": "'CC(C)(C)CN1CCN2C3=C(C(=NC=C3)N)N=C2S1'"}, "time": 1746315777.071831}