{"duration": 0.36557888984680176, "input_args": {"smiles": "'ClCCNP1(=O)OCCCN1CCCl'"}, "time": 1746315086.9351768}