{"duration": 0.37972402572631836, "input_args": {"smiles": "'CC1=CC2=C(C(=C1)OC)SC(=C2)C3=C4C(=NC=NN4C(=C3COC)CN5CCNC(=O)C5)N'"}, "time": 1743974050.634798}