{"duration": 0.570436954498291, "input_args": {"smiles": "'COCC1(C(=O)C2CCN1CC2)CO'"}, "time": 1743973525.074362}