{"duration": 0.4482400417327881, "input_args": {"smiles": "'C1CN1P(=S)(N2CC2)N3CC3'"}, "time": 1746395295.133775}