{"duration": 0.40827417373657227, "input_args": {"smiles": "'C(C1C(C(C(O1)C2=NNC(=C2O)C(=O)N)O)O)O'"}, "time": 1746315611.883404}