{"duration": 0.3242170810699463, "input_args": {"smiles": "'COC1=CC(=CC(=C1OC)OC)CCC(=O)N2CCC=CC2=O'"}, "time": 1743973549.5442162}