{"duration": 0.3272120952606201, "input_args": {"smiles": "'CC(C)S(=O)(=O)C1=CC=C(C=C1)C2=CN=C(C(=N2)C3=CC(=NO3)C4=CC=C(C=C4)CNC)N'"}, "time": 1743972606.959153}