{"duration": 0.33495402336120605, "input_args": {"smiles": "'C1=CC(=NCCCN)C2=C(C3=C(C=CC(=O)C3=C4C2=C1N(N4)CCNCCO)O)O.Cl'"}, "time": 1746315642.713364}