{"duration": 0.3432180881500244, "input_args": {"smiles": "'CC12CCC3C(C1CCC2O)C(CC4=C3C=CC(=C4)O)CCCCCCCCCS(=O)CCCC(C(F)(F)F)(F)F'"}, "time": 1743973414.982097}