{"duration": 0.47950077056884766, "input_args": {"smiles": "'C1CN(CCC1CCCCNC(=O)C=CC2=CN=CC=C2)C(=O)C3=CC=CC=C3'"}, "time": 1746395497.593642}