{"duration": 0.38905906677246094, "input_args": {"smiles": "'C1CC(C1)(C2=CC=C(C=C2)C3=C(C=C4C(=N3)C=CN5C4=NNC5=O)C6=CC=CC=C6)N'"}, "time": 1746315742.128499}