{"duration": 0.39324212074279785, "input_args": {"smiles": "'CN1C=C(C2=CC=CC=C21)C3=C(C(=O)NC3=O)C4=CC(=CC=C4)N'"}, "time": 1746315818.2002099}