{"duration": 0.3326530456542969, "input_args": {"smiles": "'COC1=CC2=C(C=CN=C2C=C1OCCCN3CCOCC3)OC4=C(C=C(C=C4)NC(=O)C5(CC5)C(=O)NC6=CC=C(C=C6)F)F'"}, "time": 1743973414.632535}