{"duration": 0.5146360397338867, "input_args": {"smiles": "'CCc1ccccc1NC(=O)CSC(=O)NNC(=O)[C@@H](Cc1c[nH]c2ccccc12)NC(=O)OC(C)(C)C'"}, "time": 1746395173.1150851}