{"duration": 0.40107226371765137, "input_args": {"smiles": "'C1CN(P(=O)(OC1)NCCCl)CCCl'"}, "time": 1743972668.873031}