{"duration": 0.44327878952026367, "input_args": {"smiles": "'C1C2CC3=C(C(=CC=C3)O)C(=C2C(=O)C4(C1CC(=O)C(=C4O)C(=O)N)O)O'"}, "time": 1743973577.200966}