{"duration": 0.43535590171813965, "input_args": {"smiles": "'C[C@@H]1CC[C@H](CC1)NC(=O)N(CCCl)N=O'"}, "time": 1746315082.3617852}