{"duration": 0.5346560478210449, "input_args": {"smiles": "'CCC1(C2=C(COC1=O)C(=O)N3CC4=C(C5=C(C=CC(=C5)O)N=C4C3=C2)CC[Si](C)(C)C)O'"}, "time": 1746395428.394115}