{"duration": 0.43304896354675293, "input_args": {"smiles": "'C1COCCN1C2=CC(=O)C=C(O2)C3=C4C(=CC=C3)SC5=CC=CC=C5S4'"}, "time": 1746388445.261289}