{"duration": 0.43147778511047363, "input_args": {"smiles": "'C1=CC(=CC(=C1)C(=O)C2=C(N(N=C2)C3=C(C=C(C=C3)F)F)N)C4=CC=NC=C4'"}, "time": 1743973974.822847}