{"duration": 0.42267799377441406, "input_args": {"smiles": "'CCC(C)C1C(=O)NC2CSSCC(C(=O)NC(C(=O)NC(C(=O)N1)CC(C)C)C(C)C)NC2=O'"}, "time": 1746310074.3846269}