{"duration": 0.38373303413391113, "input_args": {"smiles": "'CCN(CCCOC1=CC2=C(C=C1)C(=NC=N2)NC3=NNC(=C3)CC(=O)NC4=CC(=CC=C4)F)CCO'"}, "time": 1746310168.909007}