{"duration": 0.4478111267089844, "input_args": {"smiles": "'CCC1=C2N=C(C=C(N2N=C1)NCC3=C[N+](=CC=C3)[O-])N4CCCCC4CCO'"}, "time": 1746315786.406353}