{"duration": 0.4950392246246338, "input_args": {"smiles": "'NC1(CCC1)c1ccc(cc1)-c1nc2ccn3c(n[nH]c3=O)c2cc1-c1ccccc1'"}, "time": 1746395132.782571}