{"duration": 0.5469951629638672, "input_args": {"smiles": "'CC(C)C(C1=CC=CC=C1)C(=O)NC2=CC=C(C=C2)C(=O)NO'"}, "time": 1746388388.538889}