{"duration": 0.43442606925964355, "input_args": {"smiles": "'CC1=CC=C(C=C1)C(=O)N(C)CCC2=CC(=C(C(=C2)Br)OCCCNC3=C4C(=NC=N3)N(C=N4)C)Br'"}, "time": 1743973566.138921}