{"duration": 0.40662288665771484, "input_args": {"smiles": "'C1=NC(=C(N1C2C(C(C(O2)COP(=O)(O)O)O)O)N)C(=O)N'"}, "time": 1743972410.1307771}