{"duration": 0.40401792526245117, "input_args": {"smiles": "'CN1C=C(C2=CC=CC=C21)C3=C(C(=O)NC3=O)C4=CC(=CC=C4)N'"}, "time": 1746310213.845081}