{"duration": 0.3504037857055664, "input_args": {"smiles": "'CN(CCCl)CCCl'"}, "time": 1746315062.52531}