{"duration": 0.38981008529663086, "input_args": {"smiles": "'C1=NC(=C(N1C2C(C(C(O2)CO)O)O)N)C(=O)N'"}, "time": 1746308260.2122161}