{"duration": 0.37567710876464844, "input_args": {"smiles": "'CC1=CC(=CC=C1)NC2=NC(=CS2)C3=CC=NC=C3'"}, "time": 1743972373.847886}