{"duration": 0.4801018238067627, "input_args": {"smiles": "'CN[C@@H]1C[C@H]2O[C@@](C)([C@@H]1OC)n1c3ccccc3c3c4CNC(=O)c4c4c5ccccc5n2c4c13'"}, "time": 1746395273.452372}