{"duration": 0.4443821907043457, "input_args": {"smiles": "'FC(F)(F)c1ccc(Nc2nccc(n2)-c2cccc(Cl)c2)cc1'"}, "time": 1746388667.026804}