{"duration": 0.5671029090881348, "input_args": {"smiles": "'CC(C)C(C1=CC=CC=C1)C(=O)NC2=CC=C(C=C2)C(=O)NO'"}, "time": 1746394825.2408981}