{"duration": 0.357623815536499, "input_args": {"smiles": "'O=C1NC(=O)\\\\C(S1)=C\\\\c1ccc2nccc(-c3ccncc3)c2c1'"}, "time": 1746388612.268714}