{"duration": 0.3809537887573242, "input_args": {"smiles": "'COc1cc2c(NC3CCN(CC3)C(C)C)nc(nc2cc1OCCCN1CCCC1)C1CCCCC1'"}, "time": 1746388666.578176}