{"duration": 0.33008599281311035, "input_args": {"smiles": "'C1CC1C(=O)NC2=NC=CC(=C2)OC3=C(C=C(C(=C3)F)NC(=O)C4(CC4)C(=O)NC5=CC=C(C=C5)F)F'"}, "time": 1743974023.215748}