{"duration": 0.41147875785827637, "input_args": {"smiles": "'Cc1c(sc(=O)n1C)-c1ccnc(Nc2ccc(cc2)N2CCNCC2)n1'"}, "time": 1746388569.946789}