{"duration": 0.33851194381713867, "input_args": {"smiles": "'C=C(CNC(=O)C1=CC=CC=C1)C2=CC=C(C=C2)C(=O)NC3=CC=CC=C3N'"}, "time": 1743973879.344759}