{"duration": 0.4349510669708252, "input_args": {"smiles": "'C1=CC=C(C(=C1)C2=CC3=C(C4=C(N3)C=CC(=C4)O)C5=C2C(=O)NC5=O)Cl'"}, "time": 1743972423.435884}