{"duration": 0.43958497047424316, "input_args": {"smiles": "'CC(=NNC(=S)N1CCC1)C2=CC=CC=N2'"}, "time": 1743973440.7614028}