{"duration": 0.360919713973999, "input_args": {"smiles": "'CCOC1=CC=CC=C1N2C(=O)C3=CC=CC=C3N=C2C(C)N4CCN(CC4)C(=O)COC5=CC=C(C=C5)Cl'"}, "time": 1743972667.02636}