{"duration": 0.36019086837768555, "input_args": {"smiles": "'COC1=C(C=C2C(=C1)N=CN=C2NC3=CC=CC(=C3)C#C)OCCCCCCC(=O)NO'"}, "time": 1743972377.653651}