{"duration": 0.5442607402801514, "input_args": {"smiles": "'CN1C=C(C=N1)C2=CC3=C(C=CC4=C(C3=O)C=C(C=C4)NS(=O)(=O)N(C)CC5COCCO5)N=C2'"}, "time": 1746395521.104782}