{"duration": 0.5038683414459229, "input_args": {"smiles": "'CC1=C(C(CCC1)(C)C)C=CC(=CC=CC(=CC(=O)NC2=CC=C(C=C2)O)C)C'"}, "time": 1746395375.294556}