{"duration": 0.3582649230957031, "input_args": {"smiles": "'COc1cc(OC)c(\\\\C=C\\\\S(=O)(=O)Cc2ccc(OC)c(NCC(O)=O)c2)c(OC)c1'"}, "time": 1746310000.1903439}