{"duration": 0.4616360664367676, "input_args": {"smiles": "'CN1C=C(C2=CC=CC=C21)C=C3C4=C(C=CC=N4)NC3=O'"}, "time": 1746388433.315119}