{"duration": 0.41877222061157227, "input_args": {"smiles": "'C1C2N1C(=O)N=C2N'"}, "time": 1746315696.323967}