{"duration": 0.4139068126678467, "input_args": {"smiles": "'C1=CC=C2C(=C1)C(C(=O)N2)(C3=CC(=C(C=C3)O)F)C4=CC(=C(C=C4)O)F'"}, "time": 1746310285.212557}