{"duration": 0.3697469234466553, "input_args": {"smiles": "'O=C1NC(=O)[C@H]([C@@H]1c1c[nH]c2ccccc12)c1cn2CCCc3cccc1c23'"}, "time": 1746388738.096877}