{"duration": 0.43102073669433594, "input_args": {"smiles": "'O=C1c2ccccc2-c2n[nH]c3cccc1c23'"}, "time": 1746309999.009602}