{"duration": 0.36345791816711426, "input_args": {"smiles": "'C1=CC(=C2C(=C1NCCNCCO)C(=O)C3=C(C=CC(=C3C2=O)O)O)NCCNCCO'"}, "time": 1746315630.605672}