{"duration": 0.3831827640533447, "input_args": {"smiles": "'COC(=O)c1ccc2n(CCCc3ccccc3)c(NC(=O)c3ccccc3)nc2c1'"}, "time": 1746309928.866254}