{"duration": 0.32883214950561523, "input_args": {"smiles": "'CCC1=CC(=C(C=C1O)O)C2=NNC(=C2C3=CC4=C(C=C3)OCCO4)C'"}, "time": 1743973396.5760791}