{"duration": 0.3858978748321533, "input_args": {"smiles": "'C1CC(C1)(C2=CC=C(C=C2)N3C4=C(C=CC(=N4)C5=CC=CC=C5)N=C3C6=C(N=CC=C6)N)N'"}, "time": 1743974035.7335382}