{"duration": 0.31785106658935547, "input_args": {"smiles": "'COC1=C(C=C(C=C1)N(C(C2=CC=CS2)C(=O)NCCC3=CC=CC=C3)C(=O)CCl)Cl'"}, "time": 1743972674.95078}