{"duration": 0.38239502906799316, "input_args": {"smiles": "'CC(CC1=CC2=C(CCC2)C=C1)N'"}, "time": 1746309726.360138}