{"duration": 0.4798002243041992, "input_args": {"smiles": "'CN1CCN(CC1)C2=CC=C(C3=NO[N+](=C23)[O-])[N+](=O)[O-]'"}, "time": 1746308321.76444}