{"duration": 0.5230488777160645, "input_args": {"smiles": "'C[C@H](CO)N1C[C@H](C)[C@@H](CN(C)C(=O)NC2CCCCC2)Oc2ccc(NC(=O)Cc3cn(C)c4ccccc34)cc2C1=O'"}, "time": 1746395062.506368}