{"duration": 0.41605496406555176, "input_args": {"smiles": "'COc1ccc2c3C[C@@H]4N([C@@H](CC(C)C)c3[nH]c2c1)C(=O)[C@H](CCC(=O)OC(C)(C)C)NC4=O'"}, "time": 1746388623.8099809}