{"duration": 0.4373810291290283, "input_args": {"smiles": "'CC1COCCN1C2=NC3=C(C=CN=C3C4=CC=NN4)C(=C2)C5=CC=NN5C'"}, "time": 1746315939.872558}