{"duration": 0.3380320072174072, "input_args": {"smiles": "'C1=CNC(=C1)C2=C3C4=C(C=CC(=C4C(=C2)OCCO)F)NC3=O'"}, "time": 1743973970.906904}