{"duration": 0.3793220520019531, "input_args": {"smiles": "'C1=CN=C(N=C1)C2=NN(N=N2)CC3=C(C=C(C=C3F)C(=O)NO)F'"}, "time": 1746308300.546447}