{"duration": 0.4121239185333252, "input_args": {"smiles": "'COCCNCC1=CN=C(C=C1)C2=CC3=NC=CC(=C3S2)OC4=C(C=C(C=C4)NC(=S)NC(=O)CC5=CC=C(C=C5)F)F'"}, "time": 1746310302.221652}