{"duration": 0.3820180892944336, "input_args": {"smiles": "'C=CC(=O)N1CCCC(C1)N2C3=NC=NC(=C3C(=N2)C4=CC=C(C=C4)OC5=CC=CC=C5)N'"}, "time": 1746308390.1229582}