{"duration": 0.35982680320739746, "input_args": {"smiles": "'CC1=NN=C(O1)C2=NN=C(C=C2)N3CCC(CC3)OC4=C(C=CC(=C4)F)Cl'"}, "time": 1746309700.69152}