{"duration": 0.6663618087768555, "input_args": {"smiles": "'CCS(=O)(=O)NC1=CC(=C(C=C1)OC2=C(C=C(C=C2)F)F)C3=CN(C(=O)C4=C3C=CN4)C'"}, "time": 1746395662.673088}