{"duration": 0.35904717445373535, "input_args": {"smiles": "'CC1=CC(=C(N1CC2=CC=CC=C2)C)C(=O)CN3C(=O)CCC3=O'"}, "time": 1743972725.316125}