{"duration": 0.3589451313018799, "input_args": {"smiles": "'CC12C(C(CC(O1)N3C4=CC=CC=C4C5=C6C(=C7C8=CC=CC=C8N2C7=C53)CNC6=O)NC)OC'"}, "time": 1743972594.992676}