{"duration": 0.5098669528961182, "input_args": {"smiles": "'CNC(=O)C1=CC=CC=C1SC2=CC3=C(C=C2)C(=NN3)C=CC4=CC=CC=N4'"}, "time": 1746394844.748179}