{"duration": 0.3972151279449463, "input_args": {"smiles": "'CNC(CO)C#CC1=C(C=CC2=C1C(=CC3=C(C=CN3)OC)C(=O)N2)F'"}, "time": 1746315835.971468}