{"duration": 0.43991708755493164, "input_args": {"smiles": "'CC1=CC(=CN=C1C2=CC(=NC=C2)C)CC(=O)NC3=NC=C(C=C3)C4=NC=CN=C4'"}, "time": 1746308312.067055}