{"duration": 0.3892688751220703, "input_args": {"smiles": "'C1CC2=CC=CC=C2C1NC3=C4C=CN(C4=NC=N3)C5CC(C(C5)O)COS(=O)(=O)N'"}, "time": 1746308336.8204072}