{"duration": 0.3921182155609131, "input_args": {"smiles": "'C[C@@H](CO)N1C[C@@H](C)[C@@H](CN(C)CC2CCCCC2)Oc2ccc(NC(=O)Nc3c(C)noc3C)cc2C1=O'"}, "time": 1746309845.8163872}