{"duration": 0.9042637348175049, "input_args": {"smiles": "'CNCCN1C2=C(C=NC3=CC4=C(C=C32)OCO4)C5=CC(=C(C=C5C1=O)OC)OC'"}, "time": 1746315867.6567621}