{"duration": 0.43985414505004883, "input_args": {"smiles": "'C1=CC2=NC(=C(N2C=C1)C3=CSC(=N3)NC4=CC=C(C=C4)C(F)(F)F)C(F)(F)F'"}, "time": 1746310284.386504}