{"duration": 0.4854390621185303, "input_args": {"smiles": "'C1C(C(OC1N2C=NC3=C2NC(=NC3=S)N)CO)O'"}, "time": 1743973785.3952909}