{"duration": 0.46088695526123047, "input_args": {"smiles": "'CC(C)(C1=NC(=CC=C1)N2C3=NC(=NC=C3C(=O)N2CC=C)NC4=CC=C(C=C4)N5CCN(CC5)C)O'"}, "time": 1746308383.4529421}