{"duration": 0.38566112518310547, "input_args": {"smiles": "'C1=CC(=C(C=C1I)F)NC2=C(C=CN=C2)C(=O)NCC(CO)O'"}, "time": 1746310160.965128}