{"duration": 0.4973328113555908, "input_args": {"smiles": "'CC(=O)OC1CCC2(C3CCC4(C(C3CC=C2C1)CC=C4C5=CN=CC=C5)C)C'"}, "time": 1746395460.626524}