{"duration": 0.5660581588745117, "input_args": {"smiles": "'C1=CC2=NC=CC(=C2C=C1C=C3C(=O)NC(=O)S3)C4=CC=NC=C4'"}, "time": 1746394884.09847}