{"duration": 0.38997626304626465, "input_args": {"smiles": "'CC1=C(C2=CC=CC=C2N1)CCNCC3=CC=C(C=C3)C=CC(=O)NO'"}, "time": 1746309756.6632168}