{"duration": 0.3878500461578369, "input_args": {"smiles": "'C1C(C(OC1N2C=NC(=NC2=O)N)CO)O'"}, "time": 1743972770.5342221}