{"duration": 0.4445018768310547, "input_args": {"smiles": "'Cc1[nH]c2ccccc2c1CCNCc1ccc(\\\\C=C\\\\C(=O)NO)cc1'"}, "time": 1746395256.570116}