{"duration": 0.43824100494384766, "input_args": {"smiles": "'CN1C(=O)N(Cc2cnc(Nc3cc(C)nn3C)nc12)c1cc(NC(=O)c2cccc(c2)C(F)(F)F)ccc1C'"}, "time": 1746388721.703259}