{"duration": 0.3453691005706787, "input_args": {"smiles": "'C1CN1P(=S)(N2CC2)N3CC3'"}, "time": 1746315578.092569}