{"duration": 0.3425569534301758, "input_args": {"smiles": "'CC1CC2C3CCC4=CC(=O)C=CC4(C3(C(CC2(C1(C(=O)CO)O)C)O)F)C'"}, "time": 1743972665.0434911}