{"duration": 0.37074708938598633, "input_args": {"smiles": "'CC1=C2C(C(=O)C3(C(CC4C(C3C(C(C2(C)C)(CC1O)O)OC(=O)C5=CC=CC=C5)(CO4)OC(=O)C)O)C)O'"}, "time": 1746310107.097416}