{"duration": 0.9733219146728516, "input_args": {"smiles": "'C1=NC2=C(N=C(N=C2N1C3C(C(C(O3)CO)O)O)F)N'"}, "time": 1743973506.23943}