{"duration": 0.3836069107055664, "input_args": {"smiles": "'CN1C=C(C=N1)C2=C3N=C(C(=C(N3N=C2)N)Br)C4CCCNC4'"}, "time": 1743972626.293663}