{"duration": 0.46165013313293457, "input_args": {"smiles": "'CC(=CC(=O)NC1=CC=CC=C1C(=O)O)C2=CC3=CC=CC=C3C=C2'"}, "time": 1746394993.105252}