{"duration": 0.4076542854309082, "input_args": {"smiles": "'C1CN2C(=NN=C2C(F)(F)F)CN1C(=O)CC(CC3=CC(=C(C=C3F)F)F)N'"}, "time": 1743972700.8374982}