{"duration": 0.39968109130859375, "input_args": {"smiles": "'C(Cn1c2ccccc2c2ccccc12)c1nc2ccccc2[nH]1'"}, "time": 1746388593.870934}