{"duration": 0.3810389041900635, "input_args": {"smiles": "'Cn1c(Nc2ccc(cc2)C(F)(F)F)nc2cc(Oc3ccnc(c3)-c3ncc([nH]3)C(F)(F)F)ccc12'"}, "time": 1746388653.14513}