{"duration": 0.5758111476898193, "input_args": {"smiles": "'C\\\\C=C\\\\C\\\\C=C\\\\CCC(=O)[C@H]1O[C@H]1C(N)=O'"}, "time": 1746395207.7134411}