{"duration": 0.41044187545776367, "input_args": {"smiles": "'CN1CCC(CC1)COC2=C(C=C3C(=C2)N=CN=C3NC4=C(C=C(C=C4)Br)F)OC'"}, "time": 1746310183.038284}