{"duration": 0.3759801387786865, "input_args": {"smiles": "'C1COCCN1C2=NC(=NC(=C2)C3=CN=C(C=C3C(F)(F)F)N)N4CCOCC4'"}, "time": 1746388518.6629791}