{"duration": 0.34695911407470703, "input_args": {"smiles": "'C(Nc1nc(NCc2ccccc2)c2ccccc2n1)c1ccccc1'"}, "time": 1746388606.333096}