{"duration": 0.43032288551330566, "input_args": {"smiles": "'CC1CN(CC(N1)C)C2=NC=C(C(=C2)C)C3=CC=C(C=C3)C4=NC5=C(C=CN5C)C(=O)N4'"}, "time": 1746308380.319541}