{"duration": 0.3719210624694824, "input_args": {"smiles": "'CC(=O)O[C@@]1(CC[C@H]2[C@@H]3C=C(C)C4=CC(=O)CC[C@]4(C)[C@H]3CC[C@]12C)C(=O)C'"}, "time": 1746315076.651049}