{"duration": 0.3683781623840332, "input_args": {"smiles": "'OC(=O)[C@@]1(CCCCCCOc2ccc(Cl)cc2)CO1'"}, "time": 1746388694.2704902}