{"duration": 0.3943159580230713, "input_args": {"smiles": "'C1CCC(=NNC2=NC(=CS2)C3=CC=C(C=C3)C#N)C1'"}, "time": 1743972627.114681}