{"duration": 0.40718793869018555, "input_args": {"smiles": "'C=C(CN1C2=CC=CC=C2SC3=CC=CC=C31)C4=CC=C(C=C4)C(=O)NC5=CC=CC=C5N'"}, "time": 1743973886.656651}