{"duration": 0.35303282737731934, "input_args": {"smiles": "'CC(C)CN1C=NC2=C1C3=CC=CC=C3N=C2N'"}, "time": 1743973832.122078}