{"duration": 0.36464810371398926, "input_args": {"smiles": "'CCCCCCCCCC[C@H]1[C@H](CCc2ccc(OC)c(OC)c2)OC1=O'"}, "time": 1746309992.919596}