{"duration": 0.3414328098297119, "input_args": {"smiles": "'CS(=O)(=O)OCCCNCCCOS(=O)(=O)C.Cl'"}, "time": 1743973791.77032}