{"duration": 0.3392338752746582, "input_args": {"smiles": "'CCC1(C2=C(COC1=O)C(=O)N3CC4=C(C5=CC=CC=C5N=C4C3=C2)C=NNC(=O)C[N+](C)(C)C)O.[Cl-]'"}, "time": 1743973863.6496582}