{"duration": 0.4325687885284424, "input_args": {"smiles": "'COC(=O)CCC1CCC(CC1)(C2=C(C=CC(=C2)F)F)S(=O)(=O)C3=CC=C(C=C3)Cl'"}, "time": 1743973929.1209228}