{"duration": 0.3409159183502197, "input_args": {"smiles": "'C[N+]1=C2C(=C3C=CC(=C(C3=C1)OC)OC)C=CC4=CC5=C(C=C42)OCO5.[Cl-]'"}, "time": 1746315585.4697752}