{"duration": 0.36631202697753906, "input_args": {"smiles": "'Nc1nc(Cl)nc2c1ncn2C3CC(O)C(CO)O3'"}, "time": 1746315259.564644}