{"duration": 0.42447996139526367, "input_args": {"smiles": "'COC1=C(NC=C1)C=C2C3=CC=CC=C3NC2=O'"}, "time": 1746315831.748325}