{"duration": 0.49541306495666504, "input_args": {"smiles": "'CCC1=C(C=CC2=C1C(=NC(=N2)N)N)CNC3=CC=C(C=C3)C(=O)NC(CC(=O)O)C(=O)O'"}, "time": 1743973807.197769}