{"duration": 0.35204005241394043, "input_args": {"smiles": "'CCCCCCCCCCC(C)(C)C(=O)Nc1c(OC)cc(OC)cc1OC'"}, "time": 1746309878.7463171}