{"duration": 0.3759727478027344, "input_args": {"smiles": "'C1COC(CN1)CNC2=CC(=NC=C2C(F)(F)F)NC3=NC=C(N=C3)C#N'"}, "time": 1746315931.3179982}