{"duration": 0.4319570064544678, "input_args": {"smiles": "'CC1CCCC2(C(O2)CC(NC(=O)CC(C(C(=O)C(C1O)C)(C)C)O)C(=CC3=CSC(=N3)C)C)C'"}, "time": 1743973893.3192909}