{"duration": 0.39530491828918457, "input_args": {"smiles": "'CC(C)(C(=O)NCC(C(F)(F)F)(F)F)C(=O)NC1C2=CC=CC=C2C3=CC=CC=C3NC1=O'"}, "time": 1743973613.2424278}