{"duration": 0.3211238384246826, "input_args": {"smiles": "'CN1C=C(C2=CC=CC=C21)C3=C(C(=O)NC3=O)C4=C5CCC(CCN5C6=CC=CC=C64)CN'"}, "time": 1743973968.960265}