{"duration": 0.34935617446899414, "input_args": {"smiles": "'Nc1nc(OCc2ccccc2)c2[nH]cnc2n1'"}, "time": 1746309918.591729}