{"duration": 0.36184191703796387, "input_args": {"smiles": "'COc1nc(N)nc2n(cnc12)[C@@H]1O[C@H](CO)[C@@H](O)[C@@H]1O'"}, "time": 1746388711.029493}