{"duration": 0.3592100143432617, "input_args": {"smiles": "'CC1(CCCC1N2C3=NC(=NC=C3C=C(C2=O)C(F)F)NC4CCN(CC4)S(=O)(=O)C)O'"}, "time": 1743974056.5190651}