{"duration": 0.3760669231414795, "input_args": {"smiles": "'C1CN(CC2=CC=CC=C21)CC(CNC(=O)C3=CC(=NC=N3)NC4COC4)O'"}, "time": 1743974025.409632}