{"duration": 0.5692281723022461, "input_args": {"smiles": "'COC1=C(C=CC(=C1)NS(=O)(=O)C)NC2=C3C=CC=CC3=NC4=CC=CC=C42.CS(=O)(=O)O'"}, "time": 1746395333.786201}