{"duration": 0.37545275688171387, "input_args": {"smiles": "'CC[C@@]1(O)C(=O)OCc2c1cc1-c3nc4ccc(O)c(CN(C)C)c4cc3Cn1c2=O'"}, "time": 1746310015.260981}