{"duration": 0.39737510681152344, "input_args": {"smiles": "'C1CCC(C(C1)[NH-])[NH-].C(=O)(C(=O)O)O.[Pt+2]'"}, "time": 1743972591.475539}