{"duration": 0.40717196464538574, "input_args": {"smiles": "'CCOC(=O)C(CC(C)C)NC(=O)C(CC1=CC=C(C=C1)N(CCCl)CCCl)NC(=O)C'"}, "time": 1743973803.307543}