{"duration": 0.40387392044067383, "input_args": {"smiles": "'CC1=CC(=NN1)NC2=CC(=NC(=N2)SC3=CC=C(C=C3)NC(=O)C4CC4)N5CCN(CC5)C'"}, "time": 1743973477.565456}