{"duration": 0.5863721370697021, "input_args": {"smiles": "'CN(C)CCNC(=O)c1cc2CSc3cc(Cl)ccc3-c2s1'"}, "time": 1746395097.041883}