{"duration": 0.42096781730651855, "input_args": {"smiles": "'NC1=NC(=S)c2[nH]cnc2N1'"}, "time": 1746315061.456641}