{"duration": 0.32233762741088867, "input_args": {"smiles": "'CCC(=C(C1=CC=CC=C1)C2=CC=C(C=C2)OCCN(C)C)C3=CC=CC=C3'"}, "time": 1743972435.0333629}