{"duration": 0.3491709232330322, "input_args": {"smiles": "'CCCCCCCCC1C(C(=C)C(=O)O1)C(=O)O'"}, "time": 1743973395.4352682}