{"duration": 0.45671796798706055, "input_args": {"smiles": "'CC1=CN2C(=O)C=C(N=C2C(=C1)C(C)NC3=CC=CC=C3C(=O)O)N4CCOCC4'"}, "time": 1746308257.738661}