{"duration": 0.4051058292388916, "input_args": {"smiles": "'CCC1C(=O)N(C2=CN=C(N=C2N1C3CCCC3)NC4=C(C=C(C=C4)C(=O)NC5CCN(CC5)C)OC)C'"}, "time": 1743972343.14908}