{"duration": 0.45471692085266113, "input_args": {"smiles": "'CCC1(C2=C(COC1=O)C(=O)N3CC4=C(C5=C(C=CC(=C5)O)N=C4C3=C2)[Si](C)(C)C(C)(C)C)O'"}, "time": 1746315693.9648461}