{"duration": 0.36049318313598633, "input_args": {"smiles": "'O=c1n(Cc2ccccc2)c(\\\\C=C\\\\c2cccnc2)nc2ccccc12'"}, "time": 1746308417.0820532}