{"duration": 0.5387189388275146, "input_args": {"smiles": "'CC12CCC3C(C1CCC2O)C(CC4=C3C=CC(=C4)O)CCCCCCCCCS(=O)CCCC(C(F)(F)F)(F)F'"}, "time": 1746308294.934196}