{"duration": 0.5122330188751221, "input_args": {"smiles": "'C1=CN(C(=O)N=C1N)C2C(C(C(O2)CO)O)(F)F.Cl'"}, "time": 1746395391.1300611}