{"duration": 0.3905510902404785, "input_args": {"smiles": "'CC1(C)CN=C(S1)N1CCN(CC1)c1ncnc2sc3CCCCc3c12'"}, "time": 1746309903.578654}