{"duration": 0.3687608242034912, "input_args": {"smiles": "'CNNCc1ccc(cc1)C(=O)NC(C)C'"}, "time": 1746315077.828921}