{"duration": 0.4375612735748291, "input_args": {"smiles": "'CCN1C(=NC(=N1)C2CCN(CC2)C(=O)CCO)C3=CN=C(C(=N3)C4=NN=C(O4)C(C)(C)C)N'"}, "time": 1746308259.814684}