{"duration": 0.3760969638824463, "input_args": {"smiles": "'Oc1ccc(Nc2nc(cs2)-c2ccc(Cl)cc2)cc1'"}, "time": 1746309935.281566}