{"duration": 0.3335459232330322, "input_args": {"smiles": "'CC1=CC2=C(N1)C=CC(=C2F)OC3=NC=NN4C3=C(C(=C4)OCC(C)O)C'"}, "time": 1743972327.040388}