{"duration": 0.3664999008178711, "input_args": {"smiles": "'COC1=C(C=C2C(=C1)C3=C(C4=CC5=C(C=C4C3=O)OCO5)N(C2=O)CCCN6C=NC=N6)OC.Cl'"}, "time": 1746315715.298592}