{"duration": 1.0222089290618896, "input_args": {"smiles": "'CN1CCN(CC1)C2=CC3=C(C=C2)N=C(N3)C4=C(C5=C(C=CC=C5F)NC4=O)N'"}, "time": 1746310179.337621}