{"duration": 0.430527925491333, "input_args": {"smiles": "'Cc1ccc(cc1)S(=O)(=O)OCC(=O)Nc1ccc(C(O)=O)c(O)c1'"}, "time": 1746309913.817673}