{"duration": 0.44747114181518555, "input_args": {"smiles": "'CN1C=C(C=N1)C2=NN3C(=NN=C3C(C4=CC5=C(C=C4)N=CC=C5)(F)F)C=C2'"}, "time": 1746388439.75804}