{"duration": 0.35678601264953613, "input_args": {"smiles": "'CN1CCN(CC1)C(=O)CC2C=CC(C(O2)CO)NS(=O)(=O)C3=CC=CC(=C3)F'"}, "time": 1743972689.937026}