{"duration": 0.3575899600982666, "input_args": {"smiles": "'CCC(C)NC1=C(C=C(C(=C1)C(=O)NC2CC3CCC(C2)N3C4=NC=C(C=C4)C(=O)C5CC5)C)C(=O)N'"}, "time": 1743973998.927027}