{"duration": 0.4654662609100342, "input_args": {"smiles": "'CC(C(C(C#CC1=C(C=CC2=C1C(=CC3=C(C=CN3)OC)C(=O)N2)F)O)N)O'"}, "time": 1746315836.43897}