{"duration": 0.3317749500274658, "input_args": {"smiles": "'CC1(CNC2=C1C=CC(=C2)NC(=O)C3=C(N=CC=C3)NCC4=CC=NC=C4)C'"}, "time": 1743973439.19372}