{"duration": 0.3893320560455322, "input_args": {"smiles": "'CCCC(=O)OCC1=CC=C(C=C1)OC(=O)C=C(C)C=CC=C(C)C=CC2=C(CCCC2(C)C)C'"}, "time": 1746308365.525524}