{"duration": 0.49968886375427246, "input_args": {"smiles": "'Oc1cc(ccc1NC(=O)Nc1ccccc1Br)[N+]([O-])=O'"}, "time": 1746395169.126288}