{"duration": 0.35312366485595703, "input_args": {"smiles": "'CCCC(C(=O)NC1=CN(C=N1)C(C)(C)CNCC(C)(C)C)NC2CCC3=C(C2)C(=CC(=C3)F)F'"}, "time": 1743973897.24982}