{"duration": 0.39220404624938965, "input_args": {"smiles": "'Nc1ccccc1NC(=O)c1ccc(CNC(=O)OCc2cccnc2)cc1'"}, "time": 1746388692.3843951}