{"duration": 0.38106584548950195, "input_args": {"smiles": "'O=C(CCCCCCCn1cc(nn1)-c1cccnc1)Nc1ccccc1-c1ccccc1'"}, "time": 1746388598.183753}