{"duration": 0.3973679542541504, "input_args": {"smiles": "'NC(=O)NO'"}, "time": 1746314775.659512}