{"duration": 0.4159119129180908, "input_args": {"smiles": "'S=P(N1CC1)(N2CC2)N3CC3'"}, "time": 1746314769.9266691}