{"duration": 0.3485991954803467, "input_args": {"smiles": "'OC[C@@H](O[C@H](C=O)n1cnc2C(=O)N=CNc12)C=O'"}, "time": 1746314792.821928}