{"duration": 0.3839709758758545, "input_args": {"smiles": "'CCC1(C2=C(COC1=O)C(=O)N3CC4=CC5=CC=CC=C5N=C4C3=C2)OC(=O)CN(CC)CC.Cl'"}, "time": 1746310084.177073}