{"duration": 0.39615416526794434, "input_args": {"smiles": "'CCC1(C2=C(COC1=O)C(=O)N3CC4=C(C5=CC=CC=C5N=C4C3=C2)C=NNC(=O)C(CC6=CNC7=CC=CC=C76)N)O.Cl'"}, "time": 1743973862.282121}