{"duration": 0.4091677665710449, "input_args": {"smiles": "'CN1CC2CC3=C(C4=CC=CC=C4N3CC2C1)C5=C(C(=O)NC5=O)C6=CN(C7=CC=CC=C76)C'"}, "time": 1746310234.226816}