{"duration": 0.5148909091949463, "input_args": {"smiles": "'CCOC1=C(C(=CC(=N1)NC(=O)CC2=C(C=CC(=C2)OC)OC)N)C#N'"}, "time": 1746308305.170135}