{"duration": 0.4029521942138672, "input_args": {"smiles": "'CC(=O)NC1CCC2=CC(=C(C(=C2C3=C1C=C(C=C3)C(=O)OC)OC)OC)OC'"}, "time": 1743973834.1276941}