{"duration": 0.528113842010498, "input_args": {"smiles": "'CN(c1ccc2c(C)n(C)nc2c1)c1ccnc(Nc2ccc(C)c(c2)S(N)(=O)=O)n1'"}, "time": 1746395258.095662}