{"duration": 0.7306332588195801, "input_args": {"smiles": "'Nc1cccc(c1)S(=O)(=O)N1CCCN(CC1)S(=O)(=O)c1ccc2OCCOc2c1'"}, "time": 1746395137.028554}