{"duration": 0.3728799819946289, "input_args": {"smiles": "'CC1(C2=C(C=C(S2)C3=NC(=NC=C3)NC4=CC=NN4C)C(=O)N1CCN5CCOCC5)C'"}, "time": 1743974049.8783412}