{"duration": 0.4979071617126465, "input_args": {"smiles": "'CS(=O)(=O)CCNCc1ccc(o1)-c1ccc2ncnc(Nc3ccc(OCc4cccc(F)c4)c(Cl)c3)c2c1'"}, "time": 1746395236.518327}