{"duration": 0.5678610801696777, "input_args": {"smiles": "'COC1=C(C=C2C(=C1)N=CN2C3=CC(=C(S3)C#N)OCC4=CC=CC=C4S(=O)(=O)C)OC'"}, "time": 1743972346.9421692}