{"duration": 0.35598301887512207, "input_args": {"smiles": "'CCN1CCN(CC1)CC2=CC=C(C=C2)C3=CC4=C(N3)N=CN=C4NC(C)C5=CC=CC=C5'"}, "time": 1746310206.029324}