{"duration": 0.35924386978149414, "input_args": {"smiles": "'CC1CN(C(=O)CC2=C(C=CC(=C2)N(C)C)OC1CNC)C(C)CO'"}, "time": 1743973552.274712}