{"duration": 0.4347960948944092, "input_args": {"smiles": "'CCCCCCN(CCCCCC)C(=O)Cc1c([nH]c2ccccc12)-c1ccc(F)cc1'"}, "time": 1746309885.1583202}