{"duration": 0.6735267639160156, "input_args": {"smiles": "'CC1(C(=O)NC2=C(O1)C=CC(=N2)NC3=NC(=NC=C3F)NC4=CC(=C(C(=C4)OC)OC)OC)C'"}, "time": 1746395672.834497}