{"duration": 0.40706491470336914, "input_args": {"smiles": "'CCCCCCCCC=CCCCCCCCC(=O)OCC1C(C(C(O1)N2C=CC(=NC2=O)N)(F)F)O'"}, "time": 1746310203.999478}