{"duration": 0.48881101608276367, "input_args": {"smiles": "'CN1CCN(CC1)C2=CC(=C(C=C2)OC(F)(F)F)NC3=NC=C4CCC5=C(C4=N3)N(N=C5C(=O)N)CCO'"}, "time": 1746395627.898268}