{"duration": 0.626194953918457, "input_args": {"smiles": "'CC1CCCC2(C(O2)CC(NC(=O)CC(C(C(=O)C(C1O)C)(C)C)O)C(=CC3=CSC(=N3)C)C)C'"}, "time": 1746395459.135584}