{"duration": 0.41905903816223145, "input_args": {"smiles": "'Nc1ncnc2c1ncn2C3OC(CO)CC3O'"}, "time": 1746315075.401113}