{"duration": 0.3486919403076172, "input_args": {"smiles": "'CCC1=NC(=C(S1)C2=CC(=NC=C2)NC(=O)C3=CC=CC=C3)C4=CC=CC(=C4)C'"}, "time": 1746309779.044749}