{"duration": 0.37383174896240234, "input_args": {"smiles": "'C1C2CC3=C(C(=CC=C3)O)C(=C2C(=O)C4(C1CC(=O)C(=C4O)C(=O)N)O)O'"}, "time": 1743972669.251192}