{"duration": 0.3791649341583252, "input_args": {"smiles": "'C[C@H]1CN(C[C@@H](C)O1)c1ccc(NC(=O)c2cccc(-c3ccc(OC(F)(F)F)cc3)c2C)cn1'"}, "time": 1746309970.343712}