{"duration": 0.5079271793365479, "input_args": {"smiles": "'CCOC(=O)c1ccc(cc1)N1NC(=O)C(=Cc2ccc(o2)[N+]([O-])=O)C1=O'"}, "time": 1746395163.909301}