{"duration": 0.3336818218231201, "input_args": {"smiles": "'CCN1CCN(CC1)C(C2=CC=C(C=C2)C(F)(F)F)C3=C(C4=C(C=CC=N4)C=C3)O'"}, "time": 1743973600.266549}