{"duration": 0.40039610862731934, "input_args": {"smiles": "'C[C@@]1(CCCN1)c1nc2c(cccc2[nH]1)C(N)=O'"}, "time": 1746388743.3366249}