{"duration": 0.47263193130493164, "input_args": {"smiles": "'CC1CN(S(=O)(=O)C2=C(C=C(C=C2)C#CCC(C)C)OC1CN(C)C(=O)C3=NC=CN=C3)C(C)CO'"}, "time": 1743972693.2647839}