{"duration": 0.4316439628601074, "input_args": {"smiles": "'COc1cc2c(NC3CCN(C)CC3)nc(nc2cc1OCCOCCN(C)C)N1CCCN(C)CC1'"}, "time": 1746309942.6206248}