{"duration": 0.37085914611816406, "input_args": {"smiles": "'C1=CC2=C(C=C1[N+](=O)[O-])C(=O)N(C3=C2C(=O)C4=C3C=CC(=C4)Br)CCCCl'"}, "time": 1746315706.989385}