{"duration": 0.5030388832092285, "input_args": {"smiles": "'COC1=C(C(=CC=C1)F)C(=O)C2=CN=C(N=C2N)NC3CCN(CC3)S(=O)(=O)C'"}, "time": 1746395590.119123}