{"duration": 0.46258997917175293, "input_args": {"smiles": "'C1CC2=C(C=C(C=C2)C3=NC(=C(S3)CCCOC4=CC=C(C=C4)CN)C(=O)O)C(=NNC5=NC6=CC=CC=C6S5)C1'"}, "time": 1746308405.889028}