{"duration": 0.39389491081237793, "input_args": {"smiles": "'C1=CC=C(C=C1)CN2C(=NC3=CC=CC=C3C2=O)C=CC4=CN=CC=C4'"}, "time": 1743972689.577226}