{"duration": 0.46869468688964844, "input_args": {"smiles": "'CN1C=C(C2=CC=CC=C21)C3=C(C(=O)NC3=O)C4=C(N(C5=CC=CC=C54)C)S(=O)C'"}, "time": 1746395538.049729}