{"duration": 0.4033946990966797, "input_args": {"smiles": "'COC1=C(C=CC(=C1)NS(=O)(=O)C)NC2=C3C=CC=CC3=NC4=CC=CC=C42.CS(=O)(=O)O'"}, "time": 1743973801.9717371}