{"duration": 0.35579800605773926, "input_args": {"smiles": "'Fc1ccc(Nc2ncnc3cc(OCCCN4CCOCC4)c(NC(=O)C=C)cc23)cc1Cl'"}, "time": 1746309958.8564281}