{"duration": 1.420591115951538, "input_args": {"smiles": "'CN1C=C(C=N1)C2=C3N=C(C(=C(N3N=C2)N)Br)C4CCCNC4'"}, "time": 1743973517.9082031}