{"duration": 0.36293601989746094, "input_args": {"smiles": "'CN1C2C3=C(CCN2C(=O)C4=CC=CC=C41)C5=CC=CC=C5N3'"}, "time": 1743973639.99747}