{"duration": 0.42919301986694336, "input_args": {"smiles": "'C1CC(C2=C(C1)C3=C(N2)C=CC(=C3)Cl)C(=O)N'"}, "time": 1746309713.1481102}