{"duration": 0.3273129463195801, "input_args": {"smiles": "'C1=CC=C(C=C1)CN2C(=NC3=CC=CC=C3C2=O)C=CC4=CN=CC=C4'"}, "time": 1743973540.6901498}