{"duration": 0.3576388359069824, "input_args": {"smiles": "'COC1=C(C=C2C(=C1)N=CN=C2NC3=C(C(=C(C=C3)Cl)Cl)F)OC4CCN(CC4)C(=O)C=C'"}, "time": 1746315905.62975}