{"duration": 0.4864330291748047, "input_args": {"smiles": "'ClCCNP1(=O)OCCCN1CCCl'"}, "time": 1746395231.90929}