{"duration": 0.5275552272796631, "input_args": {"smiles": "'CC1=CC(=C(C=C1Br)NC(=O)NC2=NC=C(N=C2)C)OCC3CNCCO3'"}, "time": 1743973920.551459}