{"duration": 0.36982297897338867, "input_args": {"smiles": "'CCC1(C2=C(COC1=O)C(=O)N3CC4=C(C5=CC=CC=C5N=C4C3=C2)C=NNC(=O)C6CCCN6)O.Cl'"}, "time": 1743973861.507904}