{"duration": 0.36882686614990234, "input_args": {"smiles": "'CN1c2cc3c(cc2N=C(c2ccc(cc2)C(O)=O)c2ccccc12)C(C)(C)CCC3(C)C'"}, "time": 1746388624.6068501}