{"duration": 0.39996814727783203, "input_args": {"smiles": "'CN1CC[C@H]([C@H](O)C1)c1c(O)cc(O)c2c1oc(cc2=O)-c1ccccc1Cl'"}, "time": 1746388672.5510242}