{"duration": 0.3676021099090576, "input_args": {"smiles": "'C1C(C(OC1N2C=NC3=C2NC=NCC3O)CO)O'"}, "time": 1743973807.9159229}