{"duration": 0.37491798400878906, "input_args": {"smiles": "'C1CC2=CC=CC=C2N(C1)S(=O)(=O)C3=CC=C(C=C3)C4=CN=C(O4)C5CC5'"}, "time": 1743972739.8272011}