{"duration": 0.382490873336792, "input_args": {"smiles": "'COC1=C(C=CC(=C1)NS(=O)(=O)C)CC2=C3C=CC=CC3=NC4=CC=CC=C42'"}, "time": 1746315755.74766}