{"duration": 0.380413293838501, "input_args": {"smiles": "'CC(Nc1ccccc1)c1cc(C)cn2c1nc(cc2=O)N1CCOCC1'"}, "time": 1746309941.31891}