{"duration": 0.5690281391143799, "input_args": {"smiles": "'CC(=NNC(=S)N1CCC1)C2=CC=CC=N2'"}, "time": 1746395357.629565}