{"duration": 0.5906188488006592, "input_args": {"smiles": "'CO[C@]12[C@H]3N[C@H]3CN1C1=C([C@H]2COC(N)=O)C(=O)C(N)=C(C)C1=O'"}, "time": 1746395243.162896}