{"duration": 0.5199689865112305, "input_args": {"smiles": "'CN1C2=NC(=NC=C2C=C(C1=O)OC3=CC(=CC=C3)F)NC4CCOCC4'"}, "time": 1743973978.7249432}