{"duration": 0.35482025146484375, "input_args": {"smiles": "'COc1cc(CCc2cc(NC(=O)c3ccc(cc3)N3C[C@H](C)N[C@H](C)C3)n[nH]2)cc(OC)c1'"}, "time": 1746308414.228976}