{"duration": 0.47779417037963867, "input_args": {"smiles": "'CC1=CC2=C(C=C1)N=C(S2)NC(=O)CSC3=NC4=C(C(=O)N3C5=CC=CC=C5)SCC4'"}, "time": 1743973511.704722}