{"duration": 0.3534510135650635, "input_args": {"smiles": "'C1C2=C(C=CC(=C2)N)N=C3N1C(=O)C4=CC=CC=C43'"}, "time": 1746310073.9577081}