{"duration": 0.3667480945587158, "input_args": {"smiles": "'CC1CCCC(C=CC(=O)OC23C(C=CC1)C(C(=C)C(C2C(NC3=O)CC4=CC=CC=C4)C)O)O'"}, "time": 1743972707.877766}