{"duration": 0.38288402557373047, "input_args": {"smiles": "'CS(=O)(=O)OCCCNCCCOS(=O)(=O)C'"}, "time": 1746315083.979957}