{"duration": 0.4246227741241455, "input_args": {"smiles": "'OCc1ccc(s1)-c1ccc(o1)-c1ccc(CO)s1'"}, "time": 1746388653.9640908}