{"duration": 0.3807821273803711, "input_args": {"smiles": "'CNC(=O)C1=NC=CC(=C1)OC2=CC=C(C=C2)NC(=O)NC3=CC(=C(C=C3)Cl)C(F)(F)F'"}, "time": 1746388488.643842}