{"duration": 0.35756397247314453, "input_args": {"smiles": "'COC(=O)NC1=NC2=CC=CC=C2N1'"}, "time": 1746315601.232117}