{"duration": 0.37952113151550293, "input_args": {"smiles": "'CN1CCN(CC1)C2=CC=C(C3=NO[N+](=C23)[O-])[N+](=O)[O-]'"}, "time": 1746309745.871375}