{"duration": 0.5969693660736084, "input_args": {"smiles": "'CC(=O)O.CNCCN=C1C=CC2=C3C1=C(C4=C(C=CC(=O)C4=C3NN2CCNCCO)O)O'"}, "time": 1746395369.4640079}