{"duration": 0.47446393966674805, "input_args": {"smiles": "'Cn1c(Nc2ccc(cc2)C(F)(F)F)nc2cc(Oc3ccnc(c3)-c3ncc([nH]3)C(F)(F)F)ccc12'"}, "time": 1746309929.789651}