{"duration": 0.48807692527770996, "input_args": {"smiles": "'C1=CC(=CC(=C1)N)C2=CC3=C(N2)N=CN=C3OC4=CC=CC(=C4)O'"}, "time": 1746394958.960581}