{"duration": 0.413895845413208, "input_args": {"smiles": "'CCCCCCCCC=CCCCCCCCC(=O)OCC1C(C(C(O1)N2C=CC(=NC2=O)N)(F)F)O'"}, "time": 1746315799.7802958}