{"duration": 0.3271811008453369, "input_args": {"smiles": "'C=CCC1=C(C(=CC=C1)C=NNC(=O)CN2CCN(CC2)CC3=CC=CC=C3)O'"}, "time": 1743973445.17281}