{"duration": 0.37784600257873535, "input_args": {"smiles": "'C1CC(NCC1Cl)C2C(=O)NC(C(=O)N2)C3CCC(CN3)Cl.Cl'"}, "time": 1746315609.417981}