{"duration": 0.49588704109191895, "input_args": {"smiles": "'COc1cc2ncn(-c3cc(OCc4ccccc4S(C)(=O)=O)c(s3)C#N)c2cc1OC'"}, "time": 1746395090.4917881}