{"duration": 0.36906981468200684, "input_args": {"smiles": "'CS(=O)(=O)c1cccc(CNc2nc(Nc3ccc4NC(=O)CCc4c3)ncc2C(F)(F)F)c1'"}, "time": 1746309922.859194}