{"duration": 0.3800487518310547, "input_args": {"smiles": "'C1=CC2=NC=CC(=C2C=C1C=C3C(=O)NC(=O)S3)C4=CC=NC=C4'"}, "time": 1743973416.096632}