{"duration": 0.397472620010376, "input_args": {"smiles": "'CC1=CC=C(C=C1)C2=C(N(C3=NC=NC(=C23)N)CCCO)C(=O)CCl'"}, "time": 1746308277.717473}