{"duration": 0.5044338703155518, "input_args": {"smiles": "'CNC(=O)C1=CC=C(C=C1)NC2=NC=C(C(=N2)NCC3=NC=CN=C3N(C)S(=O)(=O)C)C(F)(F)F'"}, "time": 1746395618.056572}