{"duration": 0.446671724319458, "input_args": {"smiles": "'C=CC(=O)NC1=C(C=C2C(=C1)C(=NC=N2)NC3=CC(=C(C=C3)F)Cl)OCCCN4CCOCC4'"}, "time": 1746388416.799245}