{"duration": 0.36501407623291016, "input_args": {"smiles": "'CN(C)CC1=CC(=CC=C1)N=C(C2=CC=CC=C2)C3=C(NC4=C3C=CC(=C4)C(=O)N(C)C)O'"}, "time": 1746388404.2252212}