{"duration": 0.49154210090637207, "input_args": {"smiles": "'C1=CC=C(C=C1)C(C2=CC=CC=C2)(C3=CC=CC=C3)SCC(C(=O)O)N'"}, "time": 1746315593.3370728}