{"duration": 0.4287679195404053, "input_args": {"smiles": "'CC1=CC=C(C=C1)C(=O)CN2C3=C(CCCC3)SC2=N.Br'"}, "time": 1743973653.5911229}