{"duration": 0.5969679355621338, "input_args": {"smiles": "'CN(C)CCN1C(=O)C2=CC=CC3=CC(=CC(=C32)C1=O)N'"}, "time": 1746395356.1104882}