{"duration": 0.4939441680908203, "input_args": {"smiles": "'CCCCCCCCCCCC1=C(C(=O)C=C(C1=O)O)O'"}, "time": 1746394874.92571}