{"duration": 0.5109891891479492, "input_args": {"smiles": "'COC1=C(NC=C1)C=C2C3=C(C=CC(=C3N4CCC(C4)O)[N+](=O)[O-])NC2=O'"}, "time": 1746395566.339123}