{"duration": 0.3619558811187744, "input_args": {"smiles": "'CC(=O)NC1CCC2=CC(=C(C(=C2C3=CC=C(C(=O)C=C13)SC)OC)OC)O'"}, "time": 1743973829.983551}