{"duration": 0.35849690437316895, "input_args": {"smiles": "'Clc1ccc(cc1)C1(CCNCC1)c1ccc(cc1)-c1cn[nH]c1'"}, "time": 1746309833.8700118}