{"duration": 0.40656590461730957, "input_args": {"smiles": "'CC(CN1C2=C3C=C(C=CC3=NC=C2N(C1=O)C)C4=CC(=CN=C4)C(C)(C)O)OC'"}, "time": 1743974033.4016588}