{"duration": 0.4067809581756592, "input_args": {"smiles": "'CCCS(=O)(=O)NC1=C(C(=C(C=C1)F)C(=O)C2=CNC3=C2C=C(C=N3)Cl)F'"}, "time": 1743973450.020305}