{"duration": 0.41372179985046387, "input_args": {"smiles": "'COC1=CC=C(C=C1)CN2C=CC3=C2C=C(C=C3)C(=O)NO'"}, "time": 1743973524.0569139}