{"duration": 0.4318981170654297, "input_args": {"smiles": "'Cc1nc(NC(=O)N2CCC[C@H]2C(N)=O)sc1-c1ccnc(c1)C(C)(C)C(F)(F)F'"}, "time": 1746309873.667073}