{"duration": 0.37822890281677246, "input_args": {"smiles": "'CCCC(C1=CN=CC=C1)NC2=NC(=NC=C2C)C3=CC(=C(C=C3)NC(=O)NCC)OC'"}, "time": 1743973912.2344582}