{"duration": 0.4388868808746338, "input_args": {"smiles": "'CCN1C(=O)CCCC2=C1C=CC(=C2OC)NC3=NC=C(C(=N3)NC4C5CC(C4C(=O)N)C=C5)Cl'"}, "time": 1746310207.740373}