{"duration": 0.4584310054779053, "input_args": {"smiles": "'C1=C(C(=O)NC(=O)N1)N(CCCl)CCCl'"}, "time": 1746310030.027096}