{"duration": 0.36354708671569824, "input_args": {"smiles": "'Cc1cccc(n1)-c1[nH]c(nc1-c1ccc2nccnc2c1)C(C)(C)C'"}, "time": 1746388656.1278982}