{"duration": 0.5479960441589355, "input_args": {"smiles": "'CC1=C(SC(=N1)NC(=O)C)C2=CC(=C(C=C2)Cl)S(=O)(=O)NCCO'"}, "time": 1746394928.61209}