{"duration": 0.39940690994262695, "input_args": {"smiles": "'COC1=C(C(=C(C=C1)O)C(=O)C2=CC=C(C=C2)C(=O)NC3CCCNCC3NC(=O)C4=CC=NC=C4)F'"}, "time": 1746310244.663777}