{"duration": 0.34830498695373535, "input_args": {"smiles": "'CC1=NC2=C(N=C(N=C2N1C(C)C)N3CCOCC3)C4=CN=C(N=C4)N'"}, "time": 1743974011.6333592}