{"duration": 0.40750575065612793, "input_args": {"smiles": "'COC1=CC=C(C=C1)C(=O)CC2(C3=C(C=CC(=C3NC2=O)Cl)Cl)O'"}, "time": 1746315798.241903}