{"duration": 0.5070452690124512, "input_args": {"smiles": "'COC1=C(NC=C1)C=C2C3=CC=CC=C3NC2=O'"}, "time": 1746395555.6065888}