{"duration": 0.4899289608001709, "input_args": {"smiles": "'C1=CC=C(C(=C1)C2=NC3=C(NC4=C2C=C(C=C4)[N+](=O)[O-])NN=C3)Cl'"}, "time": 1746395554.525177}