{"duration": 0.34116101264953613, "input_args": {"smiles": "'CC1=CC(=C(N1CC2=CC=CC=C2)C)C(=O)CN3C(=O)CCC3=O'"}, "time": 1743973597.1869068}