{"duration": 0.4738271236419678, "input_args": {"smiles": "'CN(C)\\\\N=N\\\\c1[nH]cnc1C(N)=O'"}, "time": 1746395215.083412}