{"duration": 0.4493739604949951, "input_args": {"smiles": "'COC(=O)c1ccc2c(NC(=O)\\\\C2=C(/Nc2ccc(cc2)N(C)C(=O)CN2CCN(C)CC2)c2ccccc2)c1'"}, "time": 1746388713.5116742}