{"duration": 0.36450886726379395, "input_args": {"smiles": "'C1=CC=C(C=C1)COC2=NC(=NC3=C2NC=N3)N'"}, "time": 1746315667.841198}