{"duration": 0.4118978977203369, "input_args": {"smiles": "'C1=CC=C2C(=C1)C=CC(=C2SSC3=C(C=CC4=CC=CC=C43)O)O'"}, "time": 1746309697.054871}