{"duration": 0.393848180770874, "input_args": {"smiles": "'C1C2CC3CC1CC(C2)(C3)C4=C(C=C5C=CC(=CC5=C4)C6=CC=C(C=C6)C(=O)O)O'"}, "time": 1743972723.060761}