{"duration": 0.3936729431152344, "input_args": {"smiles": "'CC[C@@]1(O)C(=O)OCC2=C1C=C3N(Cc4cc5cc(OC)ccc5nc34)C2=O'"}, "time": 1746315262.312066}