{"duration": 0.35889291763305664, "input_args": {"smiles": "'COc1nccnc1NS(=O)(=O)c1ccc(NC(=O)\\\\C=C\\\\c2ccc(s2)[N+]([O-])=O)cc1'"}, "time": 1746388710.663339}