{"duration": 0.37925028800964355, "input_args": {"smiles": "'COC(=O)CNC(=O)C(=O)OC'"}, "time": 1746309711.1891682}