{"duration": 0.3999149799346924, "input_args": {"smiles": "'CCC1(C2=C(COC1=O)C(=O)N3CC4=C(C5=CC=CC=C5N=C4C3=C2)C=NNC(=O)C(=O)N)O.Cl'"}, "time": 1746315683.348789}