{"duration": 0.379197359085083, "input_args": {"smiles": "'O1[As]2O[As]3O[As]1O[As](O2)O3'"}, "time": 1746315762.782995}