{"duration": 0.5402278900146484, "input_args": {"smiles": "'C(CCl)N(C(=O)NC(C=O)C(C(C(CO)O)O)O)N=O'"}, "time": 1746395338.4129338}