{"duration": 0.38889288902282715, "input_args": {"smiles": "'C1=CC(=CC=C1CCCC(=O)O)N(CCCl)CCCl'"}, "time": 1743972711.284906}