{"duration": 0.354992151260376, "input_args": {"smiles": "'NC(=O)[C@H]1CCCc2c1[nH]c1ccc(Cl)cc21'"}, "time": 1746309884.719399}