{"duration": 0.41048097610473633, "input_args": {"smiles": "'FC(F)c1nc2ccccc2n1-c1nc(nc(n1)N1CCOCC1)N1CCOCC1'"}, "time": 1746309948.8637812}