{"duration": 0.3511519432067871, "input_args": {"smiles": "'CCC(C)SSC1=NC=CN1'"}, "time": 1743973611.133526}