{"duration": 0.7978670597076416, "input_args": {"smiles": "'CC1=C(C=CC(=C1)[N+](=O)[O-])NS(=O)(=O)C2=C(C=CC(=C2)Cl)Cl'"}, "time": 1746308292.051334}