{"duration": 0.4891660213470459, "input_args": {"smiles": "'CC1=C(C=NN1)C2=CC3=C(S2)C(=O)NC(=N3)C4CC5CCN4CC5'"}, "time": 1746395674.457422}