{"duration": 0.3372771739959717, "input_args": {"smiles": "'CC1=C(C(=O)C2=C(C1=O)N3CC4C(C3(C2COC(=O)NCCO)OC)N4)N'"}, "time": 1743973798.111488}