{"duration": 0.41797685623168945, "input_args": {"smiles": "'COC1=C(C=C2C(=C1)C(=NC=N2)NC3=CC(=CC=C3)Br)OC'"}, "time": 1743973606.892599}