{"duration": 0.3692307472229004, "input_args": {"smiles": "'C1CC=C(C1)C(=O)NC2=C(C=CC(=C2)C3=CC=CS3)N'"}, "time": 1743973560.607947}