{"duration": 0.3071937561035156, "input_args": {"smiles": "'CNCC1=CC=C(C=C1)C2=C3CCNC(=O)C4=C3C(=CC(=C4)F)N2'"}, "time": 1743973460.3942442}