{"duration": 0.3657259941101074, "input_args": {"smiles": "'COc1cc(Nc2ncc(F)c(Nc3ccc4OC(C)(C)C(=O)Nc4n3)n2)cc(OC)c1OC'"}, "time": 1746310009.228768}