{"duration": 0.40776705741882324, "input_args": {"smiles": "'CC[C@H]1N(C2CCCC2)c2nc(Nc3ccc(cc3OC)C(=O)NC3CCN(C)CC3)ncc2N(C)C1=O'"}, "time": 1746309838.089576}