{"duration": 0.7449460029602051, "input_args": {"smiles": "'C1CCC(CC1)NC(=O)N(CCCl)N=O'"}, "time": 1743973787.564267}