{"duration": 0.4544551372528076, "input_args": {"smiles": "'CC(=O)Nc1ccc(cc1)C(=O)Nc1ccc(F)cc1N'"}, "time": 1746309851.934641}