{"duration": 0.34348177909851074, "input_args": {"smiles": "'C1C(C(OC1N2C=NC3=C2NC=NCC3O)CO)O'"}, "time": 1746315620.728725}