{"duration": 0.3677046298980713, "input_args": {"smiles": "'CC1=CCCC(C2CC(CCC3(C(O3)CC1)C)C(=C)C(=O)O2)(C)O'"}, "time": 1743972613.357783}