{"duration": 0.5595510005950928, "input_args": {"smiles": "'Cc1c(sc(=O)n1C)-c1ccnc(Nc2ccc(cc2)N2CCNCC2)n1'"}, "time": 1746395055.574799}