{"duration": 0.3938179016113281, "input_args": {"smiles": "'CC1=CC2=C(C=C1)N=C(C3=NC=C(N23)C)NCCN'"}, "time": 1746388404.626204}