{"duration": 0.40903687477111816, "input_args": {"smiles": "'COC1=CC2=C(C=CN=C2C=C1OC)OC3=CC(=C(C=C3)NC(=O)NC4=C(C=C(C=C4)F)F)F'"}, "time": 1743973592.0479722}