{"duration": 0.45077991485595703, "input_args": {"smiles": "'NC(=O)C1C(=O)C[C@@H]2C[C@@H]3Cc4cccc(O)c4C(=O)C3C(=O)[C@]2(O)C1=O'"}, "time": 1746309881.669698}