{"duration": 0.3538548946380615, "input_args": {"smiles": "'CCN1CCN(CC1)CC2=CN=C(C=C2)NC3=NC=C(C(=N3)C4=CC5=C(C(=C4)F)N=C(N5C(C)C)C)F'"}, "time": 1743973995.3559759}