{"duration": 0.34383678436279297, "input_args": {"smiles": "'CC1=CC2=C(N1)C=CC(=C2F)OC3=NC=NN4C3=C(C(=C4)OCC(C)OC(=O)C(C)N)C'"}, "time": 1743973934.065953}