{"duration": 0.37786316871643066, "input_args": {"smiles": "'C1=CC=C(C=C1)CC(=O)NC2=NN=C(S2)CCSCCC3=NN=C(S3)NC(=O)CC4=CC=CC=C4'"}, "time": 1746308268.690006}