{"duration": 0.48089122772216797, "input_args": {"smiles": "'CN1C=C(C2=CC=CC=C21)C3=C(C(=O)NC3=O)C4=CC(=CC=C4)OCC(CO)O'"}, "time": 1746395572.35829}