{"duration": 0.41267919540405273, "input_args": {"smiles": "'CC1=C2C(=NN1)NC3=C(C=C(C=C3)C(=O)N)C(=N2)C4=CC=CC=C4F'"}, "time": 1743973966.0077288}