{"duration": 0.4033830165863037, "input_args": {"smiles": "'C1=CC=C(C=C1)C#CS(=O)(=O)N'"}, "time": 1743973653.998234}