{"duration": 0.5593490600585938, "input_args": {"smiles": "'CCOC(=O)c1c(C(=CN)C#N)c2ccc(Cl)c(Cl)c2n1C'"}, "time": 1746395120.9678578}