{"duration": 0.35750579833984375, "input_args": {"smiles": "'COC1=C2CN3C(=CC4=C(C3=O)COC(=O)C4(CC(=O)N5CCOCC5)O)C2=NC6=CC=CC=C61'"}, "time": 1746310069.361239}