{"duration": 0.4011499881744385, "input_args": {"smiles": "'CC(C)c1ccc(Cn2ccc3c2ccc2nc(NC4CC4)nc(N)c32)cc1'"}, "time": 1746388657.398913}