{"duration": 0.33748602867126465, "input_args": {"smiles": "'CCC1(C2=C(COC1=O)C(=O)N3CC4=CC5=C(C=CC=C5OC)N=C4C3=C2)O'"}, "time": 1746310057.308157}