{"duration": 0.4113962650299072, "input_args": {"smiles": "'CC1CC(C2=C(N1C(=O)C)C=CC(=C2)C3=CC=C(C=C3)C(=O)O)NC4=CC=C(C=C4)Cl'"}, "time": 1746310287.271195}