{"duration": 0.413585901260376, "input_args": {"smiles": "'CCC1(C2=C(COC1=O)C(=O)N3CC4=CC5=C(C=CC=C5N=C4C3=C2)N)O'"}, "time": 1746310088.303585}