{"duration": 0.35958027839660645, "input_args": {"smiles": "'CC1=CC2=C(C=C1C(=C)C3=CC=C(C=C3)C(=O)O)C(CCC2(C)C)(C)C'"}, "time": 1746308270.39489}