{"duration": 0.3884708881378174, "input_args": {"smiles": "'COC1=CC=C(C=C1)C2=CC=C(C=C2)C=CC(=O)NO'"}, "time": 1743973926.758323}