{"duration": 0.7840299606323242, "input_args": {"smiles": "'CS(=O)(=O)OCCCNCCCOS(=O)(=O)C.Cl'"}, "time": 1746395317.824096}