{"duration": 0.38463521003723145, "input_args": {"smiles": "'COc1ccc(NC(=O)Nc2ccc3O[C@@H](CN(C)Cc4ccc5OCOc5c4)[C@@H](C)CN([C@@H](C)CO)C(=O)c3c2)cc1'"}, "time": 1746309844.098725}