{"duration": 0.5575990676879883, "input_args": {"smiles": "'COC(=O)CNC(=O)C(=O)OC'"}, "time": 1746394871.093894}