{"duration": 0.3612480163574219, "input_args": {"smiles": "'Oc1cc(O)c2c(c1)oc(-c1cc(O)c(O)c(O)c1)c(O)c2=O'"}, "time": 1746309984.580551}