{"duration": 0.44673776626586914, "input_args": {"smiles": "'C1COCCN1C2=NC(=NC(=N2)C3=CN=C(C=C3C(F)(F)F)N)N4CCOCC4'"}, "time": 1746395641.244489}