{"duration": 0.3736870288848877, "input_args": {"smiles": "'O=c1cc(oc(c1)-c1cccc2Sc3ccccc3Sc12)N1CCOCC1'"}, "time": 1746309898.299784}