{"duration": 0.4801368713378906, "input_args": {"smiles": "'C=CC(=O)N1CCCC(C1)N2C3=NC=NC(=C3C(=N2)C4=CC=C(C=C4)OC5=CC=CC=C5)N'"}, "time": 1746395001.1107059}