{"duration": 0.4000701904296875, "input_args": {"smiles": "'CC1=C(C=CC2=C1C=C(N2CC3=CNN=C3)C#N)CN4CCC(CC4)NC5=C6C=C(SC6=NC=N5)CC(F)(F)F'"}, "time": 1746310294.0901601}