{"duration": 0.38756299018859863, "input_args": {"smiles": "'CC1=C2C=C[N+](=CC2=C(C3=C1SC4=CC=CC=C43)C)C.[I-]'"}, "time": 1743973849.107987}