{"duration": 0.38808393478393555, "input_args": {"smiles": "'CC(=O)NC1CCC2=CC(=C(C(=C2C3=CC=C(C(=O)C=C13)SC)OC)OC)O'"}, "time": 1746315646.894401}