{"duration": 0.37895798683166504, "input_args": {"smiles": "'CC1(CCCN1)C2=NC3=C(C=CC=C3N2)C(=O)N'"}, "time": 1746315725.164025}