{"duration": 0.367199182510376, "input_args": {"smiles": "'COC1=CC2=NC=CC(=C2C=C1C(=O)N)OC3=CC(=C(C=C3)NC(=O)NC4CC4)Cl'"}, "time": 1746310161.823112}