{"duration": 0.3312492370605469, "input_args": {"smiles": "'C1CN1P(=S)(N2CC2)N3CC3'"}, "time": 1746310024.509471}