{"duration": 0.5225348472595215, "input_args": {"smiles": "'CN1C=NC2=C1C=C(C(=C2F)NC3=C(C=C(C=C3)Br)F)C(=O)NOCCO'"}, "time": 1746395516.357845}