{"duration": 0.4495201110839844, "input_args": {"smiles": "'CCC1(C2=C(COC1=O)C(=O)N3CC4=C(C5=CC=CC=C5N=C4C3=C2)C=NNC(=O)C6CCCN6)O.Cl'"}, "time": 1746310115.79346}