{"duration": 0.5242578983306885, "input_args": {"smiles": "'CC1=CC(=CN=C1C2=CC(=NC=C2)C)CC(=O)NC3=NC=C(C=C3)C4=NC=CN=C4'"}, "time": 1746394904.6387599}