{"duration": 0.3724827766418457, "input_args": {"smiles": "'CC1=NN=C(O1)C2=NN=C(C=C2)N3CCC(CC3)OC4=C(C=CC(=C4)F)Cl'"}, "time": 1746388411.213023}