{"duration": 0.5860767364501953, "input_args": {"smiles": "'O=C(Cc1ccc(cn1)-c1ccc(OCCN2CCOCC2)cc1)NCc1ccccc1'"}, "time": 1746395125.5151591}