{"duration": 0.36573076248168945, "input_args": {"smiles": "'OCCn1cc(c(n1)-c1ccncc1)-c1ccc2c(CC\\\\C2=N/O)c1'"}, "time": 1746388610.340191}