{"duration": 0.4222228527069092, "input_args": {"smiles": "'CS(=O)(=O)CCNCc1ccc(o1)-c1ccc2ncnc(Nc3ccc(OCc4cccc(F)c4)c(Cl)c3)c2c1'"}, "time": 1746309979.453774}