{"duration": 0.39000701904296875, "input_args": {"smiles": "'C1COCCN1CCOC2=CC=C(C=C2)C3=CN=C(C=C3)CC(=O)NCC4=CC=CC=C4'"}, "time": 1746315740.269322}